,art_0001,art_0005,art_0010,art_0014,art_0019,art_0024,art_0028,art_0033,art_0038,art_0042,art_0047,art_0052,art_0056,art_0061,art_0066,art_0070,art_0075,art_0080,art_0084,art_0089,art_0094,art_0098,art_0103,art_0108,art_0112,art_0117,art_0122,art_0126,art_0131,art_0135,art_0140,art_0145,art_0149,art_0154,art_0159,art_0163,art_0168,art_0173,art_0177,art_0182,art_0187,art_0191,art_0196,art_0201,art_0205,art_0210,art_0215,art_0219,art_0224,art_0229,art_0233,art_0238,art_0243,art_0247,art_0252,art_0257,art_0261,art_0266,art_0270,art_0275,art_0280,art_0284,art_0289,art_0294,art_0298,art_0303,art_0308,art_0312,art_0317,art_0322,art_0326,art_0331,art_0336,art_0340,art_0345,art_0350,art_0354,art_0359,art_0364,art_0368,art_0373,art_0378,art_0382,art_0387,art_0392,art_0396,art_0401,art_0405,art_0410,art_0415,art_0419,art_0424,art_0429,art_0433,art_0438,art_0443,art_0447,art_0452,art_0457,art_0461,art_0466,art_0471,art_0475,art_0480,art_0485,art_0489,art_0494,art_0499,art_0503,art_0508,art_0513,art_0517,art_0522,art_0527,art_0531,art_0536,art_0540,art_0545,art_0550,art_0554,art_0559,art_0564,art_0568,art_0573,art_0578,art_0582,art_0587,art_0592,art_0596,art_0601,art_0606,art_0610,art_0615,art_0620,art_0624,art_0629,art_0634,art_0638,art_0643,art_0648,art_0652,art_0657,art_0662,art_0666,art_0671,art_0675,art_0680,art_0685,art_0689,art_0694,art_0699,art_0703,art_0708,art_0713,art_0717,art_0722,art_0727,art_0731,art_0736,art_0741,art_0745,art_0750,art_0755,art_0759,art_0764,art_0769,art_0773,art_0778,art_0783,art_0787,art_0792,art_0797,art_0801,art_0806,art_0810,art_0815,art_0820,art_0824,art_0829,art_0834,art_0838,art_0843,art_0848,art_0852,art_0857,art_0862,art_0866,art_0871,art_0876,art_0880,art_0885,art_0890,art_0894,art_0899,art_0904,art_0908,art_0913,art_0918,art_0922,art_0927
art_0001,1.000000,0.674996,0.595091,0.609102,0.657078,0.543007,0.687526,0.601649,0.541170,0.534668,0.526145,0.584270,0.510008,0.497656,0.290286,0.564330,0.434772,0.455750,0.533306,0.604325,0.558080,0.603196,0.668168,0.572868,0.636683,0.652012,0.555078,0.642690,0.480657,0.509930,0.541890,0.507585,0.538575,0.555742,0.556919,0.611496,0.484198,0.570781,0.569744,0.617507,0.534458,0.604463,0.465524,0.624652,0.546323,0.612017,0.487166,0.572721,0.558460,0.536592,0.503910,0.443361,0.443093,0.426922,0.443045,0.520652,0.481181,0.556764,0.621215,0.348305,0.473390,0.547094,0.622976,0.540910,0.494917,0.511108,0.547736,0.519679,0.432669,0.519691,0.626308,0.523452,0.590558,0.543837,0.622272,0.546703,0.526353,0.447158,0.524775,0.602555,0.658039,0.609079,0.627344,0.382953,0.558359,0.681884,0.505697,0.651602,0.543290,0.610888,0.483949,0.604239,0.642265,0.547867,0.633107,0.709619,0.391213,0.548803,0.509367,0.513316,0.547211,0.610750,0.585917,0.587473,0.552946,0.625349,0.387037,0.565835,0.569329,0.690779,0.483051,0.550716,0.624922,0.575002,0.592314,0.635006,0.611848,0.445429,0.428839,0.580355,0.695890,0.590261,0.558933,0.587108,0.565530,0.551838,0.604882,0.502846,0.537466,0.598166,0.535008,0.583318,0.543030,0.638807,0.518330,0.625848,0.680465,0.613534,0.696412,0.614130,0.642747,0.579907,0.518811,0.609360,0.592577,0.671968,0.658258,0.698801,0.519083,0.465726,0.560611,0.455847,0.500755,0.618384,0.602545,0.617362,0.569592,0.338385,0.652272,0.361509,0.571128,0.520231,0.431742,0.601803,0.575342,0.636864,0.510970,0.524460,0.584422,0.580462,0.448444,0.603313,0.540886,0.539029,0.471115,0.546123,0.404441,0.568787,0.495928,0.619312,0.665515,0.608447,0.553108,0.511601,0.634483,0.487869,0.528256,0.415326,0.585747,0.382508,0.657327,0.524390,0.543817,0.678553,0.663619,0.497442,0.545056,0.539874,0.615783,0.647414
art_0005,0.674996,1.000000,0.639218,0.678230,0.636383,0.627750,0.802189,0.581711,0.446165,0.509533,0.587423,0.634613,0.435113,0.487200,0.337760,0.513678,0.492196,0.438019,0.481010,0.558621,0.645255,0.638598,0.675818,0.614158,0.628311,0.667166,0.595463,0.649153,0.486644,0.451165,0.446688,0.557465,0.419507,0.507802,0.470103,0.668013,0.453493,0.648825,0.530239,0.582453,0.505908,0.681896,0.450826,0.654308,0.548604,0.713008,0.405123,0.555542,0.586074,0.529844,0.437286,0.490649,0.431830,0.384925,0.362026,0.540750,0.452294,0.516842,0.614338,0.366449,0.464656,0.559353,0.640414,0.467751,0.528392,0.581087,0.564327,0.451869,0.355617,0.484597,0.581245,0.465436,0.577400,0.560158,0.667360,0.430732,0.536809,0.535541,0.509844,0.542939,0.575416,0.722490,0.692298,0.380211,0.543984,0.669427,0.453964,0.690164,0.490522,0.588161,0.475421,0.621908,0.689005,0.483367,0.525550,0.713775,0.402930,0.582638,0.517457,0.577158,0.578226,0.665259,0.547797,0.519026,0.598935,0.649182,0.380029,0.505784,0.593933,0.669303,0.432711,0.702219,0.658199,0.464197,0.555223,0.668391,0.653784,0.444377,0.526238,0.654078,0.749258,0.717932,0.468361,0.611541,0.606081,0.563369,0.687046,0.477236,0.485524,0.641947,0.655506,0.505538,0.563423,0.641328,0.536171,0.597447,0.771926,0.546042,0.644667,0.652915,0.717388,0.606115,0.556741,0.652871,0.590215,0.608660,0.684135,0.674023,0.469137,0.520796,0.480706,0.455890,0.541723,0.610220,0.564521,0.612948,0.519483,0.340743,0.620988,0.366674,0.522501,0.460858,0.487797,0.653367,0.575003,0.699050,0.509459,0.480966,0.659559,0.588229,0.465706,0.704597,0.525119,0.618027,0.364929,0.647021,0.389347,0.588731,0.502512,0.558537,0.632345,0.626737,0.595814,0.505252,0.685686,0.481822,0.504249,0.423110,0.571679,0.419632,0.644124,0.460948,0.523026,0.703163,0.685934,0.545086,0.621983,0.507421,0.632949,0.702980
art_0010,0.595091,0.639218,1.000000,0.607045,0.558033,0.559366,0.628974,0.696046,0.572815,0.589417,0.593359,0.619495,0.468481,0.565821,0.417478,0.518427,0.487442,0.521711,0.554655,0.528271,0.604004,0.643379,0.662126,0.596200,0.669611,0.580203,0.582836,0.573717,0.558207,0.506294,0.594497,0.598904,0.457954,0.572215,0.458437,0.593805,0.528814,0.670910,0.617621,0.572817,0.593480,0.566937,0.546902,0.587971,0.632581,0.734411,0.437468,0.550647,0.500371,0.611706,0.526458,0.422680,0.454305,0.562251,0.458955,0.606367,0.534759,0.552170,0.596413,0.470065,0.532092,0.482723,0.602646,0.530612,0.622931,0.636376,0.592391,0.505625,0.420003,0.630646,0.544183,0.517260,0.705685,0.590903,0.653736,0.530562,0.612192,0.546575,0.575857,0.554295,0.618390,0.625123,0.676656,0.420972,0.572829,0.590002,0.561651,0.647859,0.570968,0.533555,0.609375,0.641928,0.673910,0.515197,0.583497,0.679453,0.469369,0.547546,0.617387,0.522296,0.630623,0.647342,0.581798,0.588458,0.571511,0.550645,0.384067,0.485491,0.547542,0.673088,0.446178,0.606864,0.620797,0.611496,0.574480,0.678508,0.531207,0.577402,0.409902,0.534236,0.643096,0.594780,0.472555,0.531974,0.594438,0.533822,0.611966,0.530208,0.525254,0.643781,0.538905,0.549230,0.594273,0.598716,0.581604,0.560342,0.688415,0.622691,0.612723,0.561605,0.615276,0.553712,0.666609,0.603197,0.645923,0.648847,0.612091,0.625650,0.542990,0.663140,0.554605,0.526966,0.580105,0.640720,0.547306,0.525357,0.619667,0.447372,0.634753,0.396067,0.551051,0.486461,0.640562,0.609973,0.642865,0.576311,0.607381,0.511002,0.634433,0.597582,0.546454,0.546970,0.582523,0.559434,0.454406,0.536376,0.466842,0.498861,0.578758,0.578096,0.657561,0.617318,0.561278,0.599482,0.631681,0.608289,0.561075,0.453512,0.589022,0.411220,0.612494,0.602016,0.546241,0.649864,0.633407,0.568912,0.599600,0.586451,0.544170,0.626241
art_0014,0.609102,0.678230,0.607045,1.000000,0.602372,0.697683,0.667548,0.573504,0.553913,0.669431,0.488599,0.734573,0.533808,0.639946,0.438987,0.565295,0.651830,0.580505,0.502699,0.613372,0.719393,0.767889,0.683366,0.584800,0.747923,0.623037,0.714909,0.785004,0.615910,0.563643,0.594293,0.642562,0.562484,0.582620,0.631000,0.768405,0.628415,0.677817,0.730438,0.649210,0.651695,0.811787,0.608335,0.731644,0.628047,0.665448,0.458728,0.734993,0.626512,0.547890,0.601736,0.631593,0.636844,0.522608,0.549323,0.687173,0.575158,0.672031,0.804328,0.476964,0.532216,0.670573,0.585436,0.555403,0.550005,0.639015,0.636364,0.545604,0.480129,0.611341,0.623733,0.660383,0.623000,0.576730,0.677460,0.536530,0.651260,0.510946,0.621624,0.538526,0.794984,0.683397,0.622169,0.497454,0.701482,0.672156,0.635257,0.687270,0.535188,0.728904,0.581380,0.666630,0.637071,0.401768,0.611406,0.728508,0.573040,0.784308,0.681546,0.719478,0.605958,0.786811,0.659117,0.717684,0.750615,0.750349,0.552653,0.647466,0.733654,0.678685,0.567199,0.646815,0.662214,0.604017,0.686227,0.684311,0.827307,0.646969,0.574689,0.724842,0.645456,0.679503,0.662750,0.767119,0.658049,0.645334,0.700355,0.476220,0.676951,0.608724,0.767466,0.657913,0.581525,0.563932,0.781922,0.679540,0.756387,0.777282,0.693999,0.763557,0.665902,0.656400,0.556903,0.690759,0.728772,0.748090,0.770580,0.693636,0.623281,0.540982,0.670447,0.600511,0.614302,0.723821,0.710901,0.576899,0.643957,0.511114,0.701270,0.511677,0.694668,0.599370,0.411175,0.732226,0.629647,0.809647,0.708673,0.641799,0.656618,0.763015,0.627325,0.739421,0.607666,0.660858,0.485282,0.715483,0.538624,0.715996,0.606272,0.707862,0.732007,0.763263,0.681087,0.615486,0.777142,0.707223,0.645617,0.592556,0.714975,0.411323,0.621579,0.577702,0.651362,0.777614,0.826455,0.563819,0.629565,0.605417,0.815639,0.727449
art_0019,0.657078,0.636383,0.558033,0.602372,1.000000,0.541991,0.595522,0.577144,0.527948,0.503603,0.605622,0.558880,0.488153,0.512956,0.375483,0.519999,0.515187,0.432155,0.577267,0.465853,0.586719,0.563247,0.656803,0.570239,0.595652,0.601976,0.526292,0.575440,0.484611,0.456266,0.548403,0.538753,0.445911,0.470521,0.438314,0.507526,0.491268,0.504767,0.460122,0.586526,0.483819,0.569890,0.493327,0.549088,0.629707,0.571195,0.375884,0.413520,0.498878,0.558434,0.522576,0.444341,0.506871,0.413043,0.411891,0.623301,0.466877,0.478761,0.535233,0.500198,0.524136,0.502442,0.551797,0.514433,0.437579,0.618251,0.514755,0.463780,0.432587,0.476890,0.554365,0.495909,0.552932,0.476762,0.492956,0.462104,0.514806,0.498773,0.528783,0.642599,0.567228,0.608378,0.549382,0.384149,0.443731,0.537558,0.510080,0.629139,0.497079,0.466473,0.485737,0.554588,0.586242,0.556756,0.586220,0.640944,0.424461,0.568269,0.500855,0.523450,0.601686,0.606790,0.525868,0.511134,0.558518,0.500650,0.359646,0.518271,0.521303,0.576661,0.448606,0.557140,0.625207,0.497573,0.459879,0.573611,0.568859,0.441627,0.441388,0.488881,0.634847,0.593275,0.446098,0.470828,0.547225,0.498639,0.582509,0.480442,0.529758,0.604416,0.539794,0.474331,0.495277,0.566016,0.489003,0.604685,0.676750,0.549450,0.525804,0.551288,0.566900,0.504112,0.500687,0.581720,0.531251,0.549923,0.602657,0.534531,0.489957,0.567369,0.487410,0.456008,0.564034,0.590143,0.498434,0.514295,0.475621,0.388907,0.572407,0.400866,0.587542,0.439820,0.419766,0.515401,0.537030,0.560659,0.531552,0.477411,0.608383,0.538464,0.487206,0.555271,0.459710,0.553856,0.405172,0.524957,0.437118,0.428387,0.524217,0.556502,0.558273,0.565417,0.576930,0.538728,0.595170,0.494594,0.446566,0.358741,0.535158,0.427214,0.615569,0.415944,0.543060,0.588175,0.574704,0.495909,0.440332,0.560404,0.531811,0.578758
art_0024,0.543007,0.627750,0.559366,0.697683,0.541991,1.000000,0.634773,0.525719,0.427041,0.522361,0.435975,0.721553,0.607301,0.581490,0.472924,0.510268,0.558260,0.555274,0.450233,0.521325,0.665148,0.635412,0.611742,0.480244,0.681387,0.591130,0.612271,0.620187,0.523182,0.487536,0.526002,0.631824,0.501110,0.563531,0.506329,0.698208,0.580106,0.619565,0.544437,0.554436,0.587266,0.694699,0.630548,0.691997,0.512866,0.653372,0.336371,0.681746,0.656127,0.507404,0.524345,0.510775,0.516381,0.499317,0.565930,0.627122,0.544403,0.553327,0.692117,0.460062,0.471683,0.610724,0.541594,0.512363,0.599405,0.558391,0.614560,0.623985,0.549664,0.596807,0.644412,0.575900,0.541532,0.572898,0.620213,0.435331,0.591422,0.594166,0.564981,0.497595,0.655864,0.644092,0.612104,0.471107,0.649078,0.601173,0.588796,0.606740,0.537752,0.657013,0.490540,0.607373,0.615475,0.390346,0.466060,0.648891,0.599391,0.673602,0.529949,0.597452,0.548791,0.694119,0.566051,0.596152,0.668063,0.636200,0.402684,0.661143,0.673451,0.615094,0.523498,0.666897,0.589176,0.547362,0.647030,0.622839,0.699735,0.562168,0.628802,0.654724,0.588705,0.713722,0.537338,0.681278,0.528274,0.569687,0.673084,0.487459,0.508371,0.533541,0.662948,0.498366,0.509707,0.516170,0.593282,0.615714,0.682976,0.577993,0.523375,0.701137,0.629300,0.619942,0.544264,0.544705,0.668693,0.622536,0.657616,0.615825,0.536275,0.548540,0.545135,0.604007,0.558549,0.645051,0.608237,0.595879,0.541098,0.522437,0.606458,0.479598,0.548324,0.447217,0.427537,0.611127,0.551301,0.767368,0.574168,0.497458,0.636259,0.739217,0.597428,0.681644,0.532170,0.676482,0.409296,0.649588,0.557407,0.533583,0.536497,0.586608,0.627641,0.639836,0.683668,0.529115,0.702407,0.574348,0.544885,0.536068,0.574658,0.502141,0.531652,0.499632,0.576247,0.657212,0.720349,0.555040,0.573952,0.595737,0.685130,0.698475
art_0028,0.687526,0.802189,0.628974,0.667548,0.595522,0.634773,1.000000,0.578186,0.470348,0.547537,0.619050,0.649846,0.468820,0.537821,0.315192,0.521593,0.491909,0.480916,0.497893,0.561280,0.638445,0.700615,0.695805,0.584905,0.689723,0.678111,0.632902,0.676410,0.554696,0.476988,0.540925,0.633311,0.451937,0.572877,0.526628,0.670306,0.458232,0.658115,0.563715,0.575102,0.526993,0.665250,0.480719,0.703454,0.589742,0.742795,0.423517,0.587821,0.553126,0.561709,0.460999,0.481124,0.467479,0.422342,0.426753,0.572956,0.489114,0.603908,0.628739,0.335189,0.401139,0.580008,0.665481,0.474703,0.541661,0.561113,0.589837,0.492844,0.368242,0.515426,0.609029,0.544085,0.621291,0.599729,0.676542,0.455542,0.551768,0.525052,0.559189,0.535768,0.679091,0.678865,0.673467,0.434112,0.584474,0.648221,0.510199,0.724355,0.538692,0.613243,0.495374,0.652384,0.714964,0.494411,0.538455,0.756743,0.416946,0.609130,0.573805,0.646886,0.640918,0.679665,0.599571,0.598353,0.614672,0.695737,0.376682,0.541628,0.613697,0.749289,0.422837,0.659864,0.651174,0.543010,0.605505,0.704615,0.645675,0.469189,0.575489,0.675246,0.765140,0.785490,0.541755,0.582483,0.596167,0.586248,0.682745,0.500252,0.507211,0.670435,0.645037,0.591113,0.586886,0.699462,0.586720,0.628786,0.768876,0.629431,0.649412,0.674771,0.709247,0.596061,0.593464,0.635676,0.618130,0.670755,0.726326,0.669270,0.530602,0.505087,0.544636,0.454494,0.563861,0.668096,0.581000,0.632422,0.589892,0.367415,0.635655,0.411028,0.563752,0.454483,0.457248,0.652569,0.593730,0.686854,0.561618,0.513903,0.678632,0.619193,0.497110,0.697716,0.506075,0.569488,0.372539,0.630513,0.441132,0.620871,0.540295,0.601454,0.690754,0.651254,0.617572,0.533350,0.685216,0.527342,0.540022,0.477716,0.616643,0.440542,0.664515,0.480319,0.545127,0.764670,0.686943,0.572524,0.630804,0.579232,0.659285,0.724394
art_0033,0.601649,0.581711,0.696046,0.573504,0.577144,0.525719,0.578186,1.000000,0.640468,0.647103,0.603801,0.604553,0.542647,0.567720,0.361441,0.617712,0.379245,0.572556,0.561424,0.586415,0.569173,0.636345,0.655419,0.587308,0.619437,0.646152,0.553957,0.583840,0.580127,0.586637,0.581372,0.571012,0.455191,0.614798,0.462203,0.609547,0.577834,0.581448,0.530040,0.632989,0.510402,0.546954,0.528952,0.556635,0.607313,0.644766,0.479468,0.477904,0.450467,0.587048,0.505963,0.378303,0.458155,0.599539,0.434846,0.560491,0.564731,0.600222,0.558990,0.485346,0.545100,0.429071,0.598593,0.457058,0.586570,0.685260,0.622308,0.555937,0.414963,0.587934,0.586365,0.494358,0.714204,0.589976,0.555734,0.557528,0.659621,0.535621,0.552916,0.579937,0.576578,0.622689,0.663706,0.466901,0.545424,0.593974,0.554399,0.622284,0.565851,0.498693,0.585476,0.587385,0.661783,0.657022,0.635955,0.627848,0.526686,0.519676,0.664268,0.500950,0.625505,0.597749,0.568458,0.575048,0.575014,0.539288,0.434125,0.533755,0.523240,0.650285,0.457778,0.600721,0.555103,0.637572,0.611315,0.626423,0.501122,0.576632,0.416800,0.515615,0.643446,0.559616,0.584094,0.553701,0.641736,0.575232,0.584220,0.597371,0.572388,0.572761,0.480474,0.533892,0.586008,0.650694,0.530680,0.600727,0.619149,0.604462,0.628579,0.550787,0.564358,0.576785,0.601741,0.658325,0.645873,0.633231,0.584761,0.604185,0.560477,0.686797,0.549861,0.506941,0.586596,0.578151,0.569281,0.509484,0.625412,0.411548,0.661292,0.423947,0.594636,0.520772,0.655857,0.584840,0.705423,0.540399,0.599857,0.543818,0.587922,0.573646,0.545304,0.539449,0.625829,0.539025,0.492929,0.501883,0.446023,0.490392,0.588400,0.533796,0.580645,0.585344,0.560623,0.692611,0.598610,0.546444,0.535751,0.480561,0.619638,0.436892,0.606603,0.630409,0.552113,0.630589,0.596460,0.584608,0.604663,0.560647,0.526072,0.565190
art_0038,0.541170,0.446165,0.572815,0.553913,0.527948,0.427041,0.470348,0.640468,1.000000,0.589685,0.449085,0.502456,0.453289,0.616074,0.349329,0.553701,0.351879,0.491735,0.638719,0.516789,0.505489,0.549909,0.554593,0.459455,0.589731,0.575648,0.533214,0.496134,0.579682,0.593519,0.571527,0.465845,0.494576,0.598568,0.397218,0.497875,0.501517,0.442218,0.493682,0.579705,0.505775,0.435122,0.453036,0.470738,0.632015,0.540387,0.409347,0.452561,0.425197,0.583542,0.478128,0.340448,0.450243,0.557156,0.394702,0.555634,0.470868,0.442838,0.483441,0.482557,0.547140,0.320155,0.575664,0.423103,0.557496,0.686055,0.507328,0.523597,0.380061,0.577246,0.511961,0.504444,0.638392,0.586361,0.407723,0.487072,0.524189,0.469378,0.535900,0.535848,0.572981,0.571820,0.488648,0.445894,0.519856,0.538898,0.526125,0.535744,0.558641,0.420485,0.526045,0.511924,0.535764,0.588249,0.682588,0.584119,0.381326,0.481684,0.607947,0.406279,0.592092,0.585653,0.522856,0.534109,0.405755,0.450332,0.381964,0.437689,0.448737,0.571976,0.445415,0.473327,0.523113,0.587605,0.498775,0.510641,0.429442,0.486567,0.324925,0.436337,0.559416,0.458448,0.527915,0.472969,0.526603,0.467161,0.558618,0.517946,0.550466,0.615935,0.483473,0.456489,0.526154,0.508662,0.516219,0.566501,0.510860,0.579021,0.505858,0.444876,0.457015,0.389544,0.517225,0.508643,0.621996,0.621946,0.519795,0.551891,0.502504,0.608163,0.541116,0.422739,0.564089,0.512685,0.474991,0.496650,0.596482,0.353691,0.666153,0.465701,0.573370,0.451912,0.521281,0.497946,0.581230,0.435492,0.500039,0.420749,0.516473,0.489592,0.492323,0.407738,0.506736,0.506445,0.448944,0.383689,0.463474,0.352756,0.549818,0.440908,0.601535,0.563691,0.490712,0.669239,0.499475,0.530739,0.548974,0.427124,0.433618,0.367233,0.571349,0.592258,0.479566,0.448392,0.512682,0.531490,0.527900,0.504215,0.467278,0.428952
art_0042,0.534668,0.509533,0.589417,0.669431,0.503603,0.522361,0.547537,0.647103,0.589685,1.000000,0.539588,0.595882,0.517531,0.597953,0.406146,0.588519,0.557481,0.517316,0.567499,0.509816,0.651667,0.693637,0.598577,0.542153,0.715801,0.556058,0.597715,0.672555,0.664458,0.602250,0.645862,0.570874,0.568590,0.606499,0.553554,0.626719,0.573148,0.473224,0.615048,0.568898,0.645927,0.568400,0.520879,0.594381,0.651753,0.627198,0.505845,0.534850,0.481424,0.541420,0.544436,0.387106,0.556445,0.575568,0.429629,0.593017,0.669273,0.673474,0.586695,0.495378,0.525441,0.501327,0.574002,0.556495,0.499980,0.648447,0.666523,0.571373,0.510417,0.614125,0.539186,0.623947,0.636164,0.582843,0.541963,0.542812,0.692478,0.474897,0.702690,0.466512,0.715928,0.528508,0.571082,0.475947,0.509811,0.523661,0.605023,0.585811,0.473181,0.555439,0.639132,0.572147,0.554145,0.525558,0.643844,0.577931,0.522404,0.648913,0.735989,0.547597,0.641396,0.636579,0.599853,0.688154,0.628552,0.574652,0.517551,0.493839,0.592891,0.656716,0.572271,0.606859,0.634705,0.591695,0.620494,0.626557,0.592207,0.635911,0.398686,0.562404,0.635798,0.554454,0.617794,0.546978,0.689152,0.515343,0.613043,0.508860,0.642498,0.616885,0.610950,0.594381,0.586352,0.539597,0.625751,0.617729,0.622935,0.711361,0.620030,0.617118,0.459324,0.555178,0.547147,0.611105,0.642308,0.677810,0.601685,0.574005,0.662670,0.603351,0.701542,0.486749,0.545792,0.624621,0.623594,0.463355,0.666520,0.496786,0.686070,0.461574,0.661568,0.562614,0.494638,0.567432,0.653627,0.583145,0.692991,0.652391,0.544878,0.616695,0.688753,0.572368,0.604638,0.585570,0.568759,0.462072,0.550528,0.460584,0.677405,0.642346,0.686498,0.652140,0.550164,0.687620,0.638512,0.639897,0.652459,0.543119,0.679257,0.372757,0.609718,0.576411,0.633744,0.572567,0.647077,0.594872,0.545011,0.559753,0.621514,0.599389
art_0047,0.526145,0.587423,0.593359,0.488599,0.605622,0.435975,0.619050,0.603801,0.449085,0.539588,1.000000,0.530854,0.455158,0.542909,0.344643,0.506356,0.441005,0.467896,0.490467,0.485140,0.527044,0.588215,0.570546,0.475917,0.616571,0.553369,0.504452,0.506319,0.496895,0.489700,0.553155,0.492086,0.436616,0.533488,0.443245,0.491954,0.467530,0.485800,0.449114,0.521285,0.494238,0.554260,0.449730,0.564789,0.623000,0.616446,0.479013,0.412017,0.397220,0.532083,0.479408,0.318085,0.449087,0.431680,0.327276,0.517969,0.500212,0.564970,0.482066,0.396017,0.427549,0.446417,0.548810,0.476791,0.530505,0.573126,0.581600,0.509063,0.357883,0.518937,0.472646,0.472674,0.582895,0.553040,0.539685,0.485112,0.579935,0.498207,0.572410,0.526254,0.554283,0.531305,0.639084,0.379842,0.485476,0.483866,0.521875,0.611719,0.506749,0.461535,0.546568,0.521868,0.587890,0.526196,0.533380,0.507006,0.474506,0.521397,0.553993,0.490414,0.669016,0.547786,0.514586,0.514863,0.530825,0.511607,0.370016,0.440586,0.469387,0.571313,0.436474,0.539175,0.582909,0.608181,0.491101,0.598617,0.438145,0.491475,0.338030,0.480227,0.607828,0.544225,0.464365,0.467194,0.521038,0.496043,0.549466,0.546095,0.502742,0.599630,0.487221,0.565240,0.593261,0.596059,0.486074,0.541654,0.564289,0.534671,0.550794,0.495249,0.460598,0.482368,0.542290,0.528665,0.501304,0.596128,0.507283,0.553351,0.564103,0.563526,0.557264,0.487458,0.494287,0.521292,0.497842,0.478030,0.551190,0.364348,0.582700,0.363027,0.529386,0.419049,0.545509,0.505900,0.598673,0.489653,0.569762,0.516581,0.572122,0.539112,0.499524,0.565018,0.487062,0.446082,0.404293,0.430062,0.452982,0.407098,0.565046,0.478465,0.585804,0.535256,0.537180,0.522510,0.543722,0.502568,0.528613,0.466358,0.528380,0.360345,0.550328,0.523328,0.484986,0.583337,0.525179,0.574288,0.510031,0.566202,0.504785,0.581276
art_0052,0.584270,0.634613,0.619495,0.734573,0.558880,0.721553,0.649846,0.604553,0.502456,0.595882,0.530854,1.000000,0.544133,0.661990,0.547577,0.514820,0.577674,0.604865,0.535015,0.517397,0.677927,0.658692,0.676605,0.553599,0.755400,0.566340,0.600989,0.660922,0.539790,0.547678,0.636459,0.610617,0.541982,0.639509,0.626733,0.780571,0.614431,0.733421,0.573572,0.628549,0.611342,0.722916,0.641421,0.639256,0.586043,0.619357,0.462883,0.634328,0.623090,0.514214,0.543865,0.503305,0.552433,0.548924,0.468426,0.643558,0.565030,0.616221,0.662157,0.457438,0.534173,0.671462,0.553753,0.604048,0.696405,0.651644,0.668569,0.579845,0.555888,0.660871,0.623686,0.589530,0.628667,0.693708,0.736723,0.568868,0.673992,0.622066,0.587877,0.541773,0.722665,0.699427,0.652200,0.485475,0.691339,0.623992,0.576870,0.626372,0.490360,0.685858,0.600077,0.684736,0.687886,0.438830,0.546749,0.704002,0.584991,0.676737,0.607778,0.686520,0.669289,0.731424,0.573575,0.624984,0.683977,0.694483,0.471063,0.609254,0.631455,0.662246,0.640960,0.669722,0.675124,0.708647,0.678379,0.694595,0.664359,0.584471,0.634472,0.653111,0.583599,0.657977,0.596441,0.675513,0.570331,0.603769,0.717138,0.536991,0.632190,0.576107,0.691773,0.650618,0.577828,0.594867,0.656919,0.634316,0.735559,0.647002,0.600731,0.695806,0.677303,0.606062,0.560854,0.653537,0.716292,0.672808,0.631815,0.669487,0.631017,0.687377,0.665509,0.642960,0.608993,0.633417,0.656298,0.586142,0.584174,0.462659,0.701336,0.477195,0.620261,0.501983,0.592321,0.686759,0.585006,0.723541,0.683148,0.577222,0.655838,0.732512,0.587181,0.682823,0.578423,0.697136,0.557075,0.614557,0.546762,0.563588,0.611834,0.673574,0.674858,0.685543,0.715764,0.635886,0.711448,0.572681,0.571966,0.568261,0.639729,0.494733,0.602545,0.691607,0.617635,0.693146,0.706219,0.601174,0.619810,0.678204,0.655620,0.762684
art_0056,0.510008,0.435113,0.468481,0.533808,0.488153,0.607301,0.468820,0.542647,0.453289,0.517531,0.455158,0.544133,1.000000,0.489272,0.457084,0.484779,0.473736,0.497325,0.531489,0.495427,0.552091,0.524748,0.542216,0.457217,0.550563,0.532047,0.529964,0.513751,0.451986,0.506560,0.542184,0.548294,0.485432,0.566774,0.529060,0.528521,0.554051,0.431437,0.444402,0.538632,0.499495,0.519132,0.566794,0.584482,0.500807,0.509380,0.417637,0.514794,0.550256,0.499900,0.482644,0.482656,0.515332,0.455990,0.492009,0.586875,0.587545,0.532965,0.545295,0.509590,0.460027,0.465500,0.427219,0.494062,0.446320,0.520773,0.540295,0.651102,0.569911,0.504941,0.525797,0.511242,0.515596,0.475584,0.462405,0.444623,0.585994,0.532697,0.518962,0.531137,0.536318,0.507532,0.558809,0.482992,0.497637,0.521071,0.566349,0.564069,0.565292,0.545789,0.520945,0.540121,0.554907,0.470151,0.521121,0.524598,0.541609,0.561843,0.555762,0.507902,0.531314,0.575740,0.511309,0.528005,0.525559,0.496108,0.450322,0.615915,0.472946,0.602045,0.504189,0.523666,0.482089,0.568295,0.557584,0.443366,0.510368,0.567917,0.439661,0.535041,0.548542,0.504208,0.563367,0.542292,0.536667,0.502019,0.546611,0.517968,0.531285,0.506300,0.469412,0.483944,0.498924,0.455516,0.472636,0.520475,0.543782,0.484174,0.534617,0.522590,0.463145,0.566143,0.480751,0.476851,0.602340,0.598668,0.510993,0.505144,0.575467,0.545089,0.504291,0.584512,0.476720,0.578881,0.572393,0.533730,0.536878,0.486175,0.563354,0.424443,0.552858,0.534747,0.403538,0.479425,0.499355,0.548933,0.560869,0.522833,0.557299,0.613726,0.521326,0.451347,0.517516,0.513823,0.471610,0.495062,0.494904,0.413024,0.494571,0.547248,0.605383,0.525384,0.545954,0.530359,0.580689,0.509100,0.570634,0.499049,0.539318,0.463144,0.515643,0.497227,0.521359,0.532562,0.552940,0.506515,0.422094,0.589587,0.539669,0.510010
art_0061,0.497656,0.487200,0.565821,0.639946,0.512956,0.581490,0.537821,0.567720,0.616074,0.597953,0.542909,0.661990,0.489272,1.000000,0.483374,0.506604,0.479299,0.591521,0.536549,0.473507,0.618560,0.604691,0.640853,0.510640,0.692932,0.637248,0.604677,0.523302,0.594575,0.551870,0.629392,0.559140,0.558239,0.604470,0.491243,0.605872,0.626103,0.582586,0.579761,0.627325,0.531024,0.619011,0.544300,0.592107,0.616702,0.606869,0.533516,0.539855,0.523751,0.534807,0.522265,0.421377,0.495613,0.595953,0.443229,0.613396,0.556767,0.590802,0.603402,0.510834,0.533722,0.513025,0.572769,0.534959,0.594284,0.682927,0.608590,0.609576,0.498874,0.638101,0.619923,0.595540,0.652241,0.649937,0.582374,0.538308,0.621712,0.596289,0.607523,0.507885,0.660818,0.616658,0.611496,0.528974,0.593865,0.569057,0.641009,0.610285,0.615636,0.560277,0.664989,0.630413,0.649398,0.423715,0.564497,0.596253,0.589233,0.618970,0.649080,0.551067,0.607881,0.700975,0.523961,0.555341,0.572471,0.549751,0.503803,0.539677,0.527639,0.594452,0.584392,0.553556,0.663993,0.630998,0.573903,0.584789,0.525721,0.601710,0.425987,0.524866,0.561835,0.579881,0.571179,0.555488,0.501120,0.557824,0.624404,0.599632,0.550534,0.557760,0.570870,0.536620,0.564027,0.538194,0.564026,0.620318,0.592165,0.614553,0.501657,0.556517,0.506631,0.513315,0.629449,0.466414,0.624563,0.616219,0.537735,0.536877,0.605358,0.605757,0.662368,0.541950,0.569529,0.578064,0.579178,0.544513,0.625222,0.473670,0.665353,0.501268,0.594929,0.529853,0.577134,0.590397,0.583360,0.581484,0.610722,0.561639,0.649232,0.660073,0.565784,0.560425,0.592711,0.572009,0.512365,0.494189,0.629749,0.428361,0.604447,0.567327,0.609905,0.655985,0.616290,0.624590,0.570138,0.594279,0.580641,0.589799,0.570103,0.446150,0.589880,0.643665,0.572394,0.563808,0.604581,0.648281,0.564059,0.641130,0.589621,0.605498
art_0066,0.290286,0.337760,0.417478,0.438987,0.375483,0.472924,0.315192,0.361441,0.349329,0.406146,0.344643,0.547577,0.457084,0.483374,1.000000,0.353490,0.412085,0.408428,0.329060,0.337753,0.498375,0.395288,0.440516,0.281552,0.469187,0.340192,0.332289,0.379445,0.352155,0.373952,0.419424,0.355347,0.473100,0.373628,0.412684,0.446526,0.434752,0.426004,0.346678,0.385144,0.446755,0.465919,0.520975,0.449091,0.362117,0.354073,0.311662,0.432248,0.451666,0.291958,0.338180,0.325370,0.359930,0.420585,0.382048,0.532870,0.362792,0.392591,0.366515,0.400509,0.350647,0.376367,0.259157,0.514984,0.465284,0.489361,0.459738,0.557733,0.528874,0.518893,0.445568,0.414335,0.382339,0.376309,0.363149,0.361082,0.423699,0.451200,0.406157,0.412205,0.435493,0.452384,0.372395,0.533930,0.453586,0.296760,0.440424,0.369117,0.344002,0.411911,0.430629,0.392994,0.410002,0.264726,0.347037,0.378774,0.464951,0.461725,0.474553,0.405617,0.422550,0.516583,0.402814,0.408245,0.449184,0.405218,0.479200,0.444290,0.368882,0.388851,0.514332,0.464319,0.441239,0.450323,0.415192,0.375740,0.392747,0.486268,0.370766,0.494478,0.350684,0.347735,0.425723,0.396224,0.342057,0.352695,0.443818,0.294399,0.444236,0.351947,0.426699,0.416909,0.375835,0.281898,0.393688,0.347576,0.409827,0.402477,0.350266,0.431905,0.374269,0.440661,0.400787,0.376617,0.400016,0.417515,0.409506,0.341770,0.481410,0.520614,0.455307,0.527126,0.355429,0.380526,0.464774,0.435488,0.368925,0.412078,0.440653,0.423548,0.396096,0.387599,0.382547,0.396378,0.301560,0.470436,0.531203,0.394682,0.434158,0.458973,0.434835,0.411014,0.458793,0.501838,0.442280,0.395065,0.418243,0.273504,0.408240,0.434953,0.420027,0.394891,0.392522,0.410975,0.416149,0.406396,0.396617,0.489903,0.442526,0.386459,0.409177,0.477589,0.415176,0.359204,0.380505,0.355878,0.281153,0.427239,0.392165,0.413526
art_0070,0.564330,0.513678,0.518427,0.565295,0.519999,0.510268,0.521593,0.617712,0.553701,0.588519,0.506356,0.514820,0.484779,0.506604,0.353490,1.000000,0.382883,0.555962,0.516995,0.555534,0.562760,0.645106,0.611961,0.444427,0.606773,0.584559,0.534967,0.542651,0.571614,0.610378,0.578066,0.449865,0.511819,0.580446,0.497890,0.543277,0.575621,0.442959,0.506107,0.535952,0.568019,0.528860,0.482287,0.532133,0.616806,0.582509,0.472955,0.484342,0.494426,0.550426,0.510729,0.398859,0.484817,0.533423,0.486923,0.581537,0.562194,0.587986,0.568501,0.484851,0.552519,0.389616,0.509219,0.460021,0.503836,0.604866,0.610576,0.574094,0.441424,0.587981,0.552704,0.548015,0.569256,0.558756,0.449941,0.514657,0.586720,0.486679,0.565495,0.579909,0.550026,0.536893,0.592601,0.435975,0.502704,0.538382,0.586821,0.579844,0.595012,0.524893,0.565641,0.520270,0.608608,0.567395,0.552403,0.552374,0.517170,0.521802,0.639156,0.493675,0.583580,0.643465,0.621120,0.611060,0.557135,0.541449,0.471624,0.531354,0.539467,0.609246,0.498944,0.594768,0.491383,0.575848,0.543487,0.543506,0.578868,0.582132,0.338878,0.521575,0.579262,0.516913,0.572041,0.557998,0.545949,0.535479,0.626858,0.511317,0.589516,0.526153,0.503801,0.520380,0.579939,0.576504,0.545263,0.596052,0.581731,0.573166,0.551148,0.560191,0.498259,0.509949,0.591276,0.543652,0.624601,0.638662,0.579837,0.541211,0.619131,0.541416,0.554927,0.535632,0.548969,0.544515,0.615595,0.579565,0.609771,0.505496,0.563277,0.451024,0.597534,0.526709,0.493773,0.521420,0.610671,0.564351,0.623299,0.567796,0.570794,0.558690,0.564227,0.517375,0.591161,0.554687,0.490246,0.531469,0.514113,0.437895,0.590677,0.522687,0.572488,0.606300,0.551320,0.537832,0.613316,0.619958,0.617150,0.576628,0.560333,0.472282,0.543557,0.513724,0.546948,0.570122,0.552418,0.590491,0.534669,0.597719,0.559234,0.529697
art_0075,0.434772,0.492196,0.487442,0.651830,0.515187,0.558260,0.491909,0.379245,0.351879,0.557481,0.441005,0.577674,0.473736,0.479299,0.412085,0.382883,1.000000,0.500688,0.389789,0.375630,0.563582,0.555109,0.579884,0.382009,0.589148,0.438379,0.463731,0.591391,0.491648,0.403864,0.517277,0.506926,0.444905,0.459719,0.496906,0.476936,0.518905,0.402350,0.565011,0.418208,0.609979,0.542609,0.593062,0.499687,0.528064,0.574368,0.397541,0.493704,0.431178,0.413994,0.508224,0.456820,0.588569,0.442530,0.403296,0.643795,0.544545,0.533470,0.537897,0.523971,0.437678,0.569574,0.459364,0.663542,0.427456,0.568398,0.604144,0.466932,0.574664,0.579188,0.484195,0.663632,0.472522,0.388851,0.506954,0.502632,0.515778,0.316832,0.650033,0.537732,0.620789,0.415956,0.526720,0.346839,0.468829,0.454451,0.508228,0.524109,0.338425,0.452341,0.523949,0.481253,0.492289,0.312118,0.430865,0.485121,0.496214,0.587336,0.498219,0.554336,0.485116,0.600466,0.532134,0.502581,0.554640,0.523363,0.414267,0.514535,0.514138,0.561987,0.591222,0.529578,0.595879,0.490926,0.468974,0.485977,0.602271,0.497176,0.397985,0.441392,0.515574,0.508192,0.435808,0.499236,0.471342,0.328059,0.551155,0.302145,0.530206,0.520336,0.618115,0.562255,0.491877,0.378037,0.578037,0.498617,0.591261,0.547416,0.503386,0.541977,0.398153,0.441647,0.469480,0.468944,0.517194,0.575549,0.559943,0.495264,0.587451,0.465610,0.609163,0.520781,0.484141,0.519238,0.483964,0.476277,0.485913,0.615110,0.618516,0.486176,0.584599,0.409471,0.322555,0.453268,0.491891,0.593860,0.578288,0.584988,0.498470,0.524883,0.592331,0.534038,0.462379,0.583619,0.532912,0.522732,0.532241,0.389468,0.569920,0.559744,0.559845,0.572857,0.472728,0.455748,0.601015,0.499307,0.537765,0.516277,0.577874,0.311588,0.562096,0.436453,0.585048,0.536000,0.564116,0.516137,0.396111,0.629376,0.527241,0.557529
art_0080,0.455750,0.438019,0.521711,0.580505,0.432155,0.555274,0.480916,0.572556,0.491735,0.517316,0.467896,0.604865,0.497325,0.591521,0.408428,0.555962,0.500688,1.000000,0.534090,0.503966,0.480560,0.586520,0.571671,0.454297,0.639740,0.533239,0.532286,0.494829,0.568127,0.499258,0.574027,0.545286,0.503561,0.640429,0.475628,0.613477,0.562151,0.565822,0.594661,0.581120,0.521482,0.560277,0.605668,0.541834,0.564280,0.587474,0.416367,0.516062,0.425673,0.473208,0.492868,0.374028,0.470180,0.631060,0.431078,0.583489,0.487769,0.501491,0.544608,0.392155,0.516148,0.446342,0.493321,0.448281,0.612446,0.587736,0.611592,0.540879,0.469366,0.695194,0.584175,0.609248,0.684297,0.587114,0.568833,0.577878,0.588924,0.524058,0.634671,0.482073,0.622841,0.510194,0.569208,0.502671,0.658882,0.507898,0.599731,0.534792,0.461661,0.495276,0.584391,0.573934,0.545142,0.440184,0.488033,0.542238,0.611639,0.612833,0.593795,0.480245,0.523920,0.636127,0.577745,0.534686,0.600287,0.572627,0.451295,0.561709,0.535392,0.574414,0.533470,0.516436,0.495208,0.703726,0.609181,0.584212,0.456777,0.555362,0.347035,0.484032,0.491620,0.505870,0.538959,0.557889,0.446470,0.497960,0.599404,0.490285,0.560979,0.487618,0.518134,0.558540,0.428513,0.476789,0.597581,0.575371,0.493422,0.576362,0.479438,0.513987,0.516762,0.476718,0.541785,0.502622,0.602702,0.584814,0.543467,0.573652,0.572885,0.595185,0.651305,0.618075,0.558232,0.567906,0.544768,0.495111,0.520175,0.485207,0.592124,0.487251,0.530463,0.504282,0.583294,0.535617,0.563630,0.525991,0.653039,0.526378,0.553089,0.602609,0.542364,0.527905,0.543903,0.519842,0.516148,0.515558,0.526080,0.452196,0.529822,0.508503,0.607081,0.555804,0.622429,0.512607,0.524811,0.603256,0.532082,0.575154,0.502621,0.451938,0.507032,0.682541,0.498997,0.603517,0.565504,0.618946,0.587374,0.619622,0.540880,0.558088
art_0084,0.533306,0.481010,0.554655,0.502699,0.577267,0.450233,0.497893,0.561424,0.638719,0.567499,0.490467,0.535015,0.531489,0.536549,0.329060,0.516995,0.389789,0.534090,1.000000,0.420240,0.576439,0.546284,0.572492,0.606466,0.591517,0.551496,0.597215,0.483593,0.634303,0.645112,0.686894,0.511461,0.461307,0.630765,0.374359,0.489755,0.507646,0.448145,0.498827,0.646881,0.531414,0.475779,0.437376,0.516215,0.679398,0.552914,0.393211,0.432047,0.409775,0.627795,0.473120,0.379633,0.474178,0.555672,0.392536,0.530745,0.543661,0.464407,0.479587,0.473036,0.646089,0.323056,0.621580,0.448729,0.464134,0.652848,0.488591,0.508129,0.414088,0.520909,0.576654,0.521796,0.602421,0.546158,0.448499,0.470817,0.595796,0.440088,0.565571,0.540432,0.576219,0.494478,0.505039,0.455750,0.483598,0.578862,0.533080,0.576726,0.512237,0.467242,0.504823,0.532443,0.510621,0.677593,0.571680,0.577656,0.424193,0.558282,0.560272,0.467206,0.684239,0.556360,0.541510,0.503489,0.481974,0.455911,0.409781,0.451994,0.450568,0.607395,0.473974,0.480000,0.538979,0.545175,0.509443,0.571530,0.449360,0.510569,0.387732,0.437426,0.613015,0.499894,0.488775,0.402714,0.576678,0.541681,0.595859,0.500854,0.523996,0.619631,0.473725,0.470042,0.594083,0.524759,0.501787,0.559361,0.559405,0.530539,0.518632,0.510899,0.485435,0.463861,0.492574,0.547956,0.603663,0.606497,0.490848,0.515618,0.508031,0.618286,0.519309,0.487608,0.586536,0.631482,0.495250,0.497574,0.599041,0.396100,0.618399,0.404170,0.559229,0.589996,0.491231,0.477912,0.599721,0.470052,0.549112,0.480380,0.502139,0.520522,0.501713,0.430496,0.530515,0.499645,0.455683,0.362589,0.489457,0.384280,0.537994,0.517264,0.658585,0.607346,0.569420,0.638408,0.504898,0.535267,0.576559,0.424525,0.497119,0.349336,0.545120,0.476731,0.486285,0.498670,0.559217,0.525191,0.532296,0.542520,0.498811,0.460461
art_0089,0.604325,0.558621,0.528271,0.613372,0.465853,0.521325,0.561280,0.586415,0.516789,0.509816,0.485140,0.517397,0.495427,0.473507,0.337753,0.555534,0.375630,0.503966,0.420240,1.000000,0.515975,0.644093,0.581128,0.435169,0.605561,0.588905,0.588012,0.591642,0.520379,0.504118,0.496565,0.512520,0.485766,0.543907,0.570934,0.658724,0.426339,0.556401,0.552184,0.527841,0.510841,0.567150,0.504194,0.620161,0.480425,0.558241,0.430507,0.612240,0.539969,0.495488,0.477420,0.519836,0.520750,0.522054,0.397830,0.535456,0.489871,0.511153,0.566251,0.395236,0.502921,0.411922,0.466511,0.362505,0.564765,0.515015,0.575917,0.539199,0.324560,0.510754,0.503717,0.502790,0.577017,0.559476,0.502692,0.451159,0.548422,0.509152,0.432147,0.503412,0.568363,0.623548,0.574978,0.449854,0.556235,0.601606,0.541152,0.531799,0.632480,0.542213,0.426388,0.614045,0.573178,0.461780,0.578074,0.629699,0.436404,0.525582,0.550779,0.527289,0.514260,0.600127,0.588395,0.595855,0.572189,0.632434,0.460128,0.595153,0.626888,0.579579,0.423490,0.547551,0.555399,0.580843,0.548589,0.540168,0.525083,0.544570,0.451102,0.598938,0.600456,0.519187,0.611931,0.649023,0.586536,0.610793,0.596493,0.524999,0.582673,0.429830,0.571569,0.507483,0.505178,0.568581,0.589783,0.568795,0.545873,0.608833,0.638559,0.575143,0.593367,0.620536,0.542877,0.566334,0.673632,0.700800,0.673147,0.703581,0.531035,0.545011,0.543992,0.480503,0.519422,0.594797,0.584690,0.532475,0.556480,0.332567,0.587828,0.431345,0.539188,0.522320,0.482089,0.600165,0.540067,0.571381,0.519569,0.474239,0.554826,0.571203,0.412060,0.507761,0.569589,0.578355,0.448353,0.595225,0.385884,0.613628,0.520259,0.524760,0.629906,0.582114,0.506709,0.518529,0.550478,0.519881,0.535268,0.464614,0.591449,0.437496,0.549874,0.586139,0.464786,0.566240,0.577087,0.507131,0.537653,0.428873,0.615818,0.507214
art_0094,0.558080,0.645255,0.604004,0.719393,0.586719,0.665148,0.638445,0.569173,0.505489,0.651667,0.527044,0.677927,0.552091,0.618560,0.498375,0.562760,0.563582,0.480560,0.576439,0.515975,1.000000,0.702013,0.693536,0.515842,0.709814,0.666841,0.715693,0.705352,0.608527,0.615186,0.634079,0.553285,0.513453,0.555835,0.536196,0.695088,0.566710,0.576025,0.633434,0.636917,0.617932,0.711247,0.513279,0.666829,0.644811,0.651359,0.449016,0.602929,0.662255,0.572971,0.642860,0.600921,0.593851,0.554768,0.505761,0.666503,0.627110,0.611354,0.686362,0.509227,0.628921,0.546920,0.553872,0.514951,0.523319,0.666650,0.603833,0.572940,0.463641,0.591042,0.591566,0.564352,0.558493,0.543681,0.592494,0.521038,0.650775,0.591206,0.615892,0.580789,0.680019,0.658362,0.598461,0.499997,0.585561,0.660889,0.574207,0.650078,0.567793,0.669211,0.539144,0.622534,0.622581,0.478050,0.575683,0.651079,0.504976,0.701949,0.641608,0.690706,0.672024,0.731651,0.631304,0.628501,0.663615,0.673112,0.440986,0.607087,0.626025,0.687562,0.548676,0.692644,0.639081,0.532781,0.633711,0.675009,0.714473,0.633241,0.607208,0.664874,0.676529,0.705155,0.537628,0.651848,0.699294,0.590804,0.700950,0.472485,0.570944,0.613679,0.716282,0.554055,0.633188,0.546528,0.604125,0.647391,0.748095,0.658373,0.618791,0.734513,0.627729,0.705694,0.578810,0.643739,0.704218,0.729568,0.741235,0.627888,0.570888,0.613443,0.614931,0.571919,0.582165,0.680542,0.670054,0.578004,0.648923,0.470329,0.685784,0.480542,0.648123,0.591618,0.450487,0.706482,0.645362,0.720449,0.664926,0.567543,0.617482,0.684609,0.565389,0.665767,0.634046,0.669703,0.462833,0.633798,0.576439,0.579773,0.638893,0.705920,0.686733,0.696637,0.608976,0.615813,0.704812,0.620650,0.615736,0.562232,0.696696,0.475738,0.641690,0.515558,0.629908,0.658596,0.735660,0.547481,0.588582,0.581185,0.698600,0.656936
art_0098,0.603196,0.638598,0.643379,0.767889,0.563247,0.635412,0.700615,0.636345,0.549909,0.693637,0.588215,0.658692,0.524748,0.604691,0.395288,0.645106,0.555109,0.586520,0.546284,0.644093,0.702013,1.000000,0.694663,0.551763,0.790022,0.648476,0.694434,0.769100,0.699506,0.654200,0.663656,0.614014,0.524830,0.633774,0.606603,0.705922,0.573202,0.617680,0.717693,0.613395,0.655550,0.679204,0.569823,0.725782,0.698511,0.736404,0.486406,0.672316,0.572563,0.618308,0.598391,0.502503,0.601997,0.596044,0.537060,0.644159,0.666144,0.698327,0.725646,0.485386,0.545095,0.550492,0.617700,0.495882,0.590452,0.656249,0.692683,0.565467,0.477147,0.605403,0.589525,0.645281,0.638364,0.616968,0.627302,0.509201,0.704739,0.525124,0.649366,0.565244,0.743244,0.623789,0.649428,0.490439,0.610409,0.638929,0.642541,0.716063,0.603383,0.639827,0.592057,0.634739,0.661253,0.504635,0.612020,0.722839,0.568678,0.697287,0.746878,0.678997,0.679891,0.731141,0.715496,0.779456,0.718186,0.710688,0.525818,0.595538,0.682813,0.717299,0.529961,0.700933,0.642069,0.624089,0.629576,0.706073,0.672092,0.710349,0.528251,0.644840,0.684285,0.685492,0.648578,0.676367,0.718034,0.611864,0.726724,0.533279,0.669175,0.639354,0.703149,0.703390,0.660482,0.639076,0.708265,0.702915,0.696974,0.749782,0.667718,0.718627,0.611142,0.662759,0.625712,0.684547,0.701512,0.775232,0.700917,0.666136,0.642778,0.559791,0.681091,0.555668,0.608807,0.751218,0.679077,0.574845,0.683689,0.475399,0.670598,0.514573,0.684745,0.612849,0.476865,0.703700,0.707246,0.704461,0.719670,0.660503,0.652214,0.675200,0.652839,0.677470,0.631676,0.630947,0.472654,0.637753,0.522280,0.637048,0.693115,0.727118,0.757220,0.744992,0.630959,0.625253,0.752980,0.736707,0.685880,0.606136,0.717465,0.471010,0.633870,0.594792,0.606297,0.720355,0.718981,0.619671,0.632560,0.611224,0.719293,0.692948
art_0103,0.668168,0.675818,0.662126,0.683366,0.656803,0.611742,0.695805,0.655419,0.554593,0.598577,0.570546,0.676605,0.542216,0.640853,0.440516,0.611961,0.579884,0.571671,0.572492,0.581128,0.693536,0.694663,1.000000,0.587115,0.736395,0.668138,0.638561,0.645086,0.562832,0.549887,0.647063,0.656790,0.521917,0.656331,0.561511,0.650272,0.521773,0.634126,0.629823,0.632343,0.604064,0.674455,0.595151,0.627063,0.646719,0.696860,0.461590,0.534545,0.551848,0.582228,0.612614,0.572499,0.621518,0.502532,0.455886,0.704354,0.614703,0.618773,0.610386,0.592247,0.578484,0.642551,0.630033,0.595119,0.574475,0.652226,0.584240,0.573570,0.480459,0.684630,0.633392,0.583799,0.647759,0.613020,0.623232,0.570692,0.608934,0.564697,0.670662,0.627815,0.699111,0.659723,0.703027,0.474076,0.631199,0.677582,0.630141,0.688268,0.541226,0.564451,0.602459,0.641307,0.673716,0.506308,0.647112,0.738203,0.591382,0.654726,0.614858,0.674595,0.694787,0.735406,0.615970,0.603953,0.612422,0.681486,0.438107,0.643909,0.610559,0.746199,0.510747,0.641369,0.668579,0.620850,0.579422,0.685708,0.628732,0.539909,0.518987,0.578224,0.663276,0.681850,0.583448,0.584514,0.628372,0.547444,0.749233,0.521547,0.556808,0.643872,0.624246,0.589505,0.585288,0.597072,0.584191,0.650065,0.706722,0.620200,0.601252,0.639621,0.666134,0.589807,0.596208,0.647254,0.630022,0.683892,0.676002,0.665692,0.587308,0.617207,0.643800,0.538240,0.656027,0.690004,0.585980,0.594859,0.565727,0.519039,0.670842,0.487566,0.642702,0.518663,0.478687,0.615682,0.680805,0.683359,0.653554,0.601105,0.674091,0.647551,0.546298,0.659227,0.533890,0.692861,0.485852,0.614652,0.559909,0.533913,0.644574,0.598007,0.688437,0.659250,0.692079,0.592368,0.697745,0.552957,0.553610,0.468687,0.663608,0.429464,0.709562,0.581454,0.687194,0.617092,0.678861,0.603709,0.604181,0.678792,0.630300,0.711535
art_0108,0.572868,0.614158,0.596200,0.584800,0.570239,0.480244,0.584905,0.587308,0.459455,0.542153,0.475917,0.553599,0.457217,0.510640,0.281552,0.444427,0.382009,0.454297,0.606466,0.435169,0.515842,0.551763,0.587115,1.000000,0.577493,0.527979,0.539283,0.577171,0.513824,0.458666,0.555422,0.588382,0.402294,0.518809,0.392011,0.561164,0.454173,0.618340,0.528792,0.554543,0.452965,0.510733,0.406377,0.504271,0.576933,0.628507,0.361393,0.460094,0.435412,0.554406,0.398823,0.411772,0.396862,0.397436,0.353978,0.480103,0.462480,0.548465,0.561915,0.412495,0.463051,0.416981,0.553894,0.425125,0.489889,0.574649,0.496136,0.374536,0.307694,0.448863,0.526220,0.484211,0.682886,0.517921,0.605708,0.424160,0.630837,0.454071,0.480473,0.564148,0.584772,0.581260,0.597195,0.385740,0.550463,0.583053,0.531945,0.574224,0.441150,0.486105,0.560626,0.594328,0.602444,0.581583,0.547502,0.617967,0.440629,0.518644,0.528341,0.465452,0.571797,0.580970,0.467440,0.500352,0.510273,0.526621,0.438536,0.469809,0.465157,0.593992,0.385786,0.558102,0.571186,0.476296,0.538234,0.578294,0.539964,0.444370,0.425000,0.502105,0.599704,0.536878,0.523082,0.511813,0.543262,0.553534,0.598202,0.524137,0.529556,0.661156,0.492628,0.460808,0.515279,0.585991,0.535281,0.547850,0.668078,0.515992,0.650793,0.544301,0.560863,0.521908,0.526409,0.581270,0.550163,0.564651,0.565574,0.561870,0.519331,0.591633,0.484732,0.472914,0.490521,0.580670,0.484136,0.456246,0.495703,0.376581,0.539155,0.329980,0.528991,0.477099,0.554946,0.535698,0.526437,0.543121,0.518658,0.567177,0.579301,0.513632,0.510601,0.491297,0.487547,0.452446,0.357067,0.471870,0.387345,0.526724,0.470566,0.560073,0.527913,0.572769,0.578527,0.520728,0.547755,0.502137,0.484984,0.451569,0.558076,0.325248,0.549077,0.472368,0.487974,0.618718,0.553939,0.554282,0.587865,0.469917,0.566068,0.554670
art_0112,0.636683,0.628311,0.669611,0.747923,0.595652,0.681387,0.689723,0.619437,0.589731,0.715801,0.616571,0.755400,0.550563,0.692932,0.469187,0.606773,0.589148,0.639740,0.591517,0.605561,0.709814,0.790022,0.736395,0.577493,1.000000,0.633284,0.730891,0.737161,0.704196,0.660914,0.751152,0.647654,0.575670,0.685058,0.666648,0.775273,0.602618,0.641792,0.707860,0.640336,0.671575,0.694171,0.600644,0.734380,0.730121,0.700262,0.493448,0.707815,0.621280,0.573832,0.628355,0.533899,0.660219,0.638375,0.542551,0.720634,0.690925,0.658373,0.720784,0.528933,0.561784,0.651863,0.660429,0.540793,0.694032,0.668151,0.682192,0.621337,0.484989,0.745637,0.620525,0.685953,0.710592,0.667138,0.644122,0.573343,0.677938,0.555437,0.724397,0.567184,0.823522,0.669146,0.657680,0.513660,0.711506,0.620307,0.695375,0.716308,0.583589,0.685677,0.642502,0.634843,0.670679,0.493601,0.675410,0.728275,0.652275,0.774987,0.727848,0.708507,0.714142,0.786791,0.675212,0.736533,0.718711,0.708690,0.515984,0.644755,0.669573,0.734900,0.579806,0.671791,0.698617,0.717966,0.673376,0.761085,0.683863,0.640436,0.551440,0.698997,0.700560,0.720793,0.620527,0.659923,0.639221,0.582445,0.763527,0.566307,0.640985,0.685769,0.690971,0.688728,0.614603,0.637056,0.675869,0.713831,0.689511,0.764908,0.657399,0.743177,0.639873,0.630041,0.603407,0.671561,0.714631,0.794283,0.721602,0.732993,0.674781,0.648998,0.757835,0.623373,0.634306,0.742994,0.686156,0.631876,0.649673,0.520334,0.754674,0.551272,0.727052,0.524471,0.537195,0.680447,0.696754,0.706022,0.718870,0.611724,0.679647,0.714723,0.697475,0.701831,0.586404,0.672709,0.515721,0.638907,0.600964,0.610387,0.754595,0.740937,0.756277,0.782930,0.722525,0.600110,0.744582,0.720944,0.648960,0.595623,0.701925,0.456309,0.672707,0.736646,0.589225,0.727936,0.762882,0.653460,0.643223,0.648745,0.754716,0.736836
art_0117,0.652012,0.667166,0.580203,0.623037,0.601976,0.591130,0.678111,0.646152,0.575648,0.556058,0.553369,0.566340,0.532047,0.637248,0.340192,0.584559,0.438379,0.533239,0.551496,0.588905,0.666841,0.648476,0.668138,0.527979,0.633284,1.000000,0.721808,0.606987,0.577525,0.598407,0.551009,0.559687,0.508844,0.587183,0.484968,0.661006,0.540483,0.555181,0.581715,0.655090,0.532659,0.629992,0.439353,0.672329,0.615079,0.657979,0.460666,0.532804,0.624838,0.634093,0.464772,0.496765,0.456390,0.555629,0.432418,0.534755,0.505002,0.549586,0.633579,0.434598,0.595168,0.488595,0.677881,0.458365,0.518120,0.650993,0.581746,0.557490,0.443940,0.484530,0.587211,0.541690,0.626136,0.596918,0.561019,0.527523,0.564093,0.588148,0.563884,0.599474,0.607764,0.714520,0.644580,0.447521,0.563453,0.716164,0.549211,0.632484,0.579729,0.613538,0.512447,0.648146,0.701016,0.572375,0.583639,0.664201,0.440282,0.616659,0.591222,0.538212,0.584078,0.687449,0.593587,0.538316,0.555000,0.626698,0.471258,0.572855,0.576676,0.665685,0.445024,0.638502,0.631004,0.528672,0.619695,0.654997,0.585320,0.469810,0.513809,0.609132,0.737296,0.661808,0.597446,0.588583,0.596170,0.633464,0.675820,0.549516,0.547592,0.625801,0.607578,0.510039,0.599509,0.673279,0.551931,0.652062,0.703420,0.579114,0.632523,0.645125,0.647335,0.654488,0.608590,0.631879,0.642440,0.653209,0.682576,0.631468,0.554739,0.574012,0.538743,0.481740,0.605890,0.642481,0.652715,0.614726,0.667257,0.359253,0.681977,0.434180,0.567612,0.555332,0.515072,0.631969,0.643408,0.642212,0.539269,0.484663,0.609225,0.642929,0.491589,0.567814,0.635821,0.631665,0.440862,0.581609,0.496898,0.576075,0.541164,0.594230,0.681065,0.699416,0.575476,0.546880,0.654268,0.500112,0.608671,0.496671,0.593187,0.529998,0.660142,0.529655,0.535529,0.629934,0.669500,0.592668,0.646651,0.547127,0.643009,0.636525
art_0122,0.555078,0.595463,0.582836,0.714909,0.526292,0.612271,0.632902,0.553957,0.533214,0.597715,0.504452,0.600989,0.529964,0.604677,0.332289,0.534967,0.463731,0.532286,0.597215,0.588012,0.715693,0.694434,0.638561,0.539283,0.730891,0.721808,1.000000,0.664651,0.668818,0.650615,0.626312,0.604374,0.535610,0.606121,0.522052,0.723397,0.517846,0.604130,0.658536,0.621331,0.548485,0.700845,0.493316,0.735468,0.598317,0.684317,0.359398,0.663919,0.618945,0.573804,0.567581,0.608261,0.594193,0.550097,0.558500,0.624950,0.619564,0.554006,0.707958,0.500691,0.607658,0.499811,0.622009,0.383313,0.563178,0.586916,0.557644,0.541564,0.370325,0.518624,0.621497,0.567949,0.596118,0.542243,0.584312,0.469366,0.603139,0.491618,0.551905,0.487321,0.670038,0.664370,0.572799,0.510977,0.636748,0.654449,0.606782,0.697463,0.586551,0.760962,0.515540,0.647962,0.612938,0.547073,0.582214,0.685336,0.506160,0.750489,0.655709,0.616479,0.612730,0.691188,0.631963,0.630775,0.687073,0.681891,0.463486,0.645424,0.678823,0.653458,0.515421,0.607228,0.597408,0.524345,0.668687,0.669280,0.653240,0.554495,0.605552,0.674008,0.664433,0.678971,0.622855,0.659111,0.677208,0.620278,0.711094,0.533921,0.575282,0.586931,0.676194,0.503816,0.569651,0.615018,0.680236,0.691830,0.660689,0.614102,0.602034,0.729505,0.616991,0.618031,0.585579,0.617053,0.668309,0.669884,0.703765,0.630191,0.508977,0.605354,0.580470,0.539178,0.635267,0.709785,0.641695,0.568211,0.643162,0.525357,0.659997,0.507786,0.608448,0.479942,0.474054,0.683982,0.669499,0.672870,0.552715,0.503762,0.646174,0.716126,0.549668,0.619637,0.598862,0.575214,0.427715,0.668827,0.553225,0.681430,0.614313,0.622983,0.721618,0.753582,0.671076,0.600566,0.664011,0.642271,0.635379,0.523616,0.580744,0.404789,0.589538,0.524046,0.511452,0.673327,0.758273,0.541007,0.644649,0.510951,0.767451,0.611955
art_0126,0.642690,0.649153,0.573717,0.785004,0.575440,0.620187,0.676410,0.583840,0.496134,0.672555,0.506319,0.660922,0.513751,0.523302,0.379445,0.542651,0.591391,0.494829,0.483593,0.591642,0.705352,0.769100,0.645086,0.577171,0.737161,0.606987,0.664651,1.000000,0.584783,0.604018,0.611804,0.567819,0.525346,0.570923,0.643954,0.724465,0.578314,0.557155,0.688566,0.592785,0.638635,0.701366,0.521015,0.672462,0.663877,0.645585,0.470864,0.668781,0.583766,0.505942,0.564478,0.563431,0.609853,0.528961,0.484678,0.645786,0.620923,0.684483,0.715964,0.407928,0.526842,0.607043,0.610820,0.537043,0.506839,0.603777,0.640810,0.524183,0.464420,0.546302,0.546423,0.630188,0.601860,0.515850,0.616242,0.510529,0.666794,0.462214,0.606176,0.545331,0.744525,0.672571,0.641444,0.451279,0.606349,0.663906,0.575003,0.667827,0.507895,0.652649,0.542710,0.617349,0.611309,0.424278,0.648861,0.701495,0.515714,0.681113,0.627556,0.645486,0.591727,0.677524,0.639530,0.666030,0.663192,0.707708,0.511518,0.604916,0.646600,0.664644,0.524682,0.616326,0.675611,0.532942,0.665180,0.694745,0.742195,0.629585,0.529267,0.683137,0.671487,0.609156,0.577252,0.676121,0.744637,0.597442,0.681397,0.421734,0.632173,0.666506,0.681310,0.649405,0.538765,0.564238,0.696843,0.667980,0.730460,0.682473,0.733223,0.687176,0.598613,0.662685,0.511569,0.737072,0.650839,0.729220,0.737617,0.685157,0.620549,0.534569,0.649920,0.565503,0.552379,0.686140,0.667843,0.519477,0.631766,0.454821,0.698585,0.484542,0.681164,0.557011,0.381102,0.651275,0.672937,0.713735,0.595486,0.603526,0.577641,0.698958,0.604983,0.656750,0.569987,0.644341,0.462702,0.650214,0.484958,0.639557,0.590396,0.690297,0.704482,0.698500,0.592861,0.560814,0.731169,0.635542,0.614265,0.560985,0.681013,0.416040,0.658776,0.534641,0.573201,0.682032,0.751359,0.522686,0.602507,0.550349,0.756997,0.675118
art_0131,0.480657,0.486644,0.558207,0.615910,0.484611,0.523182,0.554696,0.580127,0.579682,0.664458,0.496895,0.539790,0.451986,0.594575,0.352155,0.571614,0.491648,0.568127,0.634303,0.520379,0.608527,0.699506,0.562832,0.513824,0.704196,0.577525,0.668818,0.584783,1.000000,0.685496,0.708211,0.556330,0.540280,0.646747,0.463888,0.567701,0.579837,0.500231,0.638035,0.555963,0.622434,0.520579,0.501226,0.603307,0.670761,0.672157,0.442646,0.576404,0.485490,0.624363,0.553731,0.392222,0.529236,0.631424,0.488085,0.606673,0.671880,0.604264,0.600570,0.491304,0.584278,0.402250,0.582129,0.460759,0.561734,0.656751,0.633688,0.592879,0.421968,0.599604,0.541740,0.663186,0.619002,0.550104,0.486940,0.545422,0.621397,0.449309,0.648668,0.480409,0.670059,0.519288,0.536115,0.533617,0.511309,0.533653,0.634862,0.629750,0.543770,0.533875,0.588050,0.557795,0.560271,0.555426,0.576724,0.573316,0.470967,0.653478,0.729632,0.526475,0.691341,0.611583,0.659143,0.648569,0.635927,0.548736,0.503822,0.514356,0.596960,0.668167,0.500247,0.589409,0.542997,0.575168,0.570943,0.611056,0.539990,0.647384,0.437827,0.594454,0.644331,0.601749,0.572780,0.496817,0.580688,0.519498,0.672154,0.500640,0.588786,0.570253,0.600107,0.587009,0.650442,0.546126,0.629512,0.593562,0.546168,0.644282,0.533740,0.634238,0.451065,0.523414,0.619236,0.579824,0.644596,0.678995,0.576916,0.512915,0.586620,0.604319,0.646497,0.511177,0.605139,0.676721,0.581341,0.544541,0.709658,0.478379,0.621472,0.522754,0.685492,0.508441,0.486782,0.580515,0.655243,0.516549,0.629397,0.584683,0.564559,0.569281,0.672489,0.592312,0.599340,0.544665,0.466744,0.486061,0.581587,0.484820,0.755006,0.631055,0.691591,0.724854,0.555424,0.613556,0.589593,0.703939,0.658794,0.574511,0.567073,0.378199,0.507279,0.554065,0.507282,0.599796,0.630303,0.595478,0.548345,0.542933,0.575159,0.539805
art_0135,0.509930,0.451165,0.506294,0.563643,0.456266,0.487536,0.476988,0.586637,0.593519,0.602250,0.489700,0.547678,0.506560,0.551870,0.373952,0.610378,0.403864,0.499258,0.645112,0.504118,0.615186,0.654200,0.549887,0.458666,0.660914,0.598407,0.650615,0.604018,0.685496,1.000000,0.635976,0.475683,0.541694,0.615556,0.564236,0.609180,0.589280,0.438471,0.598956,0.576894,0.588740,0.560749,0.404841,0.581798,0.650358,0.508176,0.527534,0.533812,0.537710,0.602275,0.569408,0.458099,0.526079,0.643794,0.415097,0.522485,0.643522,0.577955,0.640868,0.495066,0.649939,0.401738,0.550460,0.444004,0.493218,0.612289,0.578965,0.569524,0.454164,0.538621,0.529267,0.572749,0.527211,0.534177,0.459490,0.482906,0.664578,0.516467,0.530111,0.535583,0.554360,0.544846,0.525406,0.518622,0.492320,0.558998,0.601582,0.567233,0.539700,0.604337,0.604140,0.505129,0.585249,0.594838,0.515561,0.554674,0.456033,0.615401,0.672085,0.545914,0.619067,0.574067,0.615782,0.611433,0.505559,0.589099,0.454144,0.521324,0.523800,0.642424,0.510982,0.590482,0.539391,0.581636,0.596587,0.624384,0.537049,0.626839,0.457714,0.554145,0.590340,0.536474,0.566538,0.508098,0.686637,0.564502,0.622248,0.438747,0.576093,0.562056,0.526454,0.572410,0.591770,0.577007,0.559288,0.615040,0.562422,0.551547,0.568195,0.554881,0.493691,0.593086,0.584322,0.607525,0.608810,0.688572,0.541739,0.486476,0.624106,0.581651,0.601546,0.535973,0.532162,0.637477,0.707754,0.547554,0.715522,0.436159,0.652072,0.414202,0.627699,0.596376,0.453610,0.593832,0.686793,0.498505,0.610524,0.531459,0.557274,0.577625,0.569513,0.488622,0.675992,0.513721,0.462757,0.464985,0.529710,0.513380,0.656237,0.633812,0.664883,0.669681,0.573055,0.553860,0.595726,0.630244,0.686364,0.563503,0.569393,0.463677,0.581721,0.541262,0.543667,0.528669,0.613338,0.513998,0.561558,0.580720,0.608099,0.535921
art_0140,0.541890,0.446688,0.594497,0.594293,0.548403,0.526002,0.540925,0.581372,0.571527,0.645862,0.553155,0.636459,0.542184,0.629392,0.419424,0.578066,0.517277,0.574027,0.686894,0.496565,0.634079,0.663656,0.647063,0.555422,0.751152,0.551009,0.626312,0.611804,0.708211,0.635976,1.000000,0.575331,0.590211,0.674829,0.510839,0.592139,0.583152,0.553622,0.607013,0.650584,0.595788,0.531157,0.555742,0.598036,0.673120,0.638281,0.481692,0.516914,0.486873,0.612444,0.657615,0.467153,0.595142,0.662232,0.462878,0.666815,0.680292,0.628003,0.587538,0.565184,0.630390,0.467326,0.586279,0.505716,0.595871,0.651788,0.624075,0.556186,0.432090,0.622398,0.606978,0.602004,0.654811,0.595227,0.507974,0.587093,0.675570,0.515815,0.654107,0.542419,0.739797,0.536035,0.561353,0.487673,0.575822,0.560374,0.642818,0.627603,0.537176,0.545949,0.604836,0.581286,0.545869,0.547977,0.609814,0.621887,0.528659,0.615348,0.689413,0.619830,0.710030,0.661003,0.613508,0.603786,0.611516,0.605898,0.509190,0.546990,0.573716,0.657622,0.533368,0.547998,0.597478,0.661018,0.574375,0.638159,0.540077,0.621177,0.474740,0.541865,0.618989,0.545238,0.551300,0.517233,0.607479,0.526675,0.668642,0.558187,0.617358,0.585074,0.562798,0.623355,0.601710,0.563013,0.593624,0.590311,0.562803,0.649076,0.537665,0.601141,0.491375,0.517504,0.528536,0.610469,0.671354,0.718652,0.561929,0.572761,0.615640,0.663805,0.690181,0.578727,0.643888,0.688542,0.614968,0.584152,0.640114,0.463294,0.660000,0.458338,0.655418,0.549542,0.526735,0.574333,0.641199,0.550253,0.678280,0.609329,0.595266,0.605648,0.610602,0.526461,0.575384,0.553281,0.538319,0.418065,0.580457,0.470911,0.656617,0.646380,0.662857,0.664944,0.641723,0.635528,0.578852,0.684861,0.625611,0.599697,0.624477,0.429915,0.576141,0.592804,0.516685,0.578629,0.616685,0.611767,0.554789,0.657426,0.575879,0.557262
art_0145,0.507585,0.557465,0.598904,0.642562,0.538753,0.631824,0.633311,0.571012,0.465845,0.570874,0.492086,0.610617,0.548294,0.559140,0.355347,0.449865,0.506926,0.545286,0.511461,0.512520,0.553285,0.614014,0.656790,0.588382,0.647654,0.559687,0.604374,0.567819,0.556330,0.475683,0.575331,1.000000,0.475215,0.605734,0.515099,0.649126,0.515938,0.641501,0.651266,0.595481,0.546998,0.639205,0.574351,0.639046,0.538639,0.628319,0.375719,0.551007,0.556905,0.510149,0.475096,0.569186,0.532422,0.427767,0.354636,0.575116,0.485808,0.597080,0.584886,0.444922,0.419445,0.616241,0.536159,0.514734,0.532743,0.541035,0.525502,0.518540,0.478604,0.543287,0.621407,0.569108,0.610455,0.543306,0.636999,0.470428,0.593008,0.560243,0.578187,0.452260,0.652587,0.630257,0.597744,0.421714,0.591400,0.581328,0.556851,0.617008,0.470098,0.608973,0.546941,0.650086,0.606293,0.394994,0.519059,0.670968,0.593955,0.664641,0.582916,0.625744,0.589568,0.651979,0.546838,0.602768,0.590418,0.669340,0.398581,0.595195,0.597149,0.630721,0.403342,0.569463,0.593533,0.555063,0.608743,0.650532,0.594433,0.517562,0.543738,0.580516,0.540172,0.624693,0.567777,0.590364,0.551543,0.534357,0.642599,0.522467,0.461930,0.553125,0.553638,0.573622,0.530685,0.503563,0.597826,0.536120,0.618664,0.624646,0.577618,0.594177,0.620588,0.566823,0.488793,0.578646,0.611201,0.608642,0.629615,0.605629,0.543842,0.601569,0.584030,0.525067,0.565041,0.692942,0.608942,0.511180,0.522586,0.457070,0.577821,0.400434,0.531633,0.478282,0.456928,0.555744,0.596387,0.600422,0.562238,0.563287,0.596621,0.664243,0.556372,0.602491,0.538947,0.516472,0.376852,0.556661,0.443568,0.520758,0.525908,0.557734,0.617627,0.600974,0.664859,0.553675,0.641129,0.565745,0.542678,0.464287,0.604965,0.377762,0.571235,0.560139,0.590641,0.601650,0.684256,0.530240,0.575492,0.606721,0.611503,0.683853
art_0149,0.538575,0.419507,0.457954,0.562484,0.445911,0.501110,0.451937,0.455191,0.494576,0.568590,0.436616,0.541982,0.485432,0.558239,0.473100,0.511819,0.444905,0.503561,0.461307,0.485766,0.513453,0.524830,0.521917,0.402294,0.575670,0.508844,0.535610,0.525346,0.540280,0.541694,0.590211,0.475215,1.000000,0.579403,0.628041,0.571129,0.651292,0.437036,0.535877,0.499232,0.562399,0.572647,0.508429,0.584772,0.523033,0.521797,0.466884,0.528710,0.505332,0.393249,0.466786,0.515820,0.533436,0.531768,0.443776,0.565516,0.542985,0.528399,0.538739,0.424458,0.495122,0.513582,0.409916,0.570147,0.453676,0.503279,0.558047,0.691722,0.556503,0.576543,0.616459,0.611042,0.540215,0.493491,0.510869,0.533987,0.532811,0.478977,0.539092,0.479945,0.710744,0.514808,0.556742,0.480871,0.568416,0.478397,0.488928,0.529376,0.514004,0.571121,0.522566,0.599218,0.542840,0.356088,0.510905,0.528409,0.462990,0.608237,0.601941,0.489255,0.491169,0.526777,0.563582,0.501653,0.579358,0.609511,0.519877,0.542246,0.483723,0.545035,0.611314,0.546231,0.639526,0.631012,0.640048,0.548840,0.530167,0.572110,0.363710,0.579409,0.550589,0.466148,0.548079,0.510085,0.448532,0.446618,0.577778,0.438280,0.541161,0.480005,0.553448,0.619778,0.460894,0.409045,0.531397,0.508256,0.468829,0.545888,0.461765,0.532937,0.438818,0.529943,0.498599,0.476782,0.559124,0.603972,0.527350,0.491609,0.621467,0.503099,0.621855,0.571934,0.491552,0.596490,0.644185,0.562210,0.571405,0.457087,0.602893,0.574981,0.512339,0.465392,0.406506,0.503157,0.530307,0.554394,0.539968,0.510376,0.528834,0.621055,0.520607,0.508399,0.552779,0.571979,0.559373,0.479100,0.566173,0.407642,0.500441,0.507058,0.593084,0.561257,0.500491,0.494218,0.526769,0.561968,0.613181,0.543721,0.513893,0.408142,0.543637,0.599213,0.559307,0.446049,0.609514,0.490137,0.414169,0.563070,0.545339,0.581399
art_0154,0.555742,0.507802,0.572215,0.582620,0.470521,0.563531,0.572877,0.614798,0.598568,0.606499,0.533488,0.639509,0.566774,0.604470,0.373628,0.580446,0.459719,0.640429,0.630765,0.543907,0.555835,0.633774,0.656331,0.518809,0.685058,0.587183,0.606121,0.570923,0.646747,0.615556,0.674829,0.605734,0.579403,1.000000,0.505125,0.631178,0.566644,0.570798,0.606308,0.609014,0.556749,0.570798,0.589055,0.615719,0.612238,0.667859,0.437199,0.535368,0.494314,0.620555,0.575028,0.434227,0.504954,0.527117,0.402097,0.594167,0.593234,0.588101,0.532050,0.594366,0.609794,0.466905,0.588543,0.487839,0.593305,0.608934,0.603462,0.602916,0.443602,0.672094,0.608755,0.587098,0.713374,0.646736,0.634172,0.590997,0.647729,0.509844,0.605493,0.495433,0.671590,0.612487,0.661783,0.517050,0.635958,0.643093,0.606964,0.623037,0.551915,0.560035,0.611350,0.670988,0.601539,0.535913,0.567951,0.644851,0.569784,0.603122,0.622773,0.535561,0.657545,0.625455,0.609087,0.568741,0.536875,0.614147,0.431452,0.593353,0.586024,0.642248,0.592282,0.559308,0.578262,0.730592,0.640473,0.638302,0.483313,0.561319,0.445243,0.514406,0.610285,0.539231,0.639703,0.515562,0.558155,0.555473,0.684613,0.585159,0.583613,0.572826,0.547584,0.576171,0.625962,0.589754,0.593830,0.590844,0.570118,0.571908,0.525583,0.557815,0.563145,0.516578,0.594137,0.562457,0.661870,0.643028,0.558396,0.563401,0.604741,0.633761,0.637321,0.560046,0.670222,0.629227,0.561481,0.558042,0.656964,0.440507,0.662192,0.440851,0.640068,0.494336,0.598391,0.582055,0.668568,0.566717,0.618978,0.509186,0.574202,0.634324,0.547667,0.568652,0.527825,0.578610,0.576728,0.459686,0.590720,0.469598,0.610638,0.536397,0.671931,0.635159,0.622758,0.637718,0.569145,0.568801,0.567517,0.562267,0.497857,0.424074,0.581781,0.649692,0.573984,0.537264,0.619101,0.662735,0.675087,0.646968,0.582626,0.578659
art_0159,0.556919,0.470103,0.458437,0.631000,0.438314,0.506329,0.526628,0.462203,0.397218,0.553554,0.443245,0.626733,0.529060,0.491243,0.412684,0.497890,0.496906,0.475628,0.374359,0.570934,0.536196,0.606603,0.561511,0.392011,0.666648,0.484968,0.522052,0.643954,0.463888,0.564236,0.510839,0.515099,0.628041,0.505125,1.000000,0.704846,0.585022,0.488528,0.536394,0.503397,0.552927,0.653807,0.514819,0.655769,0.453390,0.504668,0.439822,0.636126,0.579011,0.349282,0.502565,0.622603,0.628667,0.450229,0.398876,0.551156,0.567526,0.601594,0.621592,0.340645,0.399646,0.687042,0.445515,0.561238,0.401064,0.439264,0.566669,0.577246,0.563020,0.529116,0.543789,0.609343,0.490444,0.524532,0.560973,0.464292,0.554730,0.485474,0.509222,0.482055,0.652304,0.542813,0.559424,0.422265,0.555012,0.529015,0.474222,0.531252,0.461093,0.663627,0.499654,0.580852,0.583431,0.280654,0.510515,0.604229,0.509423,0.668332,0.534562,0.672013,0.505059,0.591952,0.558000,0.652811,0.561340,0.699193,0.524988,0.612659,0.544337,0.630392,0.566762,0.587210,0.586119,0.610378,0.670988,0.588945,0.611760,0.587271,0.460218,0.641983,0.502459,0.483881,0.590339,0.647088,0.569992,0.495214,0.583804,0.377853,0.569712,0.486714,0.593290,0.694080,0.429971,0.469430,0.556897,0.543450,0.574430,0.638811,0.587933,0.582321,0.578677,0.658778,0.463034,0.579125,0.587335,0.667499,0.585066,0.598753,0.690944,0.463472,0.633598,0.548740,0.422054,0.665280,0.709011,0.520944,0.528941,0.410234,0.602883,0.429508,0.595948,0.490146,0.355835,0.556488,0.514302,0.600518,0.557631,0.555261,0.560395,0.650736,0.542068,0.539634,0.589972,0.603200,0.509059,0.608381,0.441121,0.538179,0.512527,0.640709,0.642750,0.616630,0.531319,0.502324,0.626537,0.545555,0.604708,0.510437,0.610487,0.439928,0.573959,0.596846,0.560431,0.569022,0.686109,0.471680,0.418204,0.537286,0.674415,0.674734
art_0163,0.611496,0.668013,0.593805,0.768405,0.507526,0.698208,0.670306,0.609547,0.497875,0.626719,0.491954,0.780571,0.528521,0.605872,0.446526,0.543277,0.476936,0.613477,0.489755,0.658724,0.695088,0.705922,0.650272,0.561164,0.775273,0.661006,0.723397,0.724465,0.567701,0.609180,0.592139,0.649126,0.571129,0.631178,0.704846,1.000000,0.585955,0.739453,0.659178,0.642209,0.615185,0.801312,0.591050,0.745506,0.506477,0.625203,0.426011,0.700352,0.672050,0.521588,0.513314,0.597547,0.546622,0.532855,0.448455,0.572849,0.540216,0.579945,0.730048,0.387263,0.508968,0.632305,0.598456,0.496217,0.647296,0.588690,0.635299,0.566927,0.483859,0.599917,0.666140,0.573109,0.661917,0.648197,0.726833,0.526041,0.675124,0.615811,0.563780,0.500525,0.713178,0.750605,0.645994,0.495807,0.729880,0.686565,0.549532,0.616630,0.515352,0.794859,0.546761,0.694293,0.673793,0.395321,0.533305,0.734950,0.599488,0.749705,0.599122,0.706555,0.609866,0.706557,0.656907,0.681320,0.663584,0.827785,0.485244,0.665841,0.668608,0.667354,0.590966,0.745672,0.688176,0.667421,0.783260,0.795023,0.695292,0.574393,0.669998,0.734674,0.640370,0.712918,0.678151,0.762757,0.677444,0.673753,0.733062,0.495484,0.609748,0.567517,0.715290,0.628538,0.517886,0.618932,0.660011,0.680804,0.716904,0.675606,0.657746,0.763834,0.781807,0.750030,0.558386,0.718800,0.699046,0.709009,0.740688,0.746872,0.623520,0.639922,0.646474,0.610545,0.573985,0.697020,0.732553,0.580883,0.617924,0.395665,0.699795,0.422089,0.594471,0.575711,0.558176,0.754286,0.625665,0.729180,0.640705,0.536352,0.649543,0.736273,0.562207,0.694466,0.652607,0.699406,0.506633,0.685641,0.446896,0.723656,0.583866,0.696640,0.701502,0.718069,0.712859,0.596337,0.720824,0.602967,0.620423,0.561171,0.657768,0.487493,0.649560,0.699859,0.613955,0.719182,0.789662,0.561333,0.693386,0.597748,0.791683,0.753431
art_0168,0.484198,0.453493,0.528814,0.628415,0.491268,0.580106,0.458232,0.577834,0.501517,0.573148,0.467530,0.614431,0.554051,0.626103,0.434752,0.575621,0.518905,0.562151,0.507646,0.426339,0.566710,0.573202,0.521773,0.454173,0.602618,0.540483,0.517846,0.578314,0.579837,0.589280,0.583152,0.515938,0.651292,0.566644,0.585022,0.585955,1.000000,0.485574,0.568259,0.590508,0.660930,0.606304,0.531501,0.560113,0.573551,0.526364,0.528338,0.553316,0.477050,0.445969,0.516782,0.450400,0.527478,0.603121,0.447505,0.568992,0.557726,0.568687,0.627137,0.509906,0.537875,0.485559,0.449950,0.585235,0.508158,0.609884,0.629349,0.651189,0.613537,0.541568,0.651258,0.674162,0.581377,0.554358,0.538370,0.573154,0.621234,0.550702,0.565832,0.508855,0.615926,0.569040,0.588865,0.498644,0.542202,0.542998,0.555622,0.580089,0.478064,0.588544,0.613097,0.546598,0.657071,0.388419,0.496780,0.512528,0.533702,0.611719,0.611803,0.508572,0.512003,0.611677,0.572786,0.538493,0.574672,0.564211,0.518053,0.562035,0.512780,0.560559,0.644507,0.553056,0.543615,0.599773,0.596558,0.603892,0.595108,0.654801,0.384423,0.505955,0.478545,0.503055,0.573122,0.591381,0.513510,0.542771,0.559618,0.444784,0.643421,0.532135,0.548900,0.567660,0.483561,0.354563,0.607904,0.579253,0.586101,0.584237,0.562569,0.563998,0.454842,0.586740,0.553996,0.505694,0.602337,0.605719,0.544151,0.455766,0.688923,0.569301,0.632103,0.640601,0.496099,0.584148,0.676467,0.526279,0.650881,0.551026,0.661786,0.497821,0.596790,0.545024,0.465921,0.536464,0.569771,0.572933,0.558700,0.598323,0.593985,0.720295,0.608380,0.538869,0.662512,0.616484,0.602306,0.513618,0.594753,0.392769,0.516059,0.575516,0.596045,0.610379,0.544904,0.536176,0.570859,0.588051,0.669354,0.608184,0.489894,0.486435,0.568585,0.550020,0.593350,0.536451,0.634181,0.555824,0.494750,0.635327,0.603963,0.588129
art_0173,0.570781,0.648825,0.670910,0.677817,0.504767,0.619565,0.658115,0.581448,0.442218,0.473224,0.485800,0.733421,0.431437,0.582586,0.426004,0.442959,0.402350,0.565822,0.448145,0.556401,0.576025,0.617680,0.634126,0.618340,0.641792,0.555181,0.604130,0.557155,0.500231,0.438471,0.553622,0.641501,0.437036,0.570798,0.488528,0.739453,0.485574,1.000000,0.568965,0.606885,0.483155,0.656282,0.566139,0.634523,0.469762,0.650227,0.343374,0.591190,0.579539,0.501032,0.428655,0.496398,0.438559,0.423286,0.362634,0.538914,0.420012,0.508598,0.646333,0.381362,0.413013,0.516864,0.575033,0.480119,0.656335,0.502354,0.514089,0.430002,0.407028,0.541964,0.634629,0.447201,0.641732,0.618855,0.782703,0.539241,0.585842,0.634962,0.440296,0.453470,0.650708,0.671644,0.590029,0.505497,0.692178,0.607189,0.504758,0.603146,0.486237,0.613218,0.562850,0.705944,0.653421,0.379146,0.465179,0.689158,0.471129,0.585281,0.531052,0.625299,0.561584,0.674323,0.539755,0.545587,0.591001,0.709706,0.406225,0.550119,0.610656,0.587360,0.446180,0.618596,0.569626,0.593204,0.634698,0.727633,0.570712,0.485689,0.645310,0.609095,0.560515,0.629274,0.545772,0.640012,0.527196,0.606329,0.621530,0.502080,0.503490,0.492690,0.584419,0.535121,0.487227,0.609178,0.595537,0.538037,0.700586,0.592859,0.606709,0.648906,0.740863,0.583349,0.600955,0.603607,0.614301,0.588784,0.652106,0.631810,0.478103,0.584373,0.510103,0.508146,0.561947,0.641284,0.585975,0.508255,0.488457,0.287916,0.586970,0.333665,0.482095,0.453509,0.590214,0.684612,0.518208,0.665695,0.556544,0.519115,0.640629,0.608463,0.417340,0.628138,0.527577,0.541862,0.402717,0.589658,0.388347,0.575914,0.467479,0.574416,0.628010,0.617267,0.697997,0.586807,0.596942,0.513765,0.423524,0.467503,0.565137,0.529428,0.516252,0.609415,0.506444,0.697790,0.654739,0.573219,0.667431,0.567898,0.609628,0.710539
art_0177,0.569744,0.530239,0.617621,0.730438,0.460122,0.544437,0.563715,0.530040,0.493682,0.615048,0.449114,0.573572,0.444402,0.579761,0.346678,0.506107,0.565011,0.594661,0.498827,0.552184,0.633434,0.717693,0.629823,0.528792,0.707860,0.581715,0.658536,0.688566,0.638035,0.598956,0.607013,0.651266,0.535877,0.606308,0.536394,0.659178,0.568259,0.568965,1.000000,0.608254,0.639038,0.655946,0.543980,0.646067,0.598194,0.630740,0.447988,0.665971,0.484502,0.542556,0.530945,0.522083,0.541082,0.566153,0.479439,0.583669,0.598483,0.645651,0.716328,0.417679,0.560207,0.525391,0.554994,0.483652,0.533751,0.610811,0.592521,0.516655,0.425171,0.589629,0.561061,0.682634,0.625621,0.529116,0.616404,0.583353,0.654254,0.461380,0.617589,0.433026,0.751284,0.545946,0.616955,0.470180,0.655485,0.611496,0.619700,0.652026,0.516496,0.637971,0.584075,0.577958,0.567954,0.364762,0.559947,0.658412,0.556915,0.702436,0.690923,0.569927,0.582973,0.671969,0.697506,0.689048,0.617717,0.687335,0.499697,0.564904,0.606515,0.686957,0.534081,0.557643,0.543595,0.564502,0.619112,0.682094,0.637161,0.657015,0.405526,0.620773,0.581415,0.578069,0.567033,0.612319,0.641252,0.554036,0.645075,0.481364,0.594214,0.581995,0.644259,0.643947,0.529532,0.523590,0.687270,0.610242,0.612592,0.714624,0.617333,0.659942,0.540779,0.587914,0.575776,0.584562,0.632979,0.689588,0.663789,0.616697,0.579672,0.499938,0.681584,0.614995,0.567245,0.676516,0.626587,0.514600,0.652282,0.501185,0.600728,0.480943,0.600985,0.571911,0.412769,0.649815,0.698907,0.660810,0.673292,0.609117,0.567674,0.698727,0.602087,0.608358,0.571970,0.520443,0.480244,0.583848,0.538860,0.602355,0.602064,0.670332,0.724629,0.738230,0.557052,0.512760,0.678409,0.685778,0.620572,0.587189,0.610719,0.333769,0.587273,0.576450,0.595315,0.652758,0.734292,0.517397,0.619240,0.557598,0.722796,0.620190
art_0182,0.617507,0.582453,0.572817,0.649210,0.586526,0.554436,0.575102,0.632989,0.579705,0.568898,0.521285,0.628549,0.538632,0.627325,0.385144,0.535952,0.418208,0.581120,0.646881,0.527841,0.636917,0.613395,0.632343,0.554543,0.640336,0.655090,0.621331,0.592785,0.555963,0.576894,0.650584,0.595481,0.499232,0.609014,0.503397,0.642209,0.590508,0.606885,0.608254,1.000000,0.532896,0.655502,0.543253,0.651646,0.559281,0.584925,0.502941,0.582717,0.523935,0.666145,0.520710,0.419072,0.460936,0.568119,0.436422,0.529491,0.500976,0.554502,0.617353,0.447475,0.568482,0.517584,0.586649,0.497735,0.528016,0.625031,0.569037,0.552287,0.472507,0.566806,0.608173,0.529856,0.591764,0.594165,0.601713,0.581535,0.663775,0.563833,0.573984,0.508706,0.657543,0.620608,0.593610,0.498931,0.575325,0.662685,0.522691,0.656259,0.554271,0.585421,0.552157,0.626973,0.600886,0.493876,0.597245,0.637502,0.481261,0.621094,0.620038,0.557404,0.615831,0.628642,0.585712,0.570405,0.545545,0.604357,0.480259,0.590140,0.563110,0.659033,0.531974,0.560525,0.574117,0.587312,0.625759,0.641945,0.555948,0.576922,0.439436,0.575634,0.622579,0.575473,0.604955,0.620407,0.592617,0.648101,0.623856,0.554190,0.587899,0.572945,0.577263,0.588922,0.613048,0.625113,0.603120,0.661630,0.617674,0.639643,0.624467,0.631919,0.586265,0.610606,0.516074,0.642480,0.668565,0.654905,0.601072,0.618013,0.567201,0.581312,0.608739,0.545005,0.629453,0.634923,0.629040,0.574609,0.642432,0.408388,0.618914,0.431409,0.570067,0.647745,0.513853,0.656997,0.632530,0.627683,0.637703,0.572794,0.621625,0.664106,0.532185,0.600586,0.622919,0.542356,0.559449,0.498555,0.545628,0.528926,0.485553,0.582568,0.676245,0.635461,0.637056,0.606054,0.623387,0.569671,0.553038,0.543292,0.606346,0.470704,0.576815,0.552490,0.577586,0.615509,0.699604,0.586622,0.609884,0.622511,0.637853,0.596107
art_0187,0.534458,0.505908,0.593480,0.651695,0.483819,0.587266,0.526993,0.510402,0.505775,0.645927,0.494238,0.611342,0.499495,0.531024,0.446755,0.568019,0.609979,0.521482,0.531414,0.510841,0.617932,0.655550,0.604064,0.452965,0.671575,0.532659,0.548485,0.638635,0.622434,0.588740,0.595788,0.546998,0.562399,0.556749,0.552927,0.615185,0.660930,0.483155,0.639038,0.532896,1.000000,0.551624,0.490149,0.595294,0.623151,0.590608,0.539157,0.610213,0.548372,0.506822,0.542702,0.430478,0.519409,0.574349,0.443469,0.584941,0.627652,0.625231,0.617889,0.490066,0.522193,0.475383,0.501257,0.620161,0.526363,0.620894,0.652243,0.589774,0.536573,0.570942,0.568612,0.650948,0.569020,0.568826,0.534913,0.527992,0.609751,0.467025,0.693923,0.524072,0.651437,0.519698,0.576355,0.461852,0.542968,0.559616,0.588658,0.582388,0.511977,0.574689,0.590077,0.524793,0.597762,0.423238,0.545052,0.571542,0.498018,0.594986,0.648706,0.549029,0.591178,0.643096,0.662822,0.582583,0.620002,0.542897,0.495204,0.543633,0.628212,0.621526,0.604399,0.594280,0.566448,0.598050,0.544369,0.618862,0.651749,0.646893,0.422417,0.537795,0.547199,0.578907,0.511635,0.586686,0.559161,0.518575,0.639593,0.455982,0.598937,0.585299,0.603939,0.633095,0.561825,0.440848,0.628797,0.577682,0.627389,0.662256,0.604132,0.609924,0.510356,0.574747,0.553551,0.594602,0.612641,0.688099,0.571121,0.572389,0.628650,0.515663,0.641424,0.589221,0.524979,0.582243,0.594396,0.519070,0.651160,0.564618,0.669660,0.461909,0.625341,0.540337,0.423173,0.581780,0.610815,0.604338,0.637840,0.644744,0.548142,0.628866,0.636806,0.600897,0.576947,0.638794,0.549503,0.549258,0.573632,0.430944,0.623436,0.631522,0.626093,0.627337,0.531024,0.538823,0.637530,0.637024,0.650791,0.575875,0.595553,0.356574,0.597070,0.543481,0.645616,0.572056,0.616495,0.599535,0.522337,0.572379,0.583515,0.581486
art_0191,0.604463,0.681896,0.566937,0.811787,0.569890,0.694699,0.665250,0.546954,0.435122,0.568400,0.554260,0.722916,0.519132,0.619011,0.465919,0.528860,0.542609,0.560277,0.475779,0.567150,0.711247,0.679204,0.674455,0.510733,0.694171,0.629992,0.700845,0.701366,0.520579,0.560749,0.531157,0.639205,0.572647,0.570798,0.653807,0.801312,0.606304,0.656282,0.655946,0.655502,0.551624,1.000000,0.568665,0.740335,0.529822,0.605063,0.429272,0.678977,0.629569,0.462306,0.588445,0.632294,0.601322,0.435163,0.510824,0.606829,0.525601,0.613229,0.750459,0.387130,0.509664,0.693789,0.550145,0.509990,0.534981,0.570613,0.626531,0.561103,0.455358,0.553492,0.677357,0.550391,0.536887,0.554704,0.712817,0.481062,0.663728,0.563810,0.576454,0.535852,0.709095,0.701303,0.685102,0.501567,0.718097,0.674549,0.533310,0.635507,0.520384,0.798865,0.556190,0.643612,0.641318,0.326228,0.496034,0.677349,0.621119,0.767389,0.602172,0.723924,0.576688,0.729540,0.641990,0.658667,0.725846,0.801736,0.490654,0.669213,0.652997,0.648460,0.592925,0.663373,0.667474,0.616666,0.731833,0.700448,0.755009,0.580430,0.584290,0.738633,0.635384,0.677729,0.637703,0.772862,0.641964,0.645610,0.695897,0.467180,0.566047,0.525351,0.745136,0.624697,0.533418,0.543547,0.671563,0.662576,0.722909,0.648563,0.639894,0.760556,0.695630,0.681969,0.560764,0.648996,0.688247,0.683828,0.733310,0.670847,0.613513,0.528779,0.657394,0.602407,0.504387,0.677018,0.744534,0.567894,0.574988,0.443591,0.610498,0.438231,0.552999,0.555354,0.411352,0.714868,0.638363,0.808088,0.664851,0.536387,0.629675,0.760703,0.535441,0.780157,0.621561,0.659751,0.499694,0.692213,0.517841,0.679177,0.534405,0.683220,0.700342,0.710763,0.695569,0.550905,0.763184,0.636748,0.590609,0.556691,0.666829,0.430773,0.636088,0.539530,0.643789,0.698565,0.812884,0.515291,0.622955,0.622691,0.847570,0.752160
art_0196,0.465524,0.450826,0.546902,0.608335,0.493327,0.630548,0.480719,0.528952,0.453036,0.520879,0.449730,0.641421,0.566794,0.544300,0.520975,0.482287,0.593062,0.605668,0.437376,0.504194,0.513279,0.569823,0.595151,0.406377,0.600644,0.439353,0.493316,0.521015,0.501226,0.404841,0.555742,0.574351,0.508429,0.589055,0.514819,0.591050,0.531501,0.566139,0.543980,0.543253,0.490149,0.568665,1.000000,0.597583,0.471484,0.594740,0.314105,0.580158,0.509415,0.523080,0.514752,0.421910,0.499441,0.494109,0.460202,0.607425,0.502870,0.517656,0.547671,0.515495,0.461775,0.539941,0.470066,0.608926,0.593775,0.548694,0.590149,0.635441,0.657604,0.653531,0.550372,0.624615,0.585733,0.535607,0.534305,0.565345,0.546174,0.518358,0.555863,0.498425,0.605599,0.529460,0.574404,0.509666,0.574736,0.500588,0.567474,0.564276,0.470190,0.506593,0.549436,0.584483,0.528572,0.333369,0.478295,0.560915,0.593277,0.588887,0.524108,0.512314,0.539397,0.597313,0.560490,0.595047,0.621913,0.554409,0.457413,0.602449,0.581855,0.545744,0.605909,0.546954,0.541812,0.639908,0.547464,0.563347,0.522142,0.571897,0.461441,0.539550,0.482193,0.534179,0.599826,0.566052,0.466614,0.478694,0.600209,0.480690,0.563437,0.491775,0.584083,0.561479,0.492208,0.465982,0.621578,0.569205,0.589793,0.555389,0.474081,0.556531,0.472219,0.499871,0.495923,0.460270,0.582820,0.537082,0.519584,0.541134,0.616165,0.551295,0.608902,0.603030,0.631956,0.551835,0.526568,0.477890,0.518457,0.535066,0.566900,0.472642,0.577357,0.525206,0.494113,0.576892,0.514533,0.631357,0.633363,0.552820,0.589955,0.640153,0.538663,0.513121,0.531245,0.593156,0.568148,0.514154,0.598334,0.439847,0.516502,0.535216,0.625056,0.510103,0.583196,0.577601,0.614433,0.559003,0.524732,0.543192,0.576857,0.407651,0.480577,0.577309,0.597758,0.509869,0.603695,0.584753,0.474017,0.692642,0.564734,0.539757
art_0201,0.624652,0.654308,0.587971,0.731644,0.549088,0.691997,0.703454,0.556635,0.470738,0.594381,0.564789,0.639256,0.584482,0.592107,0.449091,0.532133,0.499687,0.541834,0.516215,0.620161,0.666829,0.725782,0.627063,0.504271,0.734380,0.672329,0.735468,0.672462,0.603307,0.581798,0.598036,0.639046,0.584772,0.615719,0.655769,0.745506,0.560113,0.634523,0.646067,0.651646,0.595294,0.740335,0.597583,1.000000,0.584128,0.671280,0.426918,0.782252,0.674868,0.576017,0.582486,0.582578,0.589989,0.516737,0.560607,0.615559,0.573400,0.623854,0.698882,0.422461,0.505701,0.616308,0.600462,0.473363,0.565033,0.562490,0.627228,0.666664,0.508001,0.564232,0.638595,0.586763,0.594420,0.564628,0.611793,0.469101,0.610273,0.564343,0.567685,0.521742,0.701757,0.674133,0.645779,0.626612,0.683783,0.648634,0.636315,0.680857,0.609788,0.785991,0.509713,0.620147,0.615175,0.420828,0.533048,0.698227,0.552128,0.748267,0.654551,0.731896,0.639450,0.712870,0.643008,0.714629,0.703647,0.738466,0.512807,0.679352,0.669689,0.653901,0.538123,0.631554,0.581559,0.626290,0.704351,0.682692,0.659437,0.617779,0.626178,0.728656,0.661265,0.706101,0.661969,0.681764,0.619397,0.608003,0.704344,0.565564,0.572120,0.591791,0.674555,0.693806,0.659282,0.589112,0.655684,0.656388,0.661250,0.719109,0.631078,0.717548,0.670808,0.673464,0.573304,0.603594,0.678267,0.726943,0.724364,0.649042,0.597613,0.559633,0.653974,0.597662,0.627715,0.754857,0.677686,0.579174,0.644338,0.454172,0.636298,0.454031,0.588235,0.554595,0.457214,0.680193,0.626661,0.713266,0.637328,0.530815,0.670543,0.763678,0.586150,0.666169,0.613070,0.605511,0.463696,0.658615,0.542028,0.679401,0.563476,0.673964,0.748469,0.683914,0.660133,0.581169,0.716096,0.667728,0.651000,0.579030,0.617812,0.428703,0.598881,0.556851,0.589484,0.687388,0.762226,0.555771,0.598637,0.552464,0.772655,0.676753
art_0205,0.546323,0.548604,0.632581,0.628047,0.629707,0.512866,0.589742,0.607313,0.632015,0.651753,0.623000,0.586043,0.500807,0.616702,0.362117,0.616806,0.528064,0.564280,0.679398,0.480425,0.644811,0.698511,0.646719,0.576933,0.730121,0.615079,0.598317,0.663877,0.670761,0.650358,0.673120,0.538639,0.523033,0.612238,0.453390,0.506477,0.573551,0.469762,0.598194,0.559281,0.623151,0.529822,0.471484,0.584128,1.000000,0.653389,0.495506,0.511980,0.451018,0.655983,0.585463,0.415594,0.583751,0.601415,0.469269,0.669151,0.650428,0.542887,0.582087,0.511882,0.614778,0.433316,0.604729,0.519224,0.552222,0.686663,0.609520,0.588068,0.415372,0.613728,0.544934,0.643770,0.688803,0.544980,0.495395,0.517892,0.621892,0.482618,0.700637,0.599528,0.689405,0.596907,0.615549,0.482203,0.535637,0.569163,0.673400,0.632859,0.580799,0.504629,0.618759,0.542260,0.600933,0.627691,0.686584,0.618215,0.500984,0.631111,0.687615,0.564591,0.716222,0.686343,0.611401,0.611690,0.609203,0.517118,0.441275,0.530682,0.544189,0.632642,0.505857,0.571431,0.632041,0.632936,0.524348,0.614502,0.544635,0.612429,0.357641,0.497643,0.652469,0.578084,0.500005,0.480177,0.603753,0.473836,0.648201,0.527004,0.568694,0.734323,0.567355,0.595559,0.632568,0.552633,0.586969,0.636807,0.602423,0.631348,0.594899,0.557274,0.472973,0.461368,0.571222,0.598814,0.619835,0.737794,0.591230,0.556798,0.595058,0.625229,0.624533,0.532057,0.615547,0.635175,0.551622,0.508417,0.655292,0.486066,0.675999,0.500242,0.667323,0.512030,0.510878,0.548317,0.650982,0.546029,0.639561,0.549070,0.580479,0.598002,0.649886,0.551837,0.519612,0.537893,0.457006,0.486983,0.563255,0.431461,0.695673,0.581094,0.674608,0.671482,0.583298,0.560815,0.637904,0.640089,0.638657,0.503672,0.563275,0.382101,0.623717,0.557105,0.537544,0.591617,0.599479,0.563661,0.543987,0.596055,0.573844,0.579101
art_0210,0.612017,0.713008,0.734411,0.665448,0.571195,0.653372,0.742795,0.644766,0.540387,0.627198,0.616446,0.619357,0.509380,0.606869,0.354073,0.582509,0.574368,0.587474,0.552914,0.558241,0.651359,0.736404,0.696860,0.628507,0.700262,0.657979,0.684317,0.645585,0.672157,0.508176,0.638281,0.628319,0.521797,0.667859,0.504668,0.625203,0.526364,0.650227,0.630740,0.584925,0.590608,0.605063,0.594740,0.671280,0.653389,1.000000,0.393444,0.594303,0.531816,0.617962,0.517844,0.447125,0.513710,0.544672,0.508019,0.651272,0.613750,0.601747,0.638203,0.487297,0.552510,0.498788,0.667053,0.506963,0.615553,0.639516,0.661775,0.546934,0.391230,0.651880,0.588509,0.624709,0.720071,0.600092,0.657069,0.547308,0.625244,0.532776,0.643126,0.572517,0.702532,0.617611,0.700661,0.446746,0.606384,0.647515,0.648516,0.736947,0.595256,0.537224,0.618694,0.674224,0.697504,0.552342,0.583401,0.700366,0.506233,0.640401,0.671178,0.588395,0.682608,0.707948,0.643547,0.620240,0.668197,0.629017,0.496226,0.574896,0.678001,0.708234,0.520318,0.669743,0.670193,0.597745,0.574536,0.666195,0.629055,0.595358,0.520636,0.591030,0.720262,0.726576,0.565584,0.602736,0.609739,0.540630,0.727930,0.563403,0.588265,0.692562,0.681416,0.589659,0.646557,0.638926,0.639275,0.652373,0.706532,0.632486,0.623650,0.650462,0.610520,0.547437,0.671549,0.614617,0.666224,0.686842,0.667105,0.631631,0.564838,0.615110,0.621940,0.562874,0.660765,0.674373,0.562752,0.582501,0.670376,0.516636,0.647715,0.510427,0.657077,0.459644,0.572360,0.632405,0.683127,0.690056,0.627681,0.600095,0.704949,0.638351,0.613969,0.643288,0.552385,0.605640,0.462981,0.625389,0.549818,0.554758,0.658951,0.592392,0.700366,0.685359,0.613747,0.647057,0.694264,0.669617,0.634235,0.560963,0.649258,0.416926,0.650900,0.564583,0.583187,0.693748,0.686452,0.681626,0.636354,0.593735,0.622536,0.653109
art_0215,0.487166,0.405123,0.437468,0.458728,0.375884,0.336371,0.423517,0.479468,0.409347,0.505845,0.479013,0.462883,0.417637,0.533516,0.311662,0.472955,0.397541,0.416367,0.393211,0.430507,0.449016,0.486406,0.461590,0.361393,0.493448,0.460666,0.359398,0.470864,0.442646,0.527534,0.481692,0.375719,0.466884,0.437199,0.439822,0.426011,0.528338,0.343374,0.447988,0.502941,0.539157,0.429272,0.314105,0.426918,0.495506,0.393444,1.000000,0.414839,0.385641,0.424517,0.433399,0.367119,0.419768,0.451590,0.302004,0.407840,0.503038,0.546689,0.470482,0.395989,0.496432,0.364553,0.415491,0.437306,0.315342,0.526128,0.509909,0.433238,0.394972,0.433443,0.416576,0.521228,0.415031,0.505392,0.470999,0.407595,0.538975,0.359497,0.509613,0.439918,0.494356,0.414192,0.456241,0.286919,0.409870,0.423380,0.447045,0.473541,0.500793,0.440868,0.527919,0.457294,0.524953,0.404618,0.402325,0.411090,0.363406,0.410379,0.570113,0.442761,0.445835,0.451066,0.449311,0.446964,0.341421,0.442159,0.364894,0.412393,0.397739,0.491787,0.508291,0.441987,0.482489,0.491652,0.456008,0.401175,0.441810,0.517378,0.190600,0.404402,0.454017,0.396825,0.421427,0.473201,0.445676,0.467987,0.449930,0.362887,0.452938,0.485022,0.396690,0.550296,0.529704,0.480914,0.461488,0.480457,0.480185,0.478387,0.493470,0.390715,0.328065,0.476100,0.501227,0.450635,0.497998,0.564474,0.396735,0.471422,0.574678,0.376541,0.577167,0.447442,0.378388,0.386151,0.523481,0.464424,0.559973,0.391877,0.515283,0.335972,0.458764,0.513865,0.362680,0.460804,0.456184,0.372517,0.482524,0.547535,0.450649,0.468407,0.441457,0.418938,0.577530,0.444924,0.560569,0.399405,0.471673,0.349600,0.490943,0.508649,0.472966,0.479140,0.348338,0.397332,0.464948,0.489140,0.551229,0.498796,0.495232,0.333991,0.521588,0.471791,0.528673,0.488136,0.428649,0.487203,0.403863,0.521561,0.445382,0.458483
art_0219,0.572721,0.555542,0.550647,0.734993,0.413520,0.681746,0.587821,0.477904,0.452561,0.534850,0.412017,0.634328,0.514794,0.539855,0.432248,0.484342,0.493704,0.516062,0.432047,0.612240,0.602929,0.672316,0.534545,0.460094,0.707815,0.532804,0.663919,0.668781,0.576404,0.533812,0.516914,0.551007,0.528710,0.535368,0.636126,0.700352,0.553316,0.591190,0.665971,0.582717,0.610213,0.678977,0.580158,0.782252,0.511980,0.594303,0.414839,1.000000,0.650555,0.463745,0.530828,0.582778,0.574920,0.518316,0.606321,0.578825,0.540095,0.594492,0.719298,0.379379,0.452306,0.595423,0.498306,0.425603,0.557155,0.504787,0.602862,0.641847,0.467429,0.555740,0.571742,0.625172,0.557565,0.607421,0.599355,0.450056,0.611356,0.440625,0.501973,0.463345,0.704083,0.631073,0.543360,0.553668,0.698920,0.580945,0.586695,0.641653,0.575629,0.754529,0.450271,0.594525,0.542755,0.338468,0.536847,0.640970,0.524669,0.698018,0.611724,0.631391,0.535118,0.694567,0.602203,0.694714,0.628496,0.671419,0.523084,0.643031,0.671366,0.588634,0.536586,0.553086,0.529054,0.566024,0.656793,0.605661,0.668388,0.651072,0.536215,0.694519,0.559154,0.577250,0.617219,0.752677,0.569493,0.605480,0.634238,0.471986,0.581574,0.547296,0.656609,0.567863,0.553207,0.519070,0.672649,0.603906,0.611475,0.658274,0.609028,0.663206,0.579600,0.620043,0.510427,0.558261,0.684483,0.718234,0.686184,0.655084,0.591861,0.438094,0.636685,0.599059,0.549905,0.597780,0.636366,0.520164,0.607964,0.445746,0.582992,0.461978,0.542132,0.541357,0.378048,0.614474,0.577194,0.717984,0.592291,0.526781,0.571548,0.767960,0.608237,0.624707,0.538893,0.610176,0.451940,0.707831,0.501287,0.646246,0.539004,0.661516,0.681709,0.666967,0.592872,0.521688,0.675860,0.648545,0.618724,0.589238,0.576537,0.360967,0.544141,0.558508,0.507017,0.669405,0.727353,0.509285,0.577752,0.472701,0.768009,0.594785
art_0224,0.558460,0.586074,0.500371,0.626512,0.498878,0.656127,0.553126,0.450467,0.425197,0.481424,0.397220,0.623090,0.550256,0.523751,0.451666,0.494426,0.431178,0.425673,0.409775,0.539969,0.662255,0.572563,0.551848,0.435412,0.621280,0.624838,0.618945,0.583766,0.485490,0.537710,0.486873,0.556905,0.505332,0.494314,0.579011,0.672050,0.477050,0.579539,0.484502,0.523935,0.548372,0.629569,0.509415,0.674868,0.451018,0.531816,0.385641,0.650555,1.000000,0.460158,0.486443,0.610346,0.491625,0.435470,0.474180,0.542235,0.526806,0.515562,0.617506,0.405941,0.483308,0.582149,0.488916,0.486600,0.513009,0.487254,0.528178,0.592006,0.518394,0.492252,0.541779,0.478869,0.474764,0.497505,0.533529,0.404777,0.517882,0.583203,0.454021,0.543484,0.561642,0.656753,0.530707,0.463987,0.553976,0.599954,0.484786,0.534937,0.512576,0.721816,0.416203,0.605451,0.574506,0.390799,0.448814,0.584466,0.486303,0.620833,0.515341,0.642944,0.508003,0.654768,0.520931,0.592717,0.565989,0.637403,0.375753,0.596750,0.601235,0.559659,0.483291,0.596655,0.603793,0.490753,0.621609,0.554035,0.652309,0.486516,0.598778,0.657796,0.594762,0.592286,0.548061,0.693395,0.534088,0.552573,0.625484,0.476815,0.459786,0.476287,0.589541,0.492579,0.525735,0.540142,0.511453,0.549606,0.648764,0.528334,0.524038,0.636311,0.599056,0.638254,0.469208,0.589488,0.601741,0.575053,0.638716,0.570674,0.494408,0.515000,0.529117,0.477052,0.516309,0.577013,0.650422,0.606339,0.555325,0.344690,0.608566,0.356475,0.473479,0.459336,0.400524,0.634962,0.479852,0.669707,0.502704,0.463325,0.572877,0.619864,0.475141,0.579214,0.579427,0.587660,0.391968,0.628630,0.471405,0.552132,0.463224,0.619966,0.587433,0.571074,0.564367,0.521277,0.634162,0.499173,0.553161,0.464393,0.589041,0.471255,0.522361,0.493232,0.531064,0.558446,0.656993,0.536993,0.541269,0.522608,0.616740,0.593795
art_0229,0.536592,0.529844,0.611706,0.547890,0.558434,0.507404,0.561709,0.587048,0.583542,0.541420,0.532083,0.514214,0.499900,0.534807,0.291958,0.550426,0.413994,0.473208,0.627795,0.495488,0.572971,0.618308,0.582228,0.554406,0.573832,0.634093,0.573804,0.505942,0.624363,0.602275,0.612444,0.510149,0.393249,0.620555,0.349282,0.521588,0.445969,0.501032,0.542556,0.666145,0.506822,0.462306,0.523080,0.576017,0.655983,0.617962,0.424517,0.463745,0.460158,1.000000,0.521088,0.366478,0.429604,0.529186,0.396965,0.519849,0.524126,0.480681,0.537459,0.532713,0.582054,0.366675,0.606593,0.437004,0.516760,0.641685,0.572822,0.527517,0.395185,0.503119,0.511461,0.525996,0.598756,0.550525,0.488586,0.554380,0.608322,0.525626,0.558488,0.470644,0.546658,0.533001,0.555635,0.412082,0.446498,0.633694,0.595464,0.583608,0.576474,0.462263,0.557001,0.589562,0.607776,0.608586,0.552183,0.603712,0.408594,0.523248,0.570427,0.468719,0.671511,0.579938,0.576021,0.538119,0.465897,0.479583,0.366938,0.527039,0.533760,0.621103,0.452661,0.590232,0.537767,0.533611,0.488504,0.598321,0.470460,0.525797,0.381182,0.436327,0.619914,0.579130,0.536619,0.455431,0.604520,0.555750,0.635329,0.604930,0.546987,0.601229,0.477231,0.498132,0.678256,0.640913,0.546133,0.618631,0.588231,0.519542,0.555673,0.515285,0.499756,0.485691,0.558690,0.566139,0.613648,0.609524,0.507623,0.503671,0.534061,0.595283,0.494779,0.455554,0.672300,0.570212,0.492566,0.499187,0.678199,0.380385,0.583761,0.369228,0.591312,0.559344,0.531582,0.580062,0.649315,0.483930,0.594845,0.525528,0.607743,0.568580,0.545938,0.484944,0.569018,0.501502,0.435811,0.392581,0.550977,0.464529,0.591457,0.494550,0.656354,0.597942,0.564385,0.571461,0.592248,0.526760,0.544887,0.495708,0.488127,0.398843,0.541172,0.461124,0.548999,0.537862,0.552945,0.583105,0.616050,0.587758,0.523970,0.498339
art_0233,0.503910,0.437286,0.526458,0.601736,0.522576,0.524345,0.460999,0.505963,0.478128,0.544436,0.479408,0.543865,0.482644,0.522265,0.338180,0.510729,0.508224,0.492868,0.473120,0.477420,0.642860,0.598391,0.612614,0.398823,0.628355,0.464772,0.567581,0.564478,0.553731,0.569408,0.657615,0.475096,0.466786,0.575028,0.502565,0.513314,0.516782,0.428655,0.530945,0.520710,0.542702,0.588445,0.514752,0.582486,0.585463,0.517844,0.433399,0.530828,0.486443,0.521088,1.000000,0.600343,0.718323,0.539198,0.465553,0.677111,0.689693,0.546129,0.547760,0.603190,0.599538,0.552390,0.409551,0.428492,0.433414,0.569969,0.542164,0.499084,0.396008,0.568554,0.538514,0.471909,0.528658,0.497719,0.468118,0.466515,0.563915,0.433286,0.607498,0.541827,0.612307,0.502832,0.522759,0.395835,0.544556,0.504513,0.584885,0.521433,0.507073,0.571995,0.517712,0.511419,0.484781,0.443583,0.534850,0.550756,0.555128,0.624972,0.619513,0.639256,0.601413,0.574085,0.519021,0.590867,0.575414,0.546989,0.361024,0.572918,0.554981,0.585033,0.509312,0.483028,0.495457,0.611870,0.554781,0.530191,0.569601,0.592587,0.396948,0.482070,0.562009,0.533401,0.524582,0.531674,0.555885,0.471125,0.562695,0.457726,0.497858,0.466882,0.556190,0.540611,0.544702,0.432641,0.564834,0.558093,0.554192,0.580798,0.509329,0.555471,0.433833,0.497864,0.512335,0.534917,0.627774,0.655395,0.563193,0.519042,0.515971,0.510553,0.637066,0.501179,0.549616,0.559778,0.543667,0.435674,0.548178,0.442648,0.576961,0.378771,0.611225,0.509532,0.383947,0.572253,0.567168,0.530218,0.620688,0.519857,0.532612,0.568045,0.523841,0.522950,0.506534,0.524746,0.461473,0.478890,0.524663,0.474536,0.631583,0.571294,0.589532,0.558396,0.574908,0.506448,0.547106,0.592116,0.528755,0.472155,0.553880,0.389310,0.554281,0.483604,0.564591,0.541368,0.590429,0.468151,0.449877,0.583286,0.579093,0.550276
art_0238,0.443361,0.490649,0.422680,0.631593,0.444341,0.510775,0.481124,0.378303,0.340448,0.387106,0.318085,0.503305,0.482656,0.421377,0.325370,0.398859,0.456820,0.374028,0.379633,0.519836,0.600921,0.502503,0.572499,0.411772,0.533899,0.496765,0.608261,0.563431,0.392222,0.458099,0.467153,0.569186,0.515820,0.434227,0.622603,0.597547,0.450400,0.496398,0.522083,0.419072,0.430478,0.632294,0.421910,0.582578,0.415594,0.447125,0.367119,0.582778,0.610346,0.366478,0.600343,1.000000,0.745110,0.370093,0.382664,0.614989,0.586452,0.480984,0.559795,0.470805,0.498366,0.599738,0.368807,0.368048,0.355521,0.413722,0.438778,0.473250,0.395930,0.397207,0.503430,0.445133,0.424108,0.425590,0.516930,0.370107,0.484831,0.467864,0.413013,0.481241,0.557342,0.557446,0.439198,0.344731,0.555841,0.536783,0.458782,0.502551,0.448017,0.648779,0.376902,0.606324,0.520654,0.262151,0.447487,0.585093,0.434898,0.614849,0.456214,0.681938,0.472089,0.546105,0.469497,0.518336,0.483639,0.661029,0.366767,0.656663,0.550415,0.525043,0.440086,0.531861,0.511713,0.433901,0.602983,0.506172,0.631534,0.480683,0.486057,0.560268,0.499764,0.500577,0.519466,0.622082,0.529940,0.514428,0.552526,0.361120,0.430776,0.382541,0.564150,0.482684,0.399479,0.416189,0.506326,0.469056,0.567366,0.463083,0.522822,0.507994,0.558732,0.612526,0.416424,0.523182,0.571084,0.575541,0.625144,0.554038,0.524570,0.426803,0.525057,0.499606,0.446381,0.575654,0.595843,0.460643,0.416450,0.370895,0.504996,0.369588,0.474118,0.435834,0.281992,0.542913,0.447687,0.548152,0.442030,0.491238,0.509897,0.586925,0.434317,0.487107,0.523612,0.573555,0.355663,0.638883,0.357063,0.573795,0.445604,0.534288,0.523849,0.552850,0.556823,0.412948,0.573166,0.498558,0.507584,0.414652,0.545201,0.397877,0.517408,0.432572,0.526995,0.525742,0.613627,0.384919,0.450398,0.453536,0.635722,0.566950
art_0243,0.443093,0.431830,0.454305,0.636844,0.506871,0.516381,0.467479,0.458155,0.450243,0.556445,0.449087,0.552433,0.515332,0.495613,0.359930,0.484817,0.588569,0.470180,0.474178,0.520750,0.593851,0.601997,0.621518,0.396862,0.660219,0.456390,0.594193,0.609853,0.529236,0.526079,0.595142,0.532422,0.533436,0.504954,0.628667,0.546622,0.527478,0.438559,0.541082,0.460936,0.519409,0.601322,0.499441,0.589989,0.583751,0.513710,0.419768,0.574920,0.491625,0.429604,0.718323,0.745110,1.000000,0.459932,0.440866,0.783152,0.703381,0.565188,0.570515,0.602753,0.591677,0.585926,0.407729,0.431200,0.410887,0.519276,0.539538,0.527878,0.441362,0.540734,0.490061,0.533660,0.506554,0.490874,0.456696,0.434728,0.542582,0.384902,0.598081,0.562741,0.665205,0.494735,0.512908,0.380801,0.553401,0.495287,0.601408,0.544025,0.464223,0.581939,0.458013,0.502132,0.527389,0.368024,0.541534,0.565443,0.536896,0.672812,0.539550,0.692321,0.556382,0.592529,0.477882,0.587247,0.547829,0.585985,0.374898,0.644356,0.512068,0.568172,0.497706,0.481061,0.540069,0.522242,0.571398,0.500273,0.609519,0.541989,0.435033,0.509908,0.542005,0.543747,0.556373,0.552560,0.557087,0.458971,0.573531,0.433075,0.501246,0.485842,0.579271,0.557006,0.488071,0.397122,0.596451,0.537286,0.549165,0.597414,0.563302,0.525247,0.401812,0.496664,0.459647,0.509235,0.572657,0.653203,0.622235,0.530502,0.619803,0.474603,0.668938,0.511351,0.479949,0.595235,0.595325,0.470796,0.509090,0.507764,0.596916,0.453534,0.587581,0.441421,0.305543,0.488570,0.551559,0.524438,0.560563,0.577926,0.526005,0.615426,0.563266,0.510492,0.492162,0.562662,0.441748,0.545634,0.496376,0.463987,0.580365,0.545565,0.599953,0.601872,0.586017,0.496304,0.625282,0.565486,0.539976,0.454407,0.568422,0.372036,0.548006,0.511728,0.561518,0.533697,0.640288,0.431314,0.402865,0.531983,0.629155,0.563351
art_0247,0.426922,0.384925,0.562251,0.522608,0.413043,0.499317,0.422342,0.599539,0.557156,0.575568,0.431680,0.548924,0.455990,0.595953,0.420585,0.533423,0.442530,0.631060,0.555672,0.522054,0.554768,0.596044,0.502532,0.397436,0.638375,0.555629,0.550097,0.528961,0.631424,0.643794,0.662232,0.427767,0.531768,0.527117,0.450229,0.532855,0.603121,0.423286,0.566153,0.568119,0.574349,0.435163,0.494109,0.516737,0.601415,0.544672,0.451590,0.518316,0.435470,0.529186,0.539198,0.370093,0.459932,1.000000,0.483200,0.571806,0.570052,0.518488,0.477135,0.467080,0.607487,0.359118,0.476668,0.432240,0.670698,0.603507,0.651683,0.612762,0.448976,0.665430,0.525053,0.574759,0.566132,0.543474,0.423697,0.498447,0.618530,0.467278,0.608302,0.474825,0.583724,0.504934,0.462905,0.453701,0.557669,0.493434,0.586276,0.550775,0.513389,0.459332,0.552541,0.473332,0.517267,0.509591,0.520302,0.514241,0.479616,0.536645,0.644235,0.428805,0.573678,0.593449,0.545688,0.516800,0.521087,0.471235,0.461257,0.475763,0.501578,0.561657,0.463692,0.488820,0.504956,0.608018,0.549093,0.572420,0.434067,0.615257,0.324330,0.466347,0.517696,0.473247,0.523668,0.468894,0.521475,0.448913,0.530624,0.519051,0.556931,0.552932,0.458883,0.489286,0.494442,0.445496,0.592244,0.558421,0.519960,0.574817,0.483573,0.461007,0.442647,0.483588,0.543240,0.498354,0.630792,0.619635,0.470323,0.520474,0.545246,0.634338,0.638314,0.544038,0.579828,0.544562,0.531591,0.509181,0.653627,0.461351,0.629729,0.483471,0.585106,0.512415,0.565613,0.480830,0.566995,0.442157,0.603599,0.513322,0.488876,0.593665,0.516496,0.395657,0.559217,0.544449,0.482935,0.403875,0.556625,0.417033,0.603054,0.525942,0.604507,0.571112,0.523184,0.551832,0.445275,0.598718,0.594066,0.594536,0.512886,0.438548,0.491922,0.639818,0.474556,0.497944,0.495119,0.534711,0.514266,0.546244,0.492878,0.445457
art_0252,0.443045,0.362026,0.458955,0.549323,0.411891,0.565930,0.426753,0.434846,0.394702,0.429629,0.327276,0.468426,0.492009,0.443229,0.382048,0.486923,0.403296,0.431078,0.392536,0.397830,0.505761,0.537060,0.455886,0.353978,0.542551,0.432418,0.558500,0.484678,0.488085,0.415097,0.462878,0.354636,0.443776,0.402097,0.398876,0.448455,0.447505,0.362634,0.479439,0.436422,0.443469,0.510824,0.460202,0.560607,0.469269,0.508019,0.302004,0.606321,0.474180,0.396965,0.465553,0.382664,0.440866,0.483200,1.000000,0.532903,0.497555,0.472383,0.549218,0.364819,0.368403,0.377598,0.369885,0.297096,0.474434,0.460467,0.525854,0.551530,0.318244,0.497749,0.492966,0.483558,0.401109,0.386396,0.344419,0.298156,0.453642,0.285931,0.470300,0.426023,0.528558,0.425184,0.422332,0.444006,0.482205,0.446302,0.565429,0.563236,0.577606,0.568393,0.386080,0.402582,0.434455,0.373915,0.488994,0.503130,0.491254,0.522058,0.516323,0.429648,0.443033,0.573741,0.499948,0.561167,0.590692,0.400894,0.399712,0.589271,0.499435,0.500287,0.487022,0.426181,0.403839,0.437770,0.505592,0.360726,0.525167,0.576097,0.369127,0.482816,0.436530,0.465329,0.462437,0.560039,0.440514,0.386162,0.480175,0.473816,0.435131,0.420425,0.523010,0.358661,0.430247,0.396389,0.497348,0.530351,0.442545,0.463726,0.362516,0.553225,0.374714,0.413008,0.457269,0.364361,0.548513,0.496197,0.504367,0.419643,0.446510,0.411945,0.452529,0.487258,0.450370,0.456322,0.464087,0.462691,0.476760,0.534866,0.387202,0.510885,0.475571,0.326583,0.284793,0.422448,0.472728,0.563735,0.490605,0.405227,0.457720,0.606287,0.489293,0.464786,0.362294,0.421603,0.352309,0.575851,0.496493,0.414528,0.517763,0.460110,0.509619,0.518134,0.473167,0.453447,0.566375,0.562383,0.519531,0.460070,0.392334,0.262866,0.441781,0.367371,0.366116,0.513432,0.544860,0.349652,0.390607,0.358924,0.575649,0.404727
art_0257,0.520652,0.540750,0.606367,0.687173,0.623301,0.627122,0.572956,0.560491,0.555634,0.593017,0.517969,0.643558,0.586875,0.613396,0.532870,0.581537,0.643795,0.583489,0.530745,0.535456,0.666503,0.644159,0.704354,0.480103,0.720634,0.534755,0.624950,0.645786,0.606673,0.522485,0.666815,0.575116,0.565516,0.594167,0.551156,0.572849,0.568992,0.538914,0.583669,0.529491,0.584941,0.606829,0.607425,0.615559,0.669151,0.651272,0.407840,0.578825,0.542235,0.519849,0.677111,0.614989,0.783152,0.571806,0.532903,1.000000,0.693078,0.587987,0.602028,0.655090,0.630920,0.577994,0.513991,0.541918,0.569740,0.639468,0.615951,0.649657,0.526167,0.678529,0.563214,0.612455,0.626995,0.527119,0.492809,0.520780,0.589820,0.516484,0.633117,0.606961,0.678004,0.571592,0.598436,0.463232,0.588515,0.538671,0.711130,0.661294,0.538870,0.559820,0.557537,0.608917,0.592160,0.464526,0.642535,0.651255,0.595209,0.686392,0.646088,0.662057,0.629602,0.692492,0.597235,0.628869,0.675808,0.576335,0.427461,0.642464,0.593372,0.645757,0.536584,0.567825,0.605420,0.594831,0.581312,0.581310,0.651618,0.633407,0.477263,0.602285,0.621634,0.613410,0.560195,0.584208,0.565980,0.467349,0.661791,0.498447,0.590065,0.575619,0.601209,0.563394,0.537202,0.497355,0.600875,0.612190,0.614098,0.636473,0.565723,0.588878,0.508279,0.504594,0.559164,0.555768,0.650880,0.680918,0.686270,0.557029,0.599591,0.622967,0.651394,0.601461,0.607591,0.654467,0.588456,0.596196,0.552792,0.604586,0.658027,0.591397,0.682574,0.450997,0.460170,0.564102,0.607177,0.624699,0.639667,0.569070,0.657292,0.648818,0.613884,0.609447,0.527307,0.634735,0.467017,0.605544,0.558602,0.438220,0.700121,0.577438,0.637128,0.635462,0.624836,0.565074,0.658063,0.666271,0.572595,0.512076,0.587623,0.432131,0.556831,0.558983,0.598560,0.626359,0.642841,0.542801,0.490266,0.597065,0.604832,0.615262
art_0261,0.481181,0.452294,0.534759,0.575158,0.466877,0.544403,0.489114,0.564731,0.470868,0.669273,0.500212,0.565030,0.587545,0.556767,0.362792,0.562194,0.544545,0.487769,0.543661,0.489871,0.627110,0.666144,0.614703,0.462480,0.690925,0.505002,0.619564,0.620923,0.671880,0.643522,0.680292,0.485808,0.542985,0.593234,0.567526,0.540216,0.557726,0.420012,0.598483,0.500976,0.627652,0.525601,0.502870,0.573400,0.650428,0.613750,0.503038,0.540095,0.526806,0.524126,0.689693,0.586452,0.703381,0.570052,0.497555,0.693078,1.000000,0.619869,0.593229,0.559856,0.619550,0.476945,0.466466,0.475664,0.460585,0.599766,0.627446,0.564357,0.450350,0.580327,0.508464,0.581729,0.597663,0.509887,0.487068,0.513665,0.622569,0.426977,0.678700,0.535946,0.656503,0.466421,0.536931,0.424146,0.505942,0.493622,0.642723,0.641586,0.551673,0.543758,0.620169,0.536175,0.556122,0.505724,0.561675,0.561990,0.547719,0.593885,0.700797,0.612320,0.637116,0.586043,0.599324,0.634718,0.631903,0.559041,0.475142,0.597359,0.595002,0.638232,0.584270,0.567387,0.560116,0.568300,0.600048,0.541068,0.605168,0.697926,0.389241,0.562035,0.617747,0.552051,0.577717,0.540187,0.640959,0.491865,0.604041,0.492958,0.561396,0.533883,0.606464,0.619264,0.587485,0.545838,0.592014,0.616980,0.560147,0.574986,0.527296,0.576947,0.410968,0.527058,0.568333,0.576851,0.647303,0.683037,0.552971,0.518061,0.643278,0.554502,0.666836,0.541435,0.532909,0.597319,0.604004,0.526273,0.632940,0.533068,0.594574,0.467749,0.719176,0.492632,0.441000,0.537721,0.642120,0.555127,0.642354,0.628856,0.541095,0.569341,0.676091,0.529814,0.554023,0.587460,0.516029,0.501020,0.566875,0.443585,0.735970,0.633426,0.650070,0.668756,0.528733,0.567513,0.627172,0.670857,0.644143,0.569536,0.617598,0.415762,0.567078,0.542620,0.586485,0.542586,0.624701,0.564487,0.485897,0.578131,0.587136,0.567443
art_0266,0.556764,0.516842,0.552170,0.672031,0.478761,0.553327,0.603908,0.600222,0.442838,0.673474,0.564970,0.616221,0.532965,0.590802,0.392591,0.587986,0.533470,0.501491,0.464407,0.511153,0.611354,0.698327,0.618773,0.548465,0.658373,0.549586,0.554006,0.684483,0.604264,0.577955,0.628003,0.597080,0.528399,0.588101,0.601594,0.579945,0.568687,0.508598,0.645651,0.554502,0.625231,0.613229,0.517656,0.623854,0.542887,0.601747,0.546689,0.594492,0.515562,0.480681,0.546129,0.480984,0.565188,0.518488,0.472383,0.587987,0.619869,1.000000,0.670128,0.455543,0.449194,0.532737,0.520257,0.545697,0.459568,0.597558,0.683499,0.549054,0.481751,0.531109,0.550020,0.619767,0.565369,0.564719,0.596350,0.508398,0.700536,0.446346,0.628445,0.527847,0.669904,0.500900,0.643558,0.466514,0.569356,0.574797,0.624717,0.625131,0.557783,0.627624,0.597159,0.588045,0.578939,0.439174,0.529323,0.601315,0.564050,0.604051,0.675932,0.572996,0.606580,0.655239,0.584171,0.674557,0.640759,0.606256,0.539462,0.617968,0.627016,0.679262,0.532453,0.525463,0.552610,0.580538,0.631248,0.583962,0.652628,0.638062,0.370165,0.600537,0.566746,0.514738,0.659501,0.623851,0.630316,0.549279,0.599729,0.583350,0.625769,0.529917,0.608524,0.678907,0.668859,0.576824,0.641952,0.606416,0.632391,0.692510,0.643406,0.609589,0.461450,0.609376,0.580307,0.573671,0.621149,0.673443,0.561090,0.580070,0.671641,0.483071,0.686542,0.559477,0.502602,0.614955,0.628733,0.585538,0.664704,0.517865,0.617795,0.421622,0.658665,0.561516,0.462340,0.533713,0.633425,0.637443,0.651958,0.736813,0.577259,0.674275,0.568162,0.589469,0.585323,0.558497,0.506800,0.547891,0.600231,0.513121,0.591543,0.641685,0.644323,0.613505,0.535459,0.556544,0.628414,0.629188,0.600495,0.658425,0.700663,0.414236,0.545973,0.525596,0.613435,0.654418,0.651287,0.646579,0.544030,0.583546,0.674168,0.604908
art_0270,0.621215,0.614338,0.596413,0.804328,0.535233,0.692117,0.628739,0.558990,0.483441,0.586695,0.482066,0.662157,0.545295,0.603402,0.366515,0.568501,0.537897,0.544608,0.479587,0.566251,0.686362,0.725646,0.610386,0.561915,0.720784,0.633579,0.707958,0.715964,0.600570,0.640868,0.587538,0.584886,0.538739,0.532050,0.621592,0.730048,0.627137,0.646333,0.716328,0.617353,0.617889,0.750459,0.547671,0.698882,0.582087,0.638203,0.470482,0.719298,0.617506,0.537459,0.547760,0.559795,0.570515,0.477135,0.549218,0.602028,0.593229,0.670128,1.000000,0.412646,0.507712,0.577681,0.559750,0.489766,0.484835,0.583035,0.606285,0.545564,0.471573,0.535665,0.659860,0.639260,0.592048,0.544107,0.622655,0.513596,0.685578,0.518130,0.554289,0.523270,0.700473,0.611218,0.607742,0.454692,0.631261,0.601431,0.627257,0.656922,0.587384,0.717474,0.566729,0.608816,0.664317,0.395701,0.537299,0.686188,0.543515,0.734411,0.678891,0.651675,0.564662,0.738111,0.658104,0.679110,0.699972,0.687418,0.559572,0.637424,0.676640,0.661269,0.568284,0.617233,0.578724,0.543931,0.639076,0.644182,0.785186,0.669345,0.524636,0.702852,0.586071,0.659193,0.593845,0.736235,0.663619,0.682290,0.662085,0.466491,0.648130,0.559361,0.734209,0.622796,0.545765,0.586770,0.693243,0.694287,0.695599,0.706121,0.671447,0.767397,0.588239,0.669651,0.569345,0.608617,0.685264,0.739371,0.738840,0.644123,0.599899,0.485376,0.623225,0.633225,0.541454,0.686841,0.749727,0.577195,0.657028,0.508990,0.627446,0.456241,0.612315,0.630420,0.387694,0.683918,0.666907,0.776019,0.641277,0.650205,0.674392,0.745431,0.624790,0.678656,0.647709,0.611874,0.463627,0.692983,0.514059,0.661615,0.558531,0.746823,0.719292,0.735990,0.648118,0.544581,0.799116,0.711630,0.632475,0.574758,0.716792,0.461063,0.567386,0.501304,0.572171,0.752191,0.812721,0.560271,0.576321,0.577715,0.807222,0.677904
art_0275,0.348305,0.366449,0.470065,0.476964,0.500198,0.460062,0.335189,0.485346,0.482557,0.495378,0.396017,0.457438,0.509590,0.510834,0.400509,0.484851,0.523971,0.392155,0.473036,0.395236,0.509227,0.485386,0.592247,0.412495,0.528933,0.434598,0.500691,0.407928,0.491304,0.495066,0.565184,0.444922,0.424458,0.594366,0.340645,0.387263,0.509906,0.381362,0.417679,0.447475,0.490066,0.387130,0.515495,0.422461,0.511882,0.487297,0.395989,0.379379,0.405941,0.532713,0.603190,0.470805,0.602753,0.467080,0.364819,0.655090,0.559856,0.455543,0.412646,1.000000,0.579785,0.351533,0.352962,0.490084,0.458185,0.582968,0.440793,0.484237,0.487895,0.531247,0.481816,0.484721,0.486843,0.458442,0.359373,0.457448,0.487160,0.387289,0.477479,0.543130,0.462834,0.410727,0.493273,0.343759,0.420443,0.423816,0.581381,0.509088,0.434329,0.381943,0.482825,0.434411,0.456528,0.477165,0.484377,0.432227,0.466138,0.471424,0.521638,0.431192,0.492284,0.530634,0.456317,0.412708,0.436135,0.366491,0.350970,0.532089,0.477871,0.463640,0.472990,0.455836,0.460570,0.496343,0.418602,0.420142,0.428418,0.464850,0.310719,0.299532,0.435955,0.427213,0.510283,0.382146,0.436763,0.386401,0.542438,0.505295,0.479697,0.485498,0.417298,0.368871,0.529294,0.381449,0.460885,0.460945,0.460552,0.412993,0.368685,0.388120,0.322128,0.386500,0.504066,0.371104,0.485036,0.477223,0.396383,0.329927,0.471783,0.555319,0.519523,0.473904,0.582790,0.423717,0.406152,0.465088,0.497122,0.539713,0.545173,0.457641,0.546618,0.355810,0.462611,0.398306,0.523145,0.433437,0.466594,0.487129,0.526544,0.488605,0.493843,0.382776,0.440243,0.495468,0.502239,0.371776,0.567908,0.276794,0.596685,0.400965,0.436203,0.467771,0.499499,0.522980,0.465445,0.452575,0.474325,0.406759,0.419882,0.314499,0.428843,0.401510,0.515598,0.366255,0.440107,0.494515,0.410886,0.545459,0.420752,0.373173
art_0280,0.473390,0.464656,0.532092,0.532216,0.524136,0.471683,0.401139,0.545100,0.547140,0.525441,0.427549,0.534173,0.460027,0.533722,0.350647,0.552519,0.437678,0.516148,0.646089,0.502921,0.628921,0.545095,0.578484,0.463051,0.561784,0.595168,0.607658,0.526842,0.584278,0.649939,0.630390,0.419445,0.495122,0.609794,0.399646,0.508968,0.537875,0.413013,0.560207,0.568482,0.522193,0.509664,0.461775,0.505701,0.614778,0.552510,0.496432,0.452306,0.483308,0.582054,0.599538,0.498366,0.591677,0.607487,0.368403,0.630920,0.619550,0.449194,0.507712,0.579785,1.000000,0.337219,0.471654,0.397963,0.463499,0.663674,0.520772,0.482318,0.413964,0.547704,0.483294,0.531524,0.538168,0.508387,0.425668,0.512955,0.579635,0.447654,0.538978,0.541705,0.521204,0.541901,0.498355,0.431433,0.470943,0.552596,0.620123,0.532093,0.525446,0.479245,0.490167,0.538152,0.509840,0.566934,0.483947,0.520408,0.425751,0.557649,0.559537,0.498242,0.558043,0.572863,0.500675,0.490938,0.481048,0.495684,0.371308,0.491280,0.518986,0.556236,0.503957,0.456274,0.518976,0.530715,0.506935,0.516486,0.489002,0.551754,0.383695,0.407212,0.616085,0.504110,0.513565,0.472776,0.570613,0.524945,0.567838,0.440601,0.569221,0.524176,0.512538,0.442820,0.570186,0.491238,0.569184,0.563426,0.570792,0.519934,0.514071,0.472991,0.426033,0.487042,0.553048,0.552386,0.609414,0.613068,0.549573,0.485491,0.527210,0.607553,0.597770,0.523907,0.609513,0.548601,0.557287,0.454710,0.601349,0.474176,0.607934,0.452254,0.535869,0.575748,0.473951,0.542973,0.615563,0.497983,0.558785,0.470861,0.469239,0.560000,0.469722,0.418009,0.605413,0.566908,0.517683,0.466595,0.536136,0.443892,0.539038,0.543256,0.616204,0.577976,0.522276,0.552658,0.520937,0.570430,0.575662,0.487140,0.504689,0.427561,0.548126,0.492015,0.551452,0.462750,0.528037,0.484494,0.500266,0.538809,0.539623,0.419721
art_0284,0.547094,0.559353,0.482723,0.670573,0.502442,0.610724,0.580008,0.429071,0.320155,0.501327,0.446417,0.671462,0.465500,0.513025,0.376367,0.389616,0.569574,0.446342,0.323056,0.411922,0.546920,0.550492,0.642551,0.416981,0.651863,0.488595,0.499811,0.607043,0.402250,0.401738,0.467326,0.616241,0.513582,0.466905,0.687042,0.632305,0.485559,0.516864,0.525391,0.517584,0.475383,0.693789,0.539941,0.616308,0.433316,0.498788,0.364553,0.595423,0.582149,0.366675,0.552390,0.599738,0.585926,0.359118,0.377598,0.577994,0.476945,0.532737,0.577681,0.351533,0.337219,1.000000,0.480192,0.552413,0.417766,0.425101,0.521401,0.515821,0.570437,0.576106,0.538694,0.531636,0.456322,0.518708,0.603949,0.428646,0.505411,0.468166,0.551150,0.431926,0.666235,0.585317,0.562827,0.312718,0.570183,0.528551,0.436985,0.526658,0.318436,0.631706,0.447883,0.599563,0.556266,0.194818,0.485306,0.629890,0.577099,0.691268,0.466984,0.653105,0.496542,0.613213,0.450048,0.573393,0.572390,0.660040,0.379230,0.556785,0.518322,0.588044,0.501222,0.542583,0.621911,0.511338,0.605975,0.581673,0.679478,0.480484,0.491786,0.626604,0.527984,0.541420,0.491625,0.577439,0.453605,0.461176,0.555484,0.344388,0.450845,0.465848,0.613832,0.627990,0.423366,0.435383,0.526255,0.531111,0.631272,0.578436,0.528059,0.612702,0.580589,0.583493,0.378429,0.572510,0.546409,0.579858,0.618096,0.588621,0.568952,0.452106,0.617759,0.485302,0.449014,0.645061,0.625242,0.496707,0.441179,0.416693,0.573000,0.354258,0.516268,0.434593,0.273254,0.538224,0.469502,0.658902,0.563080,0.507448,0.557858,0.645419,0.515165,0.630844,0.463550,0.576410,0.438970,0.598854,0.446665,0.549902,0.472784,0.574116,0.578564,0.582164,0.616888,0.393513,0.661552,0.462732,0.511822,0.436111,0.586186,0.373411,0.580360,0.531263,0.606356,0.590607,0.716465,0.438614,0.449736,0.626651,0.657334,0.762802
art_0289,0.622976,0.640414,0.602646,0.585436,0.551797,0.541594,0.665481,0.598593,0.575664,0.574002,0.548810,0.553753,0.427219,0.572769,0.259157,0.509219,0.459364,0.493321,0.621580,0.466511,0.553872,0.617700,0.630033,0.553894,0.660429,0.677881,0.622009,0.610820,0.582129,0.550460,0.586279,0.536159,0.409916,0.588543,0.445515,0.598456,0.449950,0.575033,0.554994,0.586649,0.501257,0.550145,0.470066,0.600462,0.604729,0.667053,0.415491,0.498306,0.488916,0.606593,0.409551,0.368807,0.407729,0.476668,0.369885,0.513991,0.466466,0.520257,0.559750,0.352962,0.471654,0.480192,1.000000,0.456121,0.546504,0.581398,0.529123,0.486339,0.376307,0.490902,0.553583,0.527398,0.587983,0.553165,0.559473,0.499307,0.542014,0.512652,0.532600,0.480386,0.607099,0.630651,0.605391,0.412882,0.526192,0.703409,0.499452,0.632336,0.481717,0.484691,0.490717,0.595979,0.619728,0.528154,0.575930,0.638083,0.342818,0.542560,0.580115,0.527161,0.660861,0.636989,0.577802,0.555820,0.515375,0.574055,0.414973,0.447238,0.546714,0.650881,0.414247,0.600676,0.607951,0.488256,0.541662,0.692939,0.554014,0.447410,0.510865,0.561841,0.669780,0.623287,0.465156,0.461152,0.606185,0.530353,0.655684,0.465129,0.483060,0.643352,0.553629,0.493180,0.566344,0.640069,0.530047,0.580459,0.664538,0.554831,0.586115,0.587320,0.614158,0.515067,0.559129,0.613337,0.566044,0.604507,0.609550,0.609144,0.511173,0.563417,0.530585,0.385253,0.565102,0.650514,0.517562,0.554528,0.578244,0.298020,0.666093,0.345260,0.580498,0.462566,0.472631,0.580854,0.617283,0.565105,0.508191,0.466394,0.613340,0.517118,0.480671,0.571480,0.490103,0.537798,0.404191,0.479157,0.443989,0.487561,0.527375,0.556395,0.633480,0.679214,0.573047,0.559023,0.607769,0.512125,0.519403,0.440372,0.541103,0.402983,0.614007,0.482624,0.500349,0.618711,0.615390,0.594565,0.652877,0.531043,0.567725,0.617114
art_0294,0.540910,0.467751,0.530612,0.555403,0.514433,0.512363,0.474703,0.457058,0.423103,0.556495,0.476791,0.604048,0.494062,0.534959,0.514984,0.460021,0.663542,0.448281,0.448729,0.362505,0.514951,0.495882,0.595119,0.425125,0.540793,0.458365,0.383313,0.537043,0.460759,0.444004,0.505716,0.514734,0.570147,0.487839,0.561238,0.496217,0.585235,0.480119,0.483652,0.497735,0.620161,0.509990,0.608926,0.473363,0.519224,0.506963,0.437306,0.425603,0.486600,0.437004,0.428492,0.368048,0.431200,0.432240,0.297096,0.541918,0.475664,0.545697,0.489766,0.490084,0.397963,0.552413,0.456121,1.000000,0.436311,0.543332,0.533639,0.565836,0.776393,0.592733,0.586671,0.617134,0.520616,0.478016,0.571714,0.536658,0.507866,0.461119,0.592375,0.530287,0.573785,0.464226,0.617778,0.416076,0.465655,0.465432,0.411287,0.492232,0.354798,0.465193,0.571324,0.547977,0.544205,0.335085,0.467405,0.496422,0.447214,0.525454,0.483127,0.436417,0.498502,0.529753,0.544289,0.444403,0.527012,0.520837,0.426428,0.463595,0.426730,0.527313,0.597370,0.531768,0.642948,0.556877,0.563169,0.557454,0.533208,0.504357,0.327285,0.449614,0.495419,0.445386,0.465407,0.491150,0.432634,0.358573,0.546506,0.342616,0.511520,0.535542,0.503242,0.597505,0.502853,0.390306,0.515352,0.501472,0.618432,0.481584,0.508722,0.498810,0.437991,0.496948,0.467454,0.467796,0.474040,0.512925,0.453155,0.494665,0.585326,0.515811,0.547360,0.496893,0.510942,0.500323,0.538389,0.508912,0.481179,0.515273,0.633611,0.440589,0.550244,0.511662,0.458703,0.457541,0.462925,0.571676,0.503593,0.562821,0.510660,0.547500,0.516952,0.505805,0.546532,0.567138,0.617748,0.406221,0.563048,0.315930,0.480402,0.486176,0.552709,0.522298,0.476080,0.523149,0.529672,0.414379,0.523355,0.467903,0.569652,0.410385,0.552698,0.527799,0.659558,0.473208,0.543856,0.546610,0.397456,0.711318,0.429978,0.611108
art_0298,0.494917,0.528392,0.622931,0.550005,0.437579,0.599405,0.541661,0.586570,0.557496,0.499980,0.530505,0.696405,0.446320,0.594284,0.465284,0.503836,0.427456,0.612446,0.464134,0.564765,0.523319,0.590452,0.574475,0.489889,0.694032,0.518120,0.563178,0.506839,0.561734,0.493218,0.595871,0.532743,0.453676,0.593305,0.401064,0.647296,0.508158,0.656335,0.533751,0.528016,0.526363,0.534981,0.593775,0.565033,0.552222,0.615553,0.315342,0.557155,0.513009,0.516760,0.433414,0.355521,0.410887,0.670698,0.474434,0.569740,0.460585,0.459568,0.484835,0.458185,0.463499,0.417766,0.546504,0.436311,1.000000,0.578370,0.607403,0.578796,0.403033,0.671208,0.559399,0.504989,0.650064,0.616726,0.581457,0.503417,0.570958,0.572105,0.557554,0.479246,0.586975,0.645860,0.569839,0.501749,0.668752,0.554930,0.594781,0.597230,0.515309,0.520567,0.549121,0.555141,0.585397,0.475682,0.562299,0.588272,0.511449,0.527566,0.555135,0.467549,0.587930,0.639633,0.549899,0.530428,0.535782,0.543503,0.357942,0.537484,0.545681,0.545148,0.480758,0.564819,0.554640,0.655783,0.549565,0.650032,0.455380,0.478849,0.472715,0.508889,0.519168,0.564290,0.518207,0.538902,0.459779,0.479803,0.645695,0.583652,0.531853,0.538111,0.524171,0.484206,0.511317,0.528040,0.574649,0.549210,0.566401,0.530309,0.478864,0.513720,0.591516,0.431516,0.566885,0.494105,0.604901,0.564650,0.516837,0.614061,0.530945,0.711055,0.594897,0.536955,0.561921,0.513526,0.485336,0.531370,0.526251,0.393173,0.618536,0.430987,0.513336,0.345965,0.703271,0.537598,0.507924,0.537401,0.563145,0.453651,0.601025,0.592357,0.505905,0.551065,0.474057,0.572153,0.421069,0.492502,0.501511,0.465551,0.592465,0.479827,0.560793,0.560201,0.635962,0.558685,0.522531,0.508115,0.524552,0.536840,0.444675,0.406856,0.517069,0.697839,0.459958,0.545600,0.514546,0.588117,0.645802,0.556795,0.507976,0.541200
art_0303,0.511108,0.581087,0.636376,0.639015,0.618251,0.558391,0.561113,0.685260,0.686055,0.648447,0.573126,0.651644,0.520773,0.682927,0.489361,0.604866,0.568398,0.587736,0.652848,0.515015,0.666650,0.656249,0.652226,0.574649,0.668151,0.650993,0.586916,0.603777,0.656751,0.612289,0.651788,0.541035,0.503279,0.608934,0.439264,0.588690,0.609884,0.502354,0.610811,0.625031,0.620894,0.570613,0.548694,0.562490,0.686663,0.639516,0.526128,0.504787,0.487254,0.641685,0.569969,0.413722,0.519276,0.603507,0.460467,0.639468,0.599766,0.597558,0.583035,0.582968,0.663674,0.425101,0.581398,0.543332,0.578370,1.000000,0.653257,0.569813,0.479239,0.650176,0.564004,0.617368,0.688336,0.623690,0.531123,0.576498,0.666042,0.531509,0.631941,0.645966,0.640526,0.622275,0.660312,0.520932,0.579309,0.609342,0.605753,0.606203,0.604864,0.516896,0.633240,0.589350,0.622989,0.601051,0.632195,0.588665,0.545893,0.580488,0.707331,0.528422,0.669809,0.698300,0.619021,0.571412,0.593523,0.556693,0.492037,0.523752,0.533810,0.656263,0.588003,0.618511,0.630686,0.623116,0.554510,0.600727,0.567355,0.593687,0.397201,0.520147,0.630710,0.581438,0.568326,0.561671,0.671750,0.568049,0.656314,0.524652,0.646643,0.686188,0.595105,0.583467,0.652743,0.604178,0.611237,0.637875,0.649835,0.602466,0.566990,0.583836,0.496681,0.518393,0.635207,0.603882,0.672037,0.675164,0.579809,0.584431,0.627925,0.705081,0.635236,0.574015,0.662865,0.562521,0.560788,0.564539,0.680346,0.511589,0.718789,0.526987,0.645101,0.568555,0.596181,0.576332,0.690024,0.580860,0.674437,0.566458,0.642925,0.611236,0.619200,0.569349,0.601603,0.630683,0.556160,0.526337,0.594201,0.440704,0.680852,0.585406,0.675695,0.682765,0.579899,0.638651,0.617952,0.597810,0.629934,0.607055,0.597886,0.412597,0.634598,0.595254,0.599256,0.578812,0.600543,0.641718,0.608703,0.643191,0.547933,0.566442
art_0308,0.547736,0.564327,0.592391,0.636364,0.514755,0.614560,0.589837,0.622308,0.507328,0.666523,0.581600,0.668569,0.540295,0.608590,0.459738,0.610576,0.604144,0.611592,0.488591,0.575917,0.603833,0.692683,0.584240,0.496136,0.682192,0.581746,0.557644,0.640810,0.633688,0.578965,0.624075,0.525502,0.558047,0.603462,0.566669,0.635299,0.629349,0.514089,0.592521,0.569037,0.652243,0.626531,0.590149,0.627228,0.609520,0.661775,0.509909,0.602862,0.528178,0.572822,0.542164,0.438778,0.539538,0.651683,0.525854,0.615951,0.627446,0.683499,0.606285,0.440793,0.520772,0.521401,0.529123,0.533639,0.607403,0.653257,1.000000,0.640330,0.505559,0.634629,0.581385,0.612181,0.634869,0.594432,0.608366,0.539878,0.716441,0.502721,0.652840,0.595280,0.657395,0.588291,0.658562,0.518291,0.609822,0.554100,0.645318,0.601693,0.526271,0.604251,0.644635,0.604680,0.645654,0.463304,0.538530,0.604704,0.600316,0.594697,0.678695,0.556950,0.636958,0.637120,0.592692,0.622809,0.644393,0.591770,0.583281,0.610395,0.645493,0.688683,0.633834,0.631768,0.657417,0.664272,0.651287,0.609901,0.626097,0.667519,0.425098,0.585236,0.641244,0.593521,0.610924,0.620295,0.620163,0.588661,0.635745,0.546864,0.635901,0.568956,0.626623,0.650271,0.604182,0.546792,0.693662,0.596650,0.637461,0.658290,0.626435,0.592392,0.522771,0.570963,0.596249,0.612044,0.664675,0.686190,0.608943,0.624401,0.705579,0.621406,0.717205,0.585118,0.539036,0.579254,0.657605,0.562015,0.691466,0.545292,0.617988,0.479094,0.633340,0.533561,0.562589,0.580902,0.647146,0.614752,0.699859,0.690518,0.615180,0.660311,0.647675,0.581589,0.641487,0.626155,0.564302,0.548938,0.591081,0.503263,0.625272,0.630033,0.662170,0.628946,0.560003,0.578481,0.646132,0.647772,0.668528,0.668947,0.629386,0.446116,0.568499,0.606935,0.635513,0.602838,0.612061,0.650417,0.589785,0.597388,0.662107,0.613839
art_0312,0.519679,0.451869,0.505625,0.545604,0.463780,0.623985,0.492844,0.555937,0.523597,0.571373,0.509063,0.579845,0.651102,0.609576,0.557733,0.574094,0.466932,0.540879,0.508129,0.539199,0.572940,0.565467,0.573570,0.374536,0.621337,0.557490,0.541564,0.524183,0.592879,0.569524,0.556186,0.518540,0.691722,0.602916,0.577246,0.566927,0.651189,0.430002,0.516655,0.552287,0.589774,0.561103,0.635441,0.666664,0.588068,0.546934,0.433238,0.641847,0.592006,0.527517,0.499084,0.473250,0.527878,0.612762,0.551530,0.649657,0.564357,0.549054,0.545564,0.484237,0.482318,0.515821,0.486339,0.565836,0.578796,0.569813,0.640330,1.000000,0.655226,0.652317,0.580359,0.630228,0.571564,0.571447,0.469772,0.526129,0.585913,0.560225,0.584317,0.536053,0.608585,0.591524,0.629858,0.581140,0.557081,0.542997,0.599167,0.567847,0.585074,0.600306,0.508542,0.551923,0.561226,0.400027,0.581591,0.542297,0.549777,0.630154,0.620320,0.476324,0.570262,0.622515,0.607748,0.567723,0.613114,0.529283,0.525853,0.619135,0.505105,0.573011,0.595743,0.570798,0.561823,0.646078,0.604321,0.561093,0.523922,0.645596,0.415853,0.611816,0.542852,0.509435,0.588707,0.579982,0.487613,0.479115,0.605003,0.551256,0.534115,0.530476,0.522744,0.550342,0.545604,0.433034,0.518317,0.581477,0.522715,0.554919,0.527486,0.536322,0.476587,0.566107,0.514539,0.457773,0.622970,0.635443,0.546503,0.518181,0.625534,0.561574,0.619470,0.597660,0.556707,0.587942,0.610284,0.571894,0.607450,0.552381,0.600032,0.596254,0.563718,0.517615,0.484184,0.499318,0.569788,0.599625,0.576333,0.501220,0.590273,0.685008,0.585775,0.543626,0.573824,0.620158,0.522406,0.560183,0.611315,0.402082,0.578250,0.537269,0.626686,0.571020,0.527505,0.573160,0.579351,0.557633,0.632852,0.539087,0.492352,0.439403,0.522105,0.589248,0.563230,0.500499,0.606274,0.556951,0.458710,0.581689,0.569237,0.555952
art_0317,0.432669,0.355617,0.420003,0.480129,0.432587,0.549664,0.368242,0.414963,0.380061,0.510417,0.357883,0.555888,0.569911,0.498874,0.528874,0.441424,0.574664,0.469366,0.414088,0.324560,0.463641,0.477147,0.480459,0.307694,0.484989,0.443940,0.370325,0.464420,0.421968,0.454164,0.432090,0.478604,0.556503,0.443602,0.563020,0.483859,0.613537,0.407028,0.425171,0.472507,0.536573,0.455358,0.657604,0.508001,0.415372,0.391230,0.394972,0.467429,0.518394,0.395185,0.396008,0.395930,0.441362,0.448976,0.318244,0.526167,0.450350,0.481751,0.471573,0.487895,0.413964,0.570437,0.376307,0.776393,0.403033,0.479239,0.505559,0.655226,1.000000,0.537280,0.547385,0.615463,0.439516,0.481560,0.456275,0.472259,0.512891,0.503508,0.509324,0.476425,0.468758,0.436680,0.490609,0.393849,0.402380,0.424329,0.428796,0.429926,0.341834,0.455720,0.470774,0.547635,0.491161,0.264482,0.379245,0.463674,0.492209,0.545947,0.454244,0.413267,0.425310,0.488794,0.487958,0.470459,0.451196,0.453726,0.447338,0.502708,0.415698,0.456364,0.561510,0.529214,0.529215,0.501298,0.512947,0.495577,0.458787,0.508833,0.337967,0.432435,0.401876,0.407603,0.488619,0.478146,0.369906,0.397808,0.523416,0.333178,0.492971,0.469094,0.421256,0.515304,0.434300,0.344680,0.451922,0.481274,0.525264,0.427473,0.417381,0.442667,0.380411,0.538129,0.418585,0.373459,0.494558,0.453527,0.423913,0.387042,0.579875,0.486190,0.533957,0.516648,0.488581,0.503148,0.553236,0.486534,0.467608,0.554911,0.557697,0.482987,0.465534,0.550478,0.392034,0.435393,0.421755,0.531792,0.466755,0.516933,0.492697,0.569899,0.516680,0.396765,0.553045,0.580594,0.569763,0.395947,0.545756,0.272755,0.427232,0.485307,0.518079,0.453597,0.464989,0.467461,0.526912,0.418098,0.556667,0.431508,0.492538,0.467393,0.468877,0.497145,0.625015,0.424891,0.534703,0.494218,0.329722,0.678941,0.436613,0.532664
art_0322,0.519691,0.484597,0.630646,0.611341,0.476890,0.596807,0.515426,0.587934,0.577246,0.614125,0.518937,0.660871,0.504941,0.638101,0.518893,0.587981,0.579188,0.695194,0.520909,0.510754,0.591042,0.605403,0.684630,0.448863,0.745637,0.484530,0.518624,0.546302,0.599604,0.538621,0.622398,0.543287,0.576543,0.672094,0.529116,0.599917,0.541568,0.541964,0.589629,0.566806,0.570942,0.553492,0.653531,0.564232,0.613728,0.651880,0.433443,0.555740,0.492252,0.503119,0.568554,0.397207,0.540734,0.665430,0.497749,0.678529,0.580327,0.531109,0.535665,0.531247,0.547704,0.576106,0.490902,0.592733,0.671208,0.650176,0.634629,0.652317,0.537280,1.000000,0.580021,0.634394,0.700914,0.603557,0.561263,0.580537,0.592707,0.468281,0.665137,0.553228,0.706082,0.531951,0.608529,0.475467,0.697745,0.480226,0.624221,0.575789,0.516079,0.506346,0.604362,0.587050,0.557640,0.424748,0.569887,0.597591,0.628536,0.627238,0.657760,0.541069,0.613749,0.678421,0.573305,0.621266,0.592493,0.559364,0.444880,0.560642,0.529009,0.599977,0.592383,0.564248,0.616838,0.734172,0.586217,0.573575,0.525028,0.593112,0.347239,0.516248,0.557162,0.547289,0.548148,0.539962,0.467297,0.416548,0.644188,0.502320,0.534337,0.614612,0.540648,0.601165,0.561773,0.506098,0.608982,0.584383,0.548707,0.617356,0.531741,0.541957,0.486292,0.462682,0.597849,0.496141,0.623905,0.642992,0.571631,0.638876,0.619910,0.679447,0.709120,0.620844,0.638574,0.589418,0.558821,0.589861,0.608995,0.556423,0.663068,0.541357,0.614636,0.475542,0.584181,0.519354,0.610222,0.588904,0.715146,0.544725,0.572389,0.616496,0.611724,0.533963,0.492760,0.615642,0.570744,0.544696,0.615180,0.426994,0.655346,0.531748,0.645423,0.585386,0.615779,0.559295,0.591239,0.623369,0.576392,0.547949,0.572292,0.401840,0.594437,0.758982,0.580066,0.574702,0.610869,0.604280,0.522697,0.685668,0.535862,0.591316
art_0326,0.626308,0.581245,0.544183,0.623733,0.554365,0.644412,0.609029,0.586365,0.511961,0.539186,0.472646,0.623686,0.525797,0.619923,0.445568,0.552704,0.484195,0.584175,0.576654,0.503717,0.591566,0.589525,0.633392,0.526220,0.620525,0.587211,0.621497,0.546423,0.541740,0.529267,0.606978,0.621407,0.616459,0.608755,0.543789,0.666140,0.651258,0.634629,0.561061,0.608173,0.568612,0.677357,0.550372,0.638595,0.544934,0.588509,0.416576,0.571742,0.541779,0.511461,0.538514,0.503430,0.490061,0.525053,0.492966,0.563214,0.508464,0.550020,0.659860,0.481816,0.483294,0.538694,0.553583,0.586671,0.559399,0.564004,0.581385,0.580359,0.547385,0.580021,1.000000,0.568981,0.625586,0.612276,0.608470,0.510470,0.602276,0.516690,0.551502,0.537301,0.651327,0.616514,0.616176,0.506659,0.606330,0.582632,0.555295,0.609663,0.553754,0.664031,0.536148,0.648490,0.608286,0.465460,0.506081,0.682361,0.553313,0.676778,0.583418,0.566567,0.581843,0.652664,0.596535,0.552359,0.604011,0.641637,0.472188,0.626497,0.602305,0.626560,0.652415,0.594859,0.606502,0.617056,0.660639,0.639662,0.611344,0.547282,0.463485,0.539272,0.570458,0.615547,0.600326,0.611291,0.532072,0.573598,0.633627,0.520235,0.537447,0.534288,0.603839,0.528719,0.534109,0.474766,0.599268,0.635542,0.627269,0.571823,0.524526,0.673199,0.612592,0.618016,0.537988,0.533747,0.636808,0.612196,0.611881,0.579757,0.546689,0.557985,0.563975,0.540645,0.579623,0.587490,0.624675,0.569958,0.548738,0.466060,0.620111,0.479448,0.535562,0.519055,0.508488,0.602879,0.575284,0.661753,0.549093,0.566136,0.641671,0.713311,0.525322,0.604915,0.576740,0.595504,0.587626,0.587166,0.534121,0.529615,0.492786,0.573869,0.619651,0.615408,0.672054,0.567527,0.607435,0.523935,0.569189,0.488659,0.549301,0.466762,0.615523,0.544811,0.579481,0.615262,0.685346,0.542884,0.581404,0.655238,0.664648,0.630833
art_0331,0.523452,0.465436,0.517260,0.660383,0.495909,0.575900,0.544085,0.494358,0.504444,0.623947,0.472674,0.589530,0.511242,0.595540,0.414335,0.548015,0.663632,0.609248,0.521796,0.502790,0.564352,0.645281,0.583799,0.484211,0.685953,0.541690,0.567949,0.630188,0.663186,0.572749,0.602004,0.569108,0.611042,0.587098,0.609343,0.573109,0.674162,0.447201,0.682634,0.529856,0.650948,0.550391,0.624615,0.586763,0.643770,0.624709,0.521228,0.625172,0.478869,0.525996,0.471909,0.445133,0.533660,0.574759,0.483558,0.612455,0.581729,0.619767,0.639260,0.484721,0.531524,0.531636,0.527398,0.617134,0.504989,0.617368,0.612181,0.630228,0.615463,0.634394,0.568981,1.000000,0.616545,0.570784,0.532403,0.599139,0.580223,0.469507,0.673765,0.533638,0.704045,0.499842,0.599130,0.412480,0.519043,0.538706,0.630100,0.595828,0.510876,0.517282,0.584524,0.569898,0.602053,0.454160,0.505112,0.608247,0.544135,0.669735,0.628645,0.533766,0.549004,0.660346,0.677065,0.612508,0.599864,0.594568,0.511084,0.571202,0.590346,0.636301,0.672360,0.585852,0.619455,0.602973,0.540116,0.571765,0.602207,0.635566,0.349895,0.530018,0.537225,0.547461,0.563999,0.593883,0.527680,0.500280,0.638869,0.472400,0.625973,0.634175,0.609266,0.644030,0.581218,0.503491,0.653285,0.684249,0.588794,0.603714,0.538050,0.585072,0.444785,0.537425,0.576619,0.477683,0.638052,0.662128,0.565646,0.557379,0.714052,0.521621,0.691846,0.646014,0.574762,0.619558,0.614817,0.588416,0.662013,0.664584,0.659235,0.605217,0.649341,0.538761,0.407614,0.523656,0.592937,0.612366,0.616001,0.647449,0.575124,0.684930,0.669081,0.543150,0.597737,0.587259,0.627029,0.576924,0.703650,0.450415,0.658056,0.611470,0.684378,0.668740,0.517304,0.537671,0.657553,0.609556,0.715956,0.668664,0.588711,0.416583,0.626902,0.564726,0.606677,0.583319,0.643414,0.649982,0.507487,0.676178,0.620167,0.583850
art_0336,0.590558,0.577400,0.705685,0.623000,0.552932,0.541532,0.621291,0.714204,0.638392,0.636164,0.582895,0.628667,0.515596,0.652241,0.382339,0.569256,0.472522,0.684297,0.602421,0.577017,0.558493,0.638364,0.647759,0.682886,0.710592,0.626136,0.596118,0.601860,0.619002,0.527211,0.654811,0.610455,0.540215,0.713374,0.490444,0.661917,0.581377,0.641732,0.625621,0.591764,0.569020,0.536887,0.585733,0.594420,0.688803,0.720071,0.415031,0.557565,0.474764,0.598756,0.528658,0.424108,0.506554,0.566132,0.401109,0.626995,0.597663,0.565369,0.592048,0.486843,0.538168,0.456322,0.587983,0.520616,0.650064,0.688336,0.634869,0.571564,0.439516,0.700914,0.625586,0.616545,1.000000,0.635474,0.652173,0.581884,0.613379,0.541457,0.634741,0.619308,0.716140,0.653560,0.698328,0.478647,0.680488,0.581505,0.634956,0.624788,0.562320,0.541019,0.658179,0.670286,0.639379,0.580715,0.662343,0.685770,0.591858,0.585216,0.645591,0.529754,0.643150,0.656663,0.590899,0.589849,0.601771,0.594194,0.464642,0.524700,0.531777,0.643623,0.554209,0.591356,0.648572,0.714237,0.635657,0.649799,0.536008,0.598852,0.388648,0.541096,0.654654,0.580657,0.604792,0.570771,0.558627,0.570705,0.652075,0.617507,0.608904,0.662863,0.576439,0.583880,0.542665,0.628080,0.623546,0.637504,0.616473,0.631414,0.620779,0.577625,0.568279,0.527148,0.633327,0.577791,0.661758,0.691462,0.625587,0.642821,0.597726,0.706680,0.601118,0.588724,0.600953,0.601147,0.553628,0.546995,0.624973,0.451989,0.705612,0.488987,0.616905,0.516696,0.736299,0.565582,0.632115,0.571960,0.626084,0.532041,0.621651,0.614944,0.613102,0.525061,0.547487,0.571385,0.516393,0.552067,0.501229,0.491757,0.600990,0.542480,0.630335,0.628056,0.596085,0.616276,0.594406,0.593895,0.587746,0.506026,0.572269,0.459502,0.647558,0.730345,0.534899,0.657705,0.629091,0.690183,0.687522,0.596325,0.563718,0.628746
art_0340,0.543837,0.560158,0.590903,0.576730,0.476762,0.572898,0.599729,0.589976,0.586361,0.582843,0.553040,0.693708,0.475584,0.649937,0.376309,0.558756,0.388851,0.587114,0.546158,0.559476,0.543681,0.616968,0.613020,0.517921,0.667138,0.596918,0.542243,0.515850,0.550104,0.534177,0.595227,0.543306,0.493491,0.646736,0.524532,0.648197,0.554358,0.618855,0.529116,0.594165,0.568826,0.554704,0.535607,0.564628,0.544980,0.600092,0.505392,0.607421,0.497505,0.550525,0.497719,0.425590,0.490874,0.543474,0.386396,0.527119,0.509887,0.564719,0.544107,0.458442,0.508387,0.518708,0.553165,0.478016,0.616726,0.623690,0.594432,0.571447,0.481560,0.603557,0.612276,0.570784,0.635474,1.000000,0.651937,0.550462,0.622756,0.562189,0.551575,0.517194,0.606725,0.641029,0.633992,0.452558,0.600743,0.568135,0.512699,0.610167,0.572695,0.551503,0.589820,0.669686,0.625948,0.447165,0.550961,0.647954,0.490419,0.578858,0.593538,0.535878,0.619701,0.644791,0.571859,0.546284,0.516104,0.580779,0.441404,0.513436,0.549509,0.611816,0.537690,0.606040,0.590522,0.676481,0.549353,0.654257,0.470225,0.551322,0.444568,0.505329,0.594654,0.585604,0.548216,0.584249,0.525523,0.637065,0.637607,0.591791,0.569645,0.569787,0.573078,0.528871,0.591149,0.612344,0.551268,0.626253,0.625582,0.559942,0.530716,0.548511,0.592401,0.570555,0.591677,0.569889,0.670657,0.643941,0.578696,0.626079,0.633224,0.562235,0.615763,0.513118,0.600163,0.522426,0.582564,0.548472,0.582561,0.375188,0.649549,0.425450,0.553376,0.568670,0.579239,0.587719,0.591009,0.570633,0.578009,0.544124,0.568752,0.668416,0.504983,0.567938,0.600674,0.648441,0.520466,0.545085,0.534792,0.485472,0.576104,0.567566,0.646092,0.611625,0.627656,0.586885,0.578121,0.531107,0.576001,0.546008,0.553703,0.493558,0.619363,0.642879,0.550306,0.599297,0.608707,0.669418,0.641625,0.622801,0.592276,0.616779
art_0345,0.622272,0.667360,0.653736,0.677460,0.492956,0.620213,0.676542,0.555734,0.407723,0.541963,0.539685,0.736723,0.462405,0.582374,0.363149,0.449941,0.506954,0.568833,0.448499,0.502692,0.592494,0.627302,0.623232,0.605708,0.644122,0.561019,0.584312,0.616242,0.486940,0.459490,0.507974,0.636999,0.510869,0.634172,0.560973,0.726833,0.538370,0.782703,0.616404,0.601713,0.534913,0.712817,0.534305,0.611793,0.495395,0.657069,0.470999,0.599355,0.533529,0.488586,0.468118,0.516930,0.456696,0.423697,0.344419,0.492809,0.487068,0.596350,0.622655,0.359373,0.425668,0.603949,0.559473,0.571714,0.581457,0.531123,0.608366,0.469772,0.456275,0.561263,0.608470,0.532403,0.652173,0.651937,1.000000,0.557927,0.627552,0.527929,0.571199,0.477229,0.711428,0.650069,0.673820,0.430483,0.693108,0.632612,0.444957,0.595004,0.463643,0.661756,0.650276,0.736817,0.675382,0.395682,0.483378,0.667816,0.474849,0.595921,0.512370,0.607312,0.557068,0.623487,0.589567,0.541682,0.601158,0.748878,0.448197,0.559325,0.594419,0.641140,0.574963,0.641541,0.684143,0.595578,0.694791,0.729204,0.590830,0.538987,0.482759,0.586793,0.601671,0.608133,0.554531,0.642206,0.539800,0.598046,0.630554,0.451852,0.524554,0.568283,0.621870,0.626807,0.539645,0.600859,0.623773,0.581020,0.731813,0.563965,0.650972,0.654113,0.656063,0.622676,0.633465,0.641910,0.626491,0.619475,0.645741,0.703502,0.563670,0.551816,0.598678,0.527045,0.493027,0.614936,0.618354,0.523789,0.533555,0.367159,0.639688,0.330447,0.510035,0.467715,0.602451,0.659985,0.546281,0.670265,0.562601,0.541453,0.594989,0.659861,0.484421,0.681983,0.561344,0.585584,0.530872,0.592734,0.478214,0.584453,0.495503,0.603470,0.638813,0.674574,0.645996,0.517219,0.609530,0.470109,0.513045,0.526374,0.602565,0.468889,0.634785,0.628280,0.613728,0.716349,0.680460,0.593832,0.728999,0.607506,0.656323,0.762647
art_0350,0.546703,0.430732,0.530562,0.536530,0.462104,0.435331,0.455542,0.557528,0.487072,0.542812,0.485112,0.568868,0.444623,0.538308,0.361082,0.514657,0.502632,0.577878,0.470817,0.451159,0.521038,0.509201,0.570692,0.424160,0.573343,0.527523,0.469366,0.510529,0.545422,0.482906,0.587093,0.470428,0.533987,0.590997,0.464292,0.526041,0.573154,0.539241,0.583353,0.581535,0.527992,0.481062,0.565345,0.469101,0.517892,0.547308,0.407595,0.450056,0.404777,0.554380,0.466515,0.370107,0.434728,0.498447,0.298156,0.520780,0.513665,0.508398,0.513596,0.457448,0.512955,0.428646,0.499307,0.536658,0.503417,0.576498,0.539878,0.526129,0.472259,0.580537,0.510470,0.599139,0.581884,0.550462,0.557927,1.000000,0.559011,0.462431,0.538499,0.471555,0.618326,0.434536,0.579187,0.446099,0.503852,0.564551,0.505876,0.496816,0.482598,0.420067,0.573709,0.589853,0.560418,0.405598,0.489858,0.484862,0.438196,0.511551,0.520879,0.436752,0.514319,0.551123,0.597327,0.468441,0.513421,0.546023,0.433642,0.531927,0.550261,0.545803,0.570766,0.471846,0.500017,0.610711,0.528283,0.606562,0.477351,0.495694,0.297749,0.418251,0.476430,0.428950,0.509189,0.463964,0.475680,0.513599,0.523881,0.428746,0.567101,0.506439,0.499053,0.601668,0.522937,0.520013,0.535820,0.529785,0.518223,0.514312,0.541141,0.494188,0.453161,0.439751,0.484086,0.519282,0.599333,0.611340,0.525123,0.506641,0.560016,0.530614,0.599516,0.514792,0.561563,0.496567,0.584540,0.435811,0.569541,0.384203,0.627745,0.383160,0.539058,0.524125,0.503943,0.535534,0.585694,0.523765,0.551732,0.565473,0.488512,0.533621,0.493724,0.499952,0.547756,0.484502,0.543943,0.409582,0.531953,0.395704,0.493520,0.513049,0.609808,0.556769,0.470746,0.500443,0.497950,0.464271,0.526105,0.524415,0.521521,0.403240,0.481364,0.600418,0.551293,0.527609,0.560374,0.535286,0.552868,0.634448,0.479625,0.528194
art_0354,0.526353,0.536809,0.612192,0.651260,0.514806,0.591422,0.551768,0.659621,0.524189,0.692478,0.579935,0.673992,0.585994,0.621712,0.423699,0.586720,0.515778,0.588924,0.595796,0.548422,0.650775,0.704739,0.608934,0.630837,0.677938,0.564093,0.603139,0.666794,0.621397,0.664578,0.675570,0.593008,0.532811,0.647729,0.554730,0.675124,0.621234,0.585842,0.654254,0.663775,0.609751,0.663728,0.546174,0.610273,0.621892,0.625244,0.538975,0.611356,0.517882,0.608322,0.563915,0.484831,0.542582,0.618530,0.453642,0.589820,0.622569,0.700536,0.685578,0.487160,0.579635,0.505411,0.542014,0.507866,0.570958,0.666042,0.716441,0.585913,0.512891,0.592707,0.602276,0.580223,0.613379,0.622756,0.627552,0.559011,1.000000,0.551990,0.607377,0.543668,0.632278,0.608181,0.650815,0.499385,0.593486,0.583536,0.607983,0.583589,0.556544,0.612261,0.630403,0.666239,0.646636,0.490921,0.549139,0.609410,0.573023,0.632822,0.709781,0.569080,0.653333,0.662201,0.601986,0.632016,0.600777,0.604038,0.556480,0.581239,0.597972,0.639106,0.579138,0.640060,0.610578,0.597853,0.649198,0.681195,0.580979,0.706169,0.446877,0.549833,0.601539,0.544734,0.625713,0.619792,0.746834,0.641309,0.676803,0.567968,0.668406,0.631675,0.579850,0.605873,0.618211,0.598865,0.634159,0.602826,0.658574,0.637203,0.631606,0.594458,0.549280,0.643894,0.619628,0.619759,0.691599,0.692476,0.603857,0.588766,0.676780,0.646307,0.725756,0.600013,0.587577,0.622019,0.628625,0.514363,0.699822,0.472215,0.591408,0.420083,0.585947,0.637901,0.562407,0.615184,0.742340,0.593496,0.699014,0.670591,0.618338,0.709890,0.621291,0.562389,0.652689,0.621452,0.547605,0.501174,0.551579,0.541940,0.594247,0.646157,0.652163,0.632850,0.652659,0.634150,0.666685,0.656932,0.637016,0.599593,0.666312,0.490686,0.572145,0.581649,0.650289,0.627668,0.663793,0.611220,0.586181,0.648050,0.672607,0.590027
art_0359,0.447158,0.535541,0.546575,0.510946,0.498773,0.594166,0.525052,0.535621,0.469378,0.474897,0.498207,0.622066,0.532697,0.596289,0.451200,0.486679,0.316832,0.524058,0.440088,0.509152,0.591206,0.525124,0.564697,0.454071,0.555437,0.588148,0.491618,0.462214,0.449309,0.516467,0.515815,0.560243,0.478977,0.509844,0.485474,0.615811,0.550702,0.634962,0.461380,0.563833,0.467025,0.563810,0.518358,0.564343,0.482618,0.532776,0.359497,0.440625,0.583203,0.525626,0.433286,0.467864,0.384902,0.467278,0.285931,0.516484,0.426977,0.446346,0.518130,0.387289,0.447654,0.468166,0.512652,0.461119,0.572105,0.531509,0.502721,0.560225,0.503508,0.468281,0.516690,0.469507,0.541457,0.562189,0.527929,0.462431,0.551990,1.000000,0.421842,0.478483,0.515220,0.646739,0.575492,0.498336,0.480702,0.595434,0.491763,0.544213,0.475197,0.514840,0.577933,0.599694,0.646311,0.379233,0.448078,0.553404,0.488937,0.533633,0.519293,0.540815,0.599730,0.588901,0.539787,0.492308,0.503969,0.574540,0.382891,0.494630,0.465397,0.593905,0.420368,0.669825,0.514353,0.576372,0.531893,0.656730,0.474567,0.489236,0.586516,0.541778,0.519437,0.596528,0.496254,0.541438,0.524980,0.551324,0.660536,0.529689,0.478678,0.460659,0.505692,0.435888,0.425122,0.518197,0.444452,0.510675,0.589018,0.469001,0.485705,0.530655,0.638663,0.588074,0.557341,0.535517,0.602370,0.542252,0.508016,0.500415,0.551545,0.613346,0.455928,0.523430,0.513997,0.610346,0.576811,0.505253,0.503827,0.297616,0.567882,0.387161,0.490621,0.477635,0.532681,0.640684,0.505261,0.535156,0.564146,0.420140,0.679220,0.568241,0.486777,0.535463,0.599910,0.589022,0.361838,0.492991,0.430652,0.424095,0.478155,0.484925,0.549937,0.507558,0.626708,0.553193,0.549809,0.504265,0.500832,0.476929,0.474407,0.621877,0.496474,0.521220,0.499211,0.504229,0.549556,0.576402,0.528569,0.575370,0.498202,0.631694
art_0364,0.524775,0.509844,0.575857,0.621624,0.528783,0.564981,0.559189,0.552916,0.535900,0.702690,0.572410,0.587877,0.518962,0.607523,0.406157,0.565495,0.650033,0.634671,0.565571,0.432147,0.615892,0.649366,0.670662,0.480473,0.724397,0.563884,0.551905,0.606176,0.648668,0.530111,0.654107,0.578187,0.539092,0.605493,0.509222,0.563780,0.565832,0.440296,0.617589,0.573984,0.693923,0.576454,0.555863,0.567685,0.700637,0.643126,0.509613,0.501973,0.454021,0.558488,0.607498,0.413013,0.598081,0.608302,0.470300,0.633117,0.678700,0.628445,0.554289,0.477479,0.538978,0.551150,0.532600,0.592375,0.557554,0.631941,0.652840,0.584317,0.509324,0.665137,0.551502,0.673765,0.634741,0.551575,0.571199,0.538499,0.607377,0.421842,1.000000,0.513803,0.712603,0.490938,0.605853,0.414090,0.569371,0.520062,0.620347,0.604380,0.493629,0.505125,0.622320,0.529965,0.563349,0.486991,0.577127,0.555002,0.609503,0.646868,0.642241,0.574506,0.653336,0.665202,0.579180,0.565274,0.617832,0.520938,0.441211,0.541445,0.577092,0.647789,0.581588,0.572060,0.627155,0.597825,0.561376,0.594567,0.564637,0.595922,0.349478,0.508105,0.657031,0.594949,0.520655,0.537184,0.535760,0.448478,0.619287,0.511363,0.562413,0.605268,0.610816,0.644625,0.585199,0.491105,0.613225,0.623966,0.636258,0.646450,0.554135,0.565950,0.417135,0.474516,0.524269,0.530638,0.607147,0.675644,0.531962,0.593472,0.634352,0.548355,0.743668,0.550461,0.530193,0.597424,0.558045,0.542994,0.617527,0.596093,0.638510,0.517308,0.636808,0.518311,0.456563,0.494704,0.613826,0.568322,0.666464,0.650266,0.514975,0.600185,0.646208,0.577394,0.535164,0.569412,0.534850,0.463030,0.636373,0.402116,0.661356,0.583447,0.642471,0.642332,0.582981,0.548945,0.629489,0.584918,0.592176,0.566149,0.619897,0.384254,0.634060,0.601136,0.632003,0.596247,0.626646,0.607145,0.506110,0.668488,0.561946,0.616579
art_0368,0.602555,0.542939,0.554295,0.538526,0.642599,0.497595,0.535768,0.579937,0.535848,0.466512,0.526254,0.541773,0.531137,0.507885,0.412205,0.579909,0.537732,0.482073,0.540432,0.503412,0.580789,0.565244,0.627815,0.564148,0.567184,0.599474,0.487321,0.545331,0.480409,0.535583,0.542419,0.452260,0.479945,0.495433,0.482055,0.500525,0.508855,0.453470,0.433026,0.508706,0.524072,0.535852,0.498425,0.521742,0.599528,0.572517,0.439918,0.463345,0.543484,0.470644,0.541827,0.481241,0.562741,0.474825,0.426023,0.606961,0.535946,0.527847,0.523270,0.543130,0.541705,0.431926,0.480386,0.530287,0.479246,0.645966,0.595280,0.536053,0.476425,0.553228,0.537301,0.533638,0.619308,0.517194,0.477229,0.471555,0.543668,0.478483,0.513803,1.000000,0.534549,0.591044,0.632718,0.389311,0.498627,0.579093,0.557747,0.570013,0.556377,0.498519,0.520187,0.566534,0.616310,0.583447,0.526748,0.598580,0.460298,0.489005,0.512980,0.516276,0.548701,0.571384,0.546450,0.466047,0.510158,0.508978,0.389422,0.560117,0.453926,0.573611,0.504650,0.562599,0.624968,0.589963,0.533514,0.497367,0.525275,0.499395,0.390337,0.449015,0.627111,0.536227,0.534511,0.552401,0.518632,0.491824,0.588019,0.518271,0.540071,0.601374,0.509883,0.538757,0.583405,0.581669,0.525996,0.531466,0.612942,0.476499,0.564088,0.510123,0.508629,0.488159,0.563909,0.549194,0.580555,0.617627,0.591174,0.539801,0.591399,0.554038,0.533408,0.497963,0.480261,0.503510,0.545635,0.641367,0.561494,0.472472,0.634376,0.445106,0.547456,0.488865,0.507536,0.526095,0.564952,0.550791,0.549432,0.512584,0.601592,0.511566,0.468251,0.450703,0.525071,0.586950,0.485967,0.549353,0.450786,0.461277,0.525150,0.544819,0.527435,0.536664,0.496146,0.519269,0.609488,0.486501,0.554472,0.454371,0.556260,0.459415,0.644330,0.542701,0.531605,0.535407,0.513943,0.535659,0.456148,0.586064,0.519275,0.554057
art_0373,0.658039,0.575416,0.618390,0.794984,0.567228,0.655864,0.679091,0.576578,0.572981,0.715928,0.554283,0.722665,0.536318,0.660818,0.435493,0.550026,0.620789,0.622841,0.576219,0.568363,0.680019,0.743244,0.699111,0.584772,0.823522,0.607764,0.670038,0.744525,0.670059,0.554360,0.739797,0.652587,0.710744,0.671590,0.652304,0.713178,0.615926,0.650708,0.751284,0.657543,0.651437,0.709095,0.605599,0.701757,0.689405,0.702532,0.494356,0.704083,0.561642,0.546658,0.612307,0.557342,0.665205,0.583724,0.528558,0.678004,0.656503,0.669904,0.700473,0.462834,0.521204,0.666235,0.607099,0.573785,0.586975,0.640526,0.657395,0.608585,0.468758,0.706082,0.651327,0.704045,0.716140,0.606725,0.711428,0.618326,0.632278,0.515220,0.712603,0.534549,1.000000,0.627337,0.647612,0.498960,0.763308,0.628458,0.635288,0.673039,0.559582,0.666162,0.628302,0.672812,0.617277,0.433504,0.682319,0.715509,0.583515,0.743122,0.715014,0.692142,0.665642,0.733948,0.688289,0.702366,0.718012,0.760751,0.560575,0.623829,0.651729,0.726256,0.604586,0.608271,0.715670,0.690844,0.715610,0.705720,0.709814,0.631811,0.482421,0.696538,0.682372,0.650007,0.630585,0.665712,0.603736,0.567354,0.697085,0.549751,0.655246,0.657099,0.699672,0.739687,0.590245,0.578228,0.734599,0.662592,0.658833,0.782708,0.677070,0.756042,0.586724,0.611802,0.589522,0.671532,0.722000,0.793655,0.717880,0.728699,0.660251,0.587105,0.744217,0.611767,0.598557,0.732596,0.681326,0.583097,0.645954,0.459167,0.730697,0.564249,0.669662,0.525827,0.453671,0.661879,0.663090,0.738857,0.717779,0.613705,0.616780,0.729226,0.684685,0.681471,0.561852,0.621995,0.547430,0.615737,0.592201,0.595794,0.643386,0.686365,0.766524,0.775750,0.666368,0.622430,0.721471,0.682474,0.653085,0.606408,0.669169,0.410576,0.652443,0.692118,0.624566,0.702877,0.779080,0.597072,0.621574,0.638850,0.744182,0.767383
art_0378,0.609079,0.722490,0.625123,0.683397,0.608378,0.644092,0.678865,0.622689,0.571820,0.528508,0.531305,0.699427,0.507532,0.616658,0.452384,0.536893,0.415956,0.510194,0.494478,0.623548,0.658362,0.623789,0.659723,0.581260,0.669146,0.714520,0.664370,0.672571,0.519288,0.544846,0.536035,0.630257,0.514808,0.612487,0.542813,0.750605,0.569040,0.671644,0.545946,0.620608,0.519698,0.701303,0.529460,0.674133,0.596907,0.617611,0.414192,0.631073,0.656753,0.533001,0.502832,0.557446,0.494735,0.504934,0.425184,0.571592,0.466421,0.500900,0.611218,0.410727,0.541901,0.585317,0.630651,0.464226,0.645860,0.622275,0.588291,0.591524,0.436680,0.531951,0.616514,0.499842,0.653560,0.641029,0.650069,0.434536,0.608181,0.646739,0.490938,0.591044,0.627337,1.000000,0.619901,0.532520,0.637678,0.699115,0.517215,0.665450,0.531723,0.673507,0.530411,0.696757,0.685376,0.466576,0.637807,0.724121,0.482609,0.629150,0.568505,0.609650,0.605274,0.701734,0.558089,0.556362,0.593006,0.705184,0.441514,0.579605,0.609006,0.612941,0.466148,0.672532,0.711739,0.569741,0.676298,0.708512,0.642749,0.529822,0.625969,0.701756,0.675588,0.642243,0.571914,0.639961,0.615631,0.642512,0.707515,0.542542,0.572075,0.620719,0.630477,0.498099,0.524322,0.568146,0.598722,0.572731,0.718018,0.565932,0.614062,0.665576,0.716358,0.646011,0.579566,0.677542,0.653153,0.642097,0.705128,0.660019,0.558564,0.678712,0.561149,0.494153,0.566955,0.639582,0.667093,0.590111,0.579221,0.300365,0.662864,0.429949,0.544627,0.490369,0.576770,0.684016,0.577347,0.664220,0.548969,0.424239,0.627197,0.682350,0.474219,0.614254,0.593168,0.661184,0.425663,0.648621,0.409840,0.604925,0.531115,0.578171,0.628736,0.662825,0.656197,0.588458,0.688037,0.557304,0.573563,0.487113,0.533237,0.556370,0.703617,0.624273,0.529427,0.605665,0.689786,0.541823,0.654896,0.549897,0.671588,0.715322
art_0382,0.627344,0.692298,0.676656,0.622169,0.549382,0.612104,0.673467,0.663706,0.488648,0.571082,0.639084,0.652200,0.558809,0.611496,0.372395,0.592601,0.526720,0.569208,0.505039,0.574978,0.598461,0.649428,0.703027,0.597195,0.657680,0.644580,0.572799,0.641444,0.536115,0.525406,0.561353,0.597744,0.556742,0.661783,0.559424,0.645994,0.588865,0.590029,0.616955,0.593610,0.576355,0.685102,0.574404,0.645779,0.615549,0.700661,0.456241,0.543360,0.530707,0.555635,0.522759,0.439198,0.512908,0.462905,0.422332,0.598436,0.536931,0.643558,0.607742,0.493273,0.498355,0.562827,0.605391,0.617778,0.569839,0.660312,0.658562,0.629858,0.490609,0.608529,0.616176,0.599130,0.698328,0.633992,0.673820,0.579187,0.650815,0.575492,0.605853,0.632718,0.647612,0.619901,1.000000,0.480361,0.624929,0.664780,0.531673,0.620125,0.592158,0.592450,0.584583,0.654985,0.703296,0.472922,0.564330,0.619733,0.581581,0.573330,0.578318,0.543776,0.610295,0.663422,0.622863,0.548345,0.646308,0.645442,0.431404,0.556505,0.510987,0.702176,0.555084,0.629435,0.676895,0.648438,0.638955,0.677204,0.573947,0.574725,0.435032,0.582945,0.673281,0.619859,0.593578,0.611541,0.596943,0.568062,0.678712,0.567752,0.528626,0.623013,0.620833,0.641701,0.630035,0.601716,0.581154,0.620768,0.708248,0.599194,0.644655,0.616423,0.613283,0.588130,0.624148,0.596706,0.647377,0.660221,0.619635,0.648117,0.637594,0.576460,0.615652,0.581435,0.548992,0.611133,0.597822,0.557854,0.593692,0.491598,0.661354,0.469025,0.562703,0.513944,0.585973,0.615998,0.678078,0.685505,0.590500,0.544474,0.670923,0.659990,0.517137,0.648755,0.587532,0.604973,0.525180,0.592009,0.549056,0.503616,0.548921,0.543349,0.648002,0.616859,0.584534,0.564998,0.644273,0.500777,0.574797,0.533369,0.599681,0.423230,0.628036,0.586344,0.626777,0.648224,0.680758,0.624284,0.626000,0.638874,0.619189,0.676951
art_0387,0.382953,0.380211,0.420972,0.497454,0.384149,0.471107,0.434112,0.466901,0.445894,0.475947,0.379842,0.485475,0.482992,0.528974,0.533930,0.435975,0.346839,0.502671,0.455750,0.449854,0.499997,0.490439,0.474076,0.385740,0.513660,0.447521,0.510977,0.451279,0.533617,0.518622,0.487673,0.421714,0.480871,0.517050,0.422265,0.495807,0.498644,0.505497,0.470180,0.498931,0.461852,0.501567,0.509666,0.626612,0.482203,0.446746,0.286919,0.553668,0.463987,0.412082,0.395835,0.344731,0.380801,0.453701,0.444006,0.463232,0.424146,0.466514,0.454692,0.343759,0.431433,0.312718,0.412882,0.416076,0.501749,0.520932,0.518291,0.581140,0.393849,0.475467,0.506659,0.412480,0.478647,0.452558,0.430483,0.446099,0.499385,0.498336,0.414090,0.389311,0.498960,0.532520,0.480361,1.000000,0.536011,0.450460,0.535271,0.474665,0.484160,0.523108,0.523595,0.402463,0.421955,0.356104,0.433388,0.407601,0.420619,0.478274,0.549086,0.454610,0.534065,0.542719,0.521206,0.487259,0.528959,0.512316,0.488556,0.475524,0.445188,0.475675,0.474723,0.444565,0.388484,0.529986,0.530508,0.518656,0.422923,0.543126,0.491812,0.520492,0.439567,0.431929,0.511120,0.410792,0.443797,0.497979,0.487513,0.380065,0.475122,0.389521,0.519892,0.474330,0.475705,0.395242,0.487305,0.400094,0.441873,0.511037,0.427319,0.517004,0.454956,0.460462,0.506090,0.488061,0.499174,0.524913,0.459525,0.413611,0.519713,0.490711,0.467121,0.456270,0.448612,0.504328,0.514654,0.383727,0.449462,0.316755,0.467228,0.391449,0.444667,0.454448,0.412909,0.513452,0.457575,0.520957,0.548104,0.427152,0.461072,0.506531,0.427031,0.493609,0.518380,0.436323,0.427497,0.463958,0.461638,0.406673,0.432479,0.498524,0.560983,0.465161,0.472554,0.536124,0.413539,0.522306,0.457847,0.553163,0.431813,0.377846,0.406307,0.444390,0.398458,0.408692,0.465409,0.468322,0.468446,0.422334,0.508094,0.418359
art_0392,0.558359,0.543984,0.572829,0.701482,0.443731,0.649078,0.584474,0.545424,0.519856,0.509811,0.485476,0.691339,0.497637,0.593865,0.453586,0.502704,0.468829,0.658882,0.483598,0.556235,0.585561,0.610409,0.631199,0.550463,0.711506,0.563453,0.636748,0.606349,0.511309,0.492320,0.575822,0.591400,0.568416,0.635958,0.555012,0.729880,0.542202,0.692178,0.655485,0.575325,0.542968,0.718097,0.574736,0.683783,0.535637,0.606384,0.409870,0.698920,0.553976,0.446498,0.544556,0.555841,0.553401,0.557669,0.482205,0.588515,0.505942,0.569356,0.631261,0.420443,0.470943,0.570183,0.526192,0.465655,0.668752,0.579309,0.609822,0.557081,0.402380,0.697745,0.606330,0.519043,0.680488,0.600743,0.693108,0.503852,0.593486,0.480702,0.569371,0.498627,0.763308,0.637678,0.624929,0.536011,1.000000,0.620418,0.554955,0.579389,0.519051,0.701866,0.558745,0.616610,0.556026,0.364061,0.515812,0.646213,0.631007,0.635523,0.611481,0.608405,0.569082,0.690825,0.567005,0.588756,0.614610,0.698096,0.487447,0.622038,0.601934,0.579743,0.521059,0.532279,0.555532,0.683436,0.715181,0.646443,0.607326,0.537143,0.486857,0.637574,0.550564,0.575258,0.629490,0.670689,0.506883,0.560395,0.649839,0.474014,0.563678,0.550750,0.606085,0.621258,0.480950,0.507916,0.710419,0.570577,0.618195,0.647225,0.600471,0.630269,0.618723,0.552134,0.581181,0.558507,0.642950,0.664608,0.651802,0.704928,0.570866,0.600634,0.669080,0.646324,0.566306,0.601489,0.593186,0.535370,0.553201,0.397159,0.631110,0.420987,0.526684,0.478012,0.552717,0.571647,0.564713,0.664516,0.630737,0.500123,0.551971,0.689964,0.508566,0.596613,0.484183,0.584300,0.470829,0.606827,0.509980,0.568221,0.508765,0.568257,0.666089,0.646133,0.676245,0.519111,0.598722,0.606123,0.510370,0.582258,0.550446,0.356981,0.518501,0.721006,0.546918,0.640072,0.658769,0.592357,0.672815,0.565207,0.714917,0.647382
art_0396,0.681884,0.669427,0.590002,0.672156,0.537558,0.601173,0.648221,0.593974,0.538898,0.523661,0.483866,0.623992,0.521071,0.569057,0.296760,0.538382,0.454451,0.507898,0.578862,0.601606,0.660889,0.638929,0.677582,0.583053,0.620307,0.716164,0.654449,0.663906,0.533653,0.558998,0.560374,0.581328,0.478397,0.643093,0.529015,0.686565,0.542998,0.607189,0.611496,0.662685,0.559616,0.674549,0.500588,0.648634,0.569163,0.647515,0.423380,0.580945,0.599954,0.633694,0.504513,0.536783,0.495287,0.493434,0.446302,0.538671,0.493622,0.574797,0.601431,0.423816,0.552596,0.528551,0.703409,0.465432,0.554930,0.609342,0.554100,0.542997,0.424329,0.480226,0.582632,0.538706,0.581505,0.568135,0.632612,0.564551,0.583536,0.595434,0.520062,0.579093,0.628458,0.699115,0.664780,0.450460,0.620418,1.000000,0.546065,0.633506,0.545104,0.638759,0.523510,0.687135,0.688618,0.516148,0.578443,0.707301,0.477267,0.617538,0.517573,0.571950,0.605804,0.680815,0.647653,0.564940,0.584640,0.682268,0.430092,0.628995,0.610590,0.677338,0.467864,0.640925,0.604755,0.540766,0.645660,0.706993,0.622406,0.514786,0.541337,0.589013,0.630352,0.636282,0.620958,0.634056,0.602713,0.631294,0.731463,0.521521,0.543206,0.604508,0.589037,0.532653,0.598853,0.622073,0.622756,0.616233,0.697162,0.539168,0.674829,0.640841,0.695978,0.637883,0.570650,0.676440,0.715628,0.656733,0.660643,0.657825,0.544457,0.542709,0.550648,0.527549,0.620376,0.670609,0.592171,0.636042,0.619846,0.377522,0.693502,0.399488,0.551222,0.552695,0.492004,0.678888,0.607194,0.662665,0.541961,0.499472,0.616913,0.645789,0.463151,0.642283,0.585153,0.645908,0.440577,0.588114,0.486262,0.588027,0.521331,0.576082,0.663692,0.685039,0.629069,0.548036,0.652707,0.494936,0.562060,0.534681,0.528762,0.401877,0.626300,0.547687,0.567357,0.623752,0.707368,0.571029,0.698180,0.563791,0.677578,0.656117
art_0401,0.505697,0.453964,0.561651,0.635257,0.510080,0.588796,0.510199,0.554399,0.526125,0.605023,0.521875,0.576870,0.566349,0.641009,0.440424,0.586821,0.508228,0.599731,0.533080,0.541152,0.574207,0.642541,0.630141,0.531945,0.695375,0.549211,0.606782,0.575003,0.634862,0.601582,0.642818,0.556851,0.488928,0.606964,0.474222,0.549532,0.555622,0.504758,0.619700,0.522691,0.588658,0.533310,0.567474,0.636315,0.673400,0.648516,0.447045,0.586695,0.484786,0.595464,0.584885,0.458782,0.601408,0.586276,0.565429,0.711130,0.642723,0.624717,0.627257,0.581381,0.620123,0.436985,0.499452,0.411287,0.594781,0.605753,0.645318,0.599167,0.428796,0.624221,0.555295,0.630100,0.634956,0.512699,0.444957,0.505876,0.607983,0.491763,0.620347,0.557747,0.635288,0.517215,0.531673,0.535271,0.554955,0.546065,1.000000,0.619005,0.572599,0.549860,0.624449,0.541626,0.575376,0.520146,0.551708,0.593578,0.634923,0.652440,0.649955,0.588434,0.625078,0.696002,0.594090,0.629766,0.600820,0.508873,0.510352,0.710520,0.646845,0.628866,0.549360,0.528865,0.506843,0.614774,0.559775,0.561050,0.580794,0.661845,0.396114,0.511772,0.549851,0.570409,0.615583,0.522229,0.527213,0.551186,0.600576,0.586229,0.589655,0.569426,0.564135,0.550522,0.596819,0.529751,0.629851,0.626886,0.533103,0.630467,0.543011,0.560699,0.491073,0.487048,0.538344,0.501635,0.639309,0.711813,0.568621,0.523353,0.608984,0.566066,0.635839,0.591723,0.592363,0.571459,0.584332,0.563788,0.607324,0.576599,0.601892,0.518176,0.638129,0.517039,0.467056,0.561178,0.607884,0.580978,0.668185,0.635600,0.640644,0.651121,0.640377,0.541936,0.571364,0.508632,0.478445,0.532682,0.579221,0.496357,0.654899,0.582818,0.644112,0.593955,0.605443,0.559835,0.636714,0.683367,0.629963,0.607884,0.563431,0.369497,0.550561,0.537558,0.536252,0.572612,0.578761,0.577286,0.509966,0.540454,0.622470,0.548186
art_0405,0.651602,0.690164,0.647859,0.687270,0.629139,0.606740,0.724355,0.622284,0.535744,0.585811,0.611719,0.626372,0.564069,0.610285,0.369117,0.579844,0.524109,0.534792,0.576726,0.531799,0.650078,0.716063,0.688268,0.574224,0.716308,0.632484,0.697463,0.667827,0.629750,0.567233,0.627603,0.617008,0.529376,0.623037,0.531252,0.616630,0.580089,0.603146,0.652026,0.656259,0.582388,0.635507,0.564276,0.680857,0.632859,0.736947,0.473541,0.641653,0.534937,0.583608,0.521433,0.502551,0.544025,0.550775,0.563236,0.661294,0.641586,0.625131,0.656922,0.509088,0.532093,0.526658,0.632336,0.492232,0.597230,0.606203,0.601693,0.567847,0.429926,0.575789,0.609663,0.595828,0.624788,0.610167,0.595004,0.496816,0.583589,0.544213,0.604380,0.570013,0.673039,0.665450,0.620125,0.474665,0.579389,0.633506,0.619005,1.000000,0.579381,0.625412,0.628096,0.613036,0.669861,0.553928,0.626624,0.711244,0.519341,0.671157,0.672390,0.598669,0.692310,0.694983,0.614369,0.627818,0.666953,0.623431,0.463460,0.591803,0.643953,0.735184,0.497444,0.639074,0.600428,0.581037,0.600187,0.654301,0.662391,0.642385,0.540576,0.638083,0.695014,0.709034,0.582678,0.597789,0.624039,0.574746,0.718877,0.621238,0.596234,0.657158,0.654860,0.562381,0.602927,0.638440,0.636280,0.659932,0.703457,0.645021,0.606293,0.649831,0.590122,0.575597,0.612740,0.625479,0.616011,0.669266,0.658843,0.587768,0.600369,0.574142,0.592096,0.567750,0.651490,0.681105,0.602342,0.655933,0.618573,0.496035,0.631757,0.523790,0.704650,0.513555,0.484536,0.640734,0.664385,0.682799,0.624396,0.594596,0.686742,0.691227,0.579201,0.651277,0.538706,0.586530,0.443683,0.632182,0.515468,0.570528,0.646658,0.645219,0.685704,0.684339,0.644110,0.616069,0.705751,0.697252,0.604698,0.554574,0.602278,0.419759,0.645169,0.541141,0.548980,0.706495,0.720472,0.602437,0.589568,0.577430,0.688780,0.649232
art_0410,0.543290,0.490522,0.570968,0.535188,0.497079,0.537752,0.538692,0.565851,0.558641,0.473181,0.506749,0.490360,0.565292,0.615636,0.344002,0.595012,0.338425,0.461661,0.512237,0.632480,0.567793,0.603383,0.541226,0.441150,0.583589,0.579729,0.586551,0.507895,0.543770,0.539700,0.537176,0.470098,0.514004,0.551915,0.461093,0.515352,0.478064,0.486237,0.516496,0.554271,0.511977,0.520384,0.470190,0.609788,0.580799,0.595256,0.500793,0.575629,0.512576,0.576474,0.507073,0.448017,0.464223,0.513389,0.577606,0.538870,0.551673,0.557783,0.587384,0.434329,0.525446,0.318436,0.481717,0.354798,0.515309,0.604864,0.526271,0.585074,0.341834,0.516079,0.553754,0.510876,0.562320,0.572695,0.463643,0.482598,0.556544,0.475197,0.493629,0.556377,0.559582,0.531723,0.592158,0.484160,0.519051,0.545104,0.572599,0.579381,1.000000,0.522256,0.488932,0.629186,0.638445,0.483492,0.565691,0.541915,0.424212,0.508720,0.615546,0.468812,0.544540,0.604772,0.591269,0.566932,0.524148,0.483688,0.461029,0.601878,0.575980,0.582207,0.506740,0.529029,0.507116,0.580828,0.485340,0.474350,0.458650,0.547047,0.318156,0.486479,0.576472,0.524834,0.535041,0.580799,0.537882,0.543728,0.566046,0.603734,0.519603,0.504112,0.526314,0.491736,0.632888,0.609038,0.527514,0.609596,0.527100,0.532233,0.503392,0.501769,0.501563,0.535436,0.651752,0.459082,0.689092,0.672618,0.559133,0.595779,0.528123,0.526568,0.527676,0.520965,0.551072,0.519053,0.513591,0.536255,0.610406,0.473692,0.571822,0.481363,0.540222,0.503397,0.488360,0.561845,0.596088,0.532313,0.531945,0.486649,0.593209,0.615182,0.514560,0.466255,0.533764,0.493973,0.438749,0.592125,0.529439,0.447249,0.547485,0.514667,0.610658,0.604031,0.515834,0.520644,0.562220,0.556312,0.572321,0.507928,0.520189,0.419222,0.535197,0.519890,0.442568,0.551813,0.544223,0.548349,0.526360,0.501110,0.576181,0.444134
art_0415,0.610888,0.588161,0.533555,0.728904,0.466473,0.657013,0.613243,0.498693,0.420485,0.555439,0.461535,0.685858,0.545789,0.560277,0.411911,0.524893,0.452341,0.495276,0.467242,0.542213,0.669211,0.639827,0.564451,0.486105,0.685677,0.613538,0.760962,0.652649,0.533875,0.604337,0.545949,0.608973,0.571121,0.560035,0.663627,0.794859,0.588544,0.613218,0.637971,0.585421,0.574689,0.798865,0.506593,0.785991,0.504629,0.537224,0.440868,0.754529,0.721816,0.462263,0.571995,0.648779,0.581939,0.459332,0.568393,0.559820,0.543758,0.627624,0.717474,0.381943,0.479245,0.631706,0.484691,0.465193,0.520567,0.516896,0.604251,0.600306,0.455720,0.506346,0.664031,0.517282,0.541019,0.551503,0.661756,0.420067,0.612261,0.514840,0.505125,0.498519,0.666162,0.673507,0.592450,0.523108,0.701866,0.638759,0.549860,0.625412,0.522256,1.000000,0.517376,0.610946,0.599312,0.392208,0.481205,0.656532,0.581691,0.746733,0.594309,0.685661,0.540674,0.686574,0.575999,0.681257,0.665345,0.751050,0.438184,0.706454,0.610576,0.631482,0.573139,0.612805,0.580613,0.585964,0.774689,0.651852,0.720934,0.571788,0.613794,0.742756,0.571008,0.626664,0.684730,0.749812,0.587759,0.609968,0.641880,0.480299,0.525789,0.486475,0.661201,0.579328,0.527293,0.552356,0.656717,0.619269,0.658299,0.644374,0.629421,0.746946,0.670183,0.671979,0.498636,0.596206,0.652057,0.664101,0.686590,0.626619,0.588913,0.513058,0.604659,0.580649,0.500103,0.654800,0.751976,0.573218,0.608263,0.459173,0.622530,0.375304,0.546635,0.528068,0.426131,0.693982,0.557157,0.718617,0.610522,0.507058,0.603655,0.787175,0.516448,0.679493,0.621448,0.571292,0.469092,0.698683,0.490943,0.679044,0.527583,0.670157,0.651103,0.677442,0.654793,0.503630,0.678432,0.608046,0.640444,0.557771,0.586040,0.389406,0.590586,0.550035,0.569025,0.690490,0.765319,0.474413,0.611316,0.523558,0.831235,0.701014
art_0419,0.483949,0.475421,0.609375,0.581380,0.485737,0.490540,0.495374,0.585476,0.526045,0.639132,0.546568,0.600077,0.520945,0.664989,0.430629,0.565641,0.523949,0.584391,0.504823,0.426388,0.539144,0.592057,0.602459,0.560626,0.642502,0.512447,0.515540,0.542710,0.588050,0.604140,0.604836,0.546941,0.522566,0.611350,0.499654,0.546761,0.613097,0.562850,0.584075,0.552157,0.590077,0.556190,0.549436,0.509713,0.618759,0.618694,0.527919,0.450271,0.416203,0.557001,0.517712,0.376902,0.458013,0.552541,0.386080,0.557537,0.620169,0.597159,0.566729,0.482825,0.490167,0.447883,0.490717,0.571324,0.549121,0.633240,0.644635,0.508542,0.470774,0.604362,0.536148,0.584524,0.658179,0.589820,0.650276,0.573709,0.630403,0.577933,0.622320,0.520187,0.628302,0.530411,0.584583,0.523595,0.558745,0.523510,0.624449,0.628096,0.488932,0.517376,1.000000,0.571559,0.636623,0.481841,0.499398,0.556384,0.575684,0.564508,0.677338,0.509643,0.608278,0.611508,0.567868,0.566637,0.557312,0.530746,0.551880,0.490874,0.533376,0.647044,0.573738,0.634585,0.561592,0.651882,0.534950,0.624210,0.529167,0.645793,0.372583,0.483149,0.548984,0.557614,0.569314,0.509360,0.569512,0.534114,0.616231,0.486984,0.583043,0.572843,0.556686,0.582063,0.526378,0.539554,0.603933,0.543336,0.598665,0.544021,0.568212,0.559976,0.483946,0.480094,0.640885,0.573791,0.584525,0.612935,0.506639,0.481615,0.662047,0.568203,0.592675,0.519360,0.508868,0.539663,0.622471,0.502063,0.590240,0.506417,0.635203,0.430530,0.654097,0.520107,0.611133,0.564688,0.582604,0.543756,0.675343,0.578267,0.618783,0.581077,0.630972,0.555483,0.621288,0.566387,0.538868,0.445149,0.535881,0.397936,0.653590,0.624212,0.594763,0.604625,0.574359,0.568277,0.590935,0.632689,0.624849,0.586637,0.586862,0.431329,0.599108,0.577277,0.584484,0.555567,0.547160,0.642904,0.640434,0.635165,0.557512,0.632942
art_0424,0.604239,0.621908,0.641928,0.666630,0.554588,0.607373,0.652384,0.587385,0.511924,0.572147,0.521868,0.684736,0.540121,0.630413,0.392994,0.520270,0.481253,0.573934,0.532443,0.614045,0.622534,0.634739,0.641307,0.594328,0.634843,0.648146,0.647962,0.617349,0.557795,0.505129,0.581286,0.650086,0.599218,0.670988,0.580852,0.694293,0.546598,0.705944,0.577958,0.626973,0.524793,0.643612,0.584483,0.620147,0.542260,0.674224,0.457294,0.594525,0.605451,0.589562,0.511419,0.606324,0.502132,0.473332,0.402582,0.608917,0.536175,0.588045,0.608816,0.434411,0.538152,0.599563,0.595979,0.547977,0.555141,0.589350,0.604680,0.551923,0.547635,0.587050,0.648490,0.569898,0.670286,0.669686,0.736817,0.589853,0.666239,0.599694,0.529965,0.566534,0.672812,0.696757,0.654985,0.402463,0.616610,0.687135,0.541626,0.613036,0.629186,0.610946,0.571559,1.000000,0.730546,0.441806,0.544358,0.731193,0.494662,0.649603,0.574375,0.600598,0.608611,0.648888,0.625273,0.575272,0.589162,0.682725,0.497380,0.635455,0.672284,0.667284,0.574044,0.661451,0.698367,0.612615,0.675820,0.675268,0.578674,0.575203,0.474963,0.584090,0.669815,0.601440,0.611337,0.655403,0.592718,0.643441,0.682735,0.521233,0.595366,0.560793,0.620845,0.583708,0.561592,0.659199,0.625568,0.610818,0.680532,0.541588,0.608416,0.613466,0.654159,0.660663,0.632913,0.616643,0.733475,0.662834,0.708784,0.654496,0.583759,0.641338,0.610019,0.530833,0.651577,0.647272,0.627619,0.616281,0.611755,0.410243,0.648073,0.480773,0.560793,0.593088,0.578593,0.704154,0.613113,0.646417,0.552291,0.563165,0.672750,0.707117,0.539639,0.581236,0.609657,0.645374,0.535931,0.638490,0.488677,0.590845,0.526051,0.564644,0.678270,0.664648,0.667166,0.562517,0.646323,0.539012,0.587769,0.514236,0.611594,0.534635,0.622390,0.642648,0.613658,0.654373,0.695238,0.602855,0.643340,0.634951,0.663130,0.686865
art_0429,0.642265,0.689005,0.673910,0.637071,0.586242,0.615475,0.714964,0.661783,0.535764,0.554145,0.587890,0.687886,0.554907,0.649398,0.410002,0.608608,0.492289,0.545142,0.510621,0.573178,0.622581,0.661253,0.673716,0.602444,0.670679,0.701016,0.612938,0.611309,0.560271,0.585249,0.545869,0.606293,0.542840,0.601539,0.583431,0.673793,0.657071,0.653421,0.567954,0.600886,0.597762,0.641318,0.528572,0.615175,0.600933,0.697504,0.524953,0.542755,0.574506,0.607776,0.484781,0.520654,0.527389,0.517267,0.434455,0.592160,0.556122,0.578939,0.664317,0.456528,0.509840,0.556266,0.619728,0.544205,0.585397,0.622989,0.645654,0.561226,0.491161,0.557640,0.608286,0.602053,0.639379,0.625948,0.675382,0.560418,0.646636,0.646311,0.563349,0.616310,0.617277,0.685376,0.703296,0.421955,0.556026,0.688618,0.575376,0.669861,0.638445,0.599312,0.636623,0.730546,1.000000,0.529365,0.563402,0.698873,0.523165,0.584151,0.593380,0.583652,0.598047,0.694015,0.614563,0.571395,0.567614,0.623420,0.472315,0.621341,0.611813,0.727019,0.563785,0.724783,0.679139,0.621325,0.633839,0.716360,0.634624,0.565971,0.514490,0.583973,0.667427,0.697610,0.589045,0.611269,0.603496,0.646189,0.703206,0.543601,0.568442,0.658153,0.597384,0.579942,0.570404,0.674280,0.592492,0.632245,0.758990,0.596124,0.672249,0.594522,0.709201,0.629810,0.656210,0.633888,0.664052,0.676736,0.678156,0.647114,0.669191,0.614875,0.577877,0.550454,0.587743,0.625409,0.664162,0.652025,0.666979,0.482439,0.694734,0.428513,0.605629,0.532107,0.557575,0.700170,0.637647,0.626549,0.577926,0.615534,0.760347,0.670553,0.580947,0.633934,0.667664,0.635386,0.506585,0.645850,0.475865,0.570402,0.566701,0.596917,0.641853,0.681826,0.633538,0.585685,0.710131,0.555193,0.646161,0.548829,0.595855,0.506963,0.698517,0.588097,0.596699,0.694768,0.655967,0.598419,0.636655,0.652071,0.644004,0.722119
art_0433,0.547867,0.483367,0.515197,0.401768,0.556756,0.390346,0.494411,0.657022,0.588249,0.525558,0.526196,0.438830,0.470151,0.423715,0.264726,0.567395,0.312118,0.440184,0.677593,0.461780,0.478050,0.504635,0.506308,0.581583,0.493601,0.572375,0.547073,0.424278,0.555426,0.594838,0.547977,0.394994,0.356088,0.535913,0.280654,0.395321,0.388419,0.379146,0.364762,0.493876,0.423238,0.326228,0.333369,0.420828,0.627691,0.552342,0.404618,0.338468,0.390799,0.608586,0.443583,0.262151,0.368024,0.509591,0.373915,0.464526,0.505724,0.439174,0.395701,0.477165,0.566934,0.194818,0.528154,0.335085,0.475682,0.601051,0.463304,0.400027,0.264482,0.424748,0.465460,0.454160,0.580715,0.447165,0.395682,0.405598,0.490921,0.379233,0.486991,0.583447,0.433504,0.466576,0.472922,0.356104,0.364061,0.516148,0.520146,0.553928,0.483492,0.392208,0.481841,0.441806,0.529365,1.000000,0.518308,0.527690,0.363049,0.413327,0.516668,0.369793,0.582538,0.466729,0.463363,0.411180,0.423742,0.380072,0.295169,0.409292,0.441847,0.563100,0.368252,0.484759,0.476929,0.468092,0.435524,0.452292,0.375078,0.426322,0.330823,0.364786,0.599701,0.470817,0.476909,0.353473,0.538052,0.435731,0.535221,0.516612,0.503170,0.588735,0.384358,0.395626,0.586579,0.632976,0.448701,0.516545,0.523099,0.424604,0.491699,0.445090,0.402224,0.380720,0.505354,0.519857,0.505474,0.506220,0.446602,0.470080,0.435696,0.610485,0.397307,0.393727,0.504543,0.468267,0.416498,0.508523,0.562965,0.344687,0.590395,0.354038,0.522260,0.410971,0.551163,0.439251,0.535900,0.357869,0.468121,0.449006,0.491892,0.411986,0.451784,0.408551,0.496160,0.397530,0.369061,0.325229,0.413521,0.358099,0.559101,0.409018,0.504474,0.512260,0.451534,0.562270,0.457404,0.404289,0.525580,0.395809,0.451849,0.314658,0.528541,0.430767,0.397451,0.515110,0.399538,0.500901,0.514232,0.433646,0.375740,0.387856
art_0438,0.633107,0.525550,0.583497,0.611406,0.586220,0.466060,0.538455,0.635955,0.682588,0.643844,0.533380,0.546749,0.521121,0.564497,0.347037,0.552403,0.430865,0.488033,0.571680,0.578074,0.575683,0.612020,0.647112,0.547502,0.675410,0.583639,0.582214,0.648861,0.576724,0.515561,0.609814,0.519059,0.510905,0.567951,0.510515,0.533305,0.496780,0.465179,0.559947,0.597245,0.545052,0.496034,0.478295,0.533048,0.686584,0.583401,0.402325,0.536847,0.448814,0.552183,0.534850,0.447487,0.541534,0.520302,0.488994,0.642535,0.561675,0.529323,0.537299,0.484377,0.483947,0.485306,0.575930,0.467405,0.562299,0.632195,0.538530,0.581591,0.379245,0.569887,0.506081,0.505112,0.662343,0.550961,0.483378,0.489858,0.549139,0.448078,0.577127,0.526748,0.682319,0.637807,0.564330,0.433388,0.515812,0.578443,0.551708,0.626624,0.565691,0.481205,0.499398,0.544358,0.563402,0.518308,1.000000,0.607675,0.419404,0.554277,0.648452,0.471016,0.602081,0.620234,0.542704,0.610225,0.573765,0.533944,0.470491,0.490982,0.483475,0.644184,0.458314,0.500734,0.581832,0.569128,0.536960,0.586722,0.555570,0.560595,0.358170,0.583281,0.598124,0.476212,0.484446,0.511290,0.582398,0.500045,0.615057,0.566020,0.610966,0.633969,0.559407,0.525004,0.507189,0.509389,0.543977,0.590052,0.542527,0.648953,0.644965,0.562076,0.499991,0.529416,0.512853,0.622718,0.614750,0.693380,0.643003,0.652527,0.544567,0.606250,0.567911,0.492692,0.516003,0.615694,0.536346,0.461196,0.570937,0.418543,0.680791,0.527140,0.648774,0.447728,0.477062,0.515995,0.583361,0.558961,0.542758,0.541411,0.565187,0.560953,0.552127,0.518663,0.460624,0.529727,0.416911,0.526835,0.457475,0.463027,0.613649,0.537551,0.617497,0.633639,0.534962,0.596025,0.590112,0.567556,0.540146,0.390992,0.519592,0.350925,0.622861,0.603187,0.509891,0.570639,0.603806,0.513936,0.535004,0.454310,0.552233,0.542271
art_0443,0.709619,0.713775,0.679453,0.728508,0.640944,0.648891,0.756743,0.627848,0.584119,0.577931,0.507006,0.704002,0.524598,0.596253,0.378774,0.552374,0.485121,0.542238,0.577656,0.629699,0.651079,0.722839,0.738203,0.617967,0.728275,0.664201,0.685336,0.701495,0.573316,0.554674,0.621887,0.670968,0.528409,0.644851,0.604229,0.734950,0.512528,0.689158,0.658412,0.637502,0.571542,0.677349,0.560915,0.698227,0.618215,0.700366,0.411090,0.640970,0.584466,0.603712,0.550756,0.585093,0.565443,0.514241,0.503130,0.651255,0.561990,0.601315,0.686188,0.432227,0.520408,0.629890,0.638083,0.496422,0.588272,0.588665,0.604704,0.542297,0.463674,0.597591,0.682361,0.608247,0.685770,0.647954,0.667816,0.484862,0.609410,0.553404,0.555002,0.598580,0.715509,0.724121,0.619733,0.407601,0.646213,0.707301,0.593578,0.711244,0.541915,0.656532,0.556384,0.731193,0.698873,0.527690,0.607675,1.000000,0.552869,0.671741,0.619503,0.643555,0.666370,0.709469,0.635693,0.671683,0.651612,0.698864,0.471820,0.625788,0.671652,0.752873,0.523996,0.670965,0.683721,0.628951,0.649857,0.706634,0.663509,0.574964,0.543335,0.627369,0.701608,0.730174,0.584525,0.673298,0.629824,0.625088,0.742194,0.548132,0.594651,0.651719,0.624289,0.602875,0.544955,0.683686,0.640784,0.683959,0.718603,0.668975,0.633068,0.669750,0.718868,0.629953,0.571750,0.686181,0.689632,0.692541,0.764200,0.690482,0.562843,0.600072,0.589399,0.513848,0.669324,0.728997,0.619322,0.652893,0.608200,0.444767,0.640177,0.449372,0.659374,0.539091,0.504953,0.665673,0.647833,0.692675,0.602573,0.532561,0.672214,0.705993,0.548560,0.630514,0.544870,0.646433,0.456539,0.647302,0.435664,0.644959,0.593905,0.623102,0.731141,0.680815,0.707484,0.607776,0.734661,0.622706,0.605642,0.461054,0.602571,0.462224,0.699969,0.617950,0.573419,0.705012,0.740323,0.574157,0.640691,0.608193,0.729129,0.712000
art_0447,0.391213,0.402930,0.469369,0.573040,0.424461,0.599391,0.416946,0.526686,0.381326,0.522404,0.474506,0.584991,0.541609,0.589233,0.464951,0.517170,0.496214,0.611639,0.424193,0.436404,0.504976,0.568678,0.591382,0.440629,0.652275,0.440282,0.506160,0.515714,0.470967,0.456033,0.528659,0.593955,0.462990,0.569784,0.509423,0.599488,0.533702,0.471129,0.556915,0.481261,0.498018,0.621119,0.593277,0.552128,0.500984,0.506233,0.363406,0.524669,0.486303,0.408594,0.555128,0.434898,0.536896,0.479616,0.491254,0.595209,0.547719,0.564050,0.543515,0.466138,0.425751,0.577099,0.342818,0.447214,0.511449,0.545893,0.600316,0.549777,0.492209,0.628536,0.553313,0.544135,0.591858,0.490419,0.474849,0.438196,0.573023,0.488937,0.609503,0.460298,0.583515,0.482609,0.581581,0.420619,0.631007,0.477267,0.634923,0.519341,0.424212,0.581691,0.575684,0.494662,0.523165,0.363049,0.419404,0.552869,1.000000,0.638434,0.564050,0.554668,0.532162,0.606679,0.517774,0.558244,0.571818,0.525537,0.404601,0.610285,0.512692,0.544236,0.526403,0.518885,0.512626,0.653568,0.583688,0.529374,0.552909,0.545201,0.385604,0.512227,0.452225,0.506478,0.579179,0.570806,0.446235,0.476090,0.584732,0.480705,0.464919,0.453881,0.504665,0.524599,0.448285,0.405636,0.526223,0.561914,0.486010,0.552897,0.425235,0.550541,0.460904,0.470011,0.453163,0.485354,0.549303,0.544659,0.490509,0.493470,0.594169,0.548814,0.601207,0.600356,0.506483,0.506645,0.535626,0.453121,0.486416,0.541562,0.507468,0.452115,0.509157,0.450888,0.436163,0.476631,0.534597,0.565419,0.635755,0.549846,0.511192,0.610463,0.579252,0.530592,0.485569,0.502399,0.428021,0.516819,0.475622,0.428850,0.529648,0.463373,0.533788,0.487199,0.596740,0.446660,0.584947,0.567070,0.499013,0.504580,0.525676,0.318627,0.476214,0.596620,0.507369,0.523160,0.604320,0.555470,0.497757,0.602682,0.602461,0.595380
art_0452,0.548803,0.582638,0.547546,0.784308,0.568269,0.673602,0.609130,0.519676,0.481684,0.648913,0.521397,0.676737,0.561843,0.618970,0.461725,0.521802,0.587336,0.612833,0.558282,0.525582,0.701949,0.697287,0.654726,0.518644,0.774987,0.616659,0.750489,0.681113,0.653478,0.615401,0.615348,0.664641,0.608237,0.603122,0.668332,0.749705,0.611719,0.585281,0.702436,0.621094,0.594986,0.767389,0.588887,0.748267,0.631111,0.640401,0.410379,0.698018,0.620833,0.523248,0.624972,0.614849,0.672812,0.536645,0.522058,0.686392,0.593885,0.604051,0.734411,0.471424,0.557649,0.691268,0.542560,0.525454,0.527566,0.580488,0.594697,0.630154,0.545947,0.627238,0.676778,0.669735,0.585216,0.578858,0.595921,0.511551,0.632822,0.533633,0.646868,0.489005,0.743122,0.629150,0.573330,0.478274,0.635523,0.617538,0.652440,0.671157,0.508720,0.746733,0.564508,0.649603,0.584151,0.413327,0.554277,0.671741,0.638434,1.000000,0.677969,0.723852,0.642256,0.733697,0.638465,0.721188,0.711271,0.714946,0.519980,0.672036,0.654524,0.677493,0.598577,0.652717,0.640884,0.625867,0.672775,0.688391,0.702740,0.595593,0.546581,0.693147,0.623758,0.715384,0.636941,0.686496,0.612727,0.550759,0.723606,0.468012,0.586836,0.595462,0.682014,0.594462,0.534638,0.504644,0.668231,0.716035,0.658182,0.690616,0.592312,0.764424,0.616138,0.660520,0.522693,0.632415,0.668789,0.696163,0.698543,0.628241,0.605738,0.548539,0.684134,0.645563,0.609874,0.734668,0.705165,0.550827,0.611366,0.559534,0.644689,0.565175,0.616919,0.568407,0.374255,0.689921,0.635260,0.722491,0.709085,0.598070,0.629679,0.783865,0.668615,0.712214,0.607610,0.629423,0.489108,0.676348,0.579270,0.646807,0.632415,0.691557,0.736273,0.755404,0.715830,0.563471,0.750709,0.663557,0.651146,0.544956,0.645135,0.415280,0.601874,0.593491,0.640564,0.722689,0.833974,0.549134,0.549069,0.628255,0.804673,0.710907
art_0457,0.509367,0.517457,0.617387,0.681546,0.500855,0.529949,0.573805,0.664268,0.607947,0.735989,0.553993,0.607778,0.555762,0.649080,0.474553,0.639156,0.498219,0.593795,0.560272,0.550779,0.641608,0.746878,0.614858,0.528341,0.727848,0.591222,0.655709,0.627556,0.729632,0.672085,0.689413,0.582916,0.601941,0.622773,0.534562,0.599122,0.611803,0.531052,0.690923,0.620038,0.648706,0.602172,0.524108,0.654551,0.687615,0.671178,0.570113,0.611724,0.515341,0.570427,0.619513,0.456214,0.539550,0.644235,0.516323,0.646088,0.700797,0.675932,0.678891,0.521638,0.559537,0.466984,0.580115,0.483127,0.555135,0.707331,0.678695,0.620320,0.454244,0.657760,0.583418,0.628645,0.645591,0.593538,0.512370,0.520879,0.709781,0.519293,0.642241,0.512980,0.715014,0.568505,0.578318,0.549086,0.611481,0.517573,0.649955,0.672390,0.615546,0.594309,0.677338,0.574375,0.593380,0.516668,0.648452,0.619503,0.564050,0.677969,1.000000,0.597178,0.699226,0.701379,0.665845,0.716166,0.687939,0.587875,0.661339,0.517520,0.628222,0.676996,0.574880,0.640920,0.547367,0.647310,0.573925,0.598175,0.629266,0.729539,0.421764,0.658854,0.626350,0.609670,0.602905,0.597167,0.664237,0.567270,0.672086,0.555009,0.654272,0.608933,0.646541,0.650943,0.626905,0.595449,0.661263,0.636861,0.580668,0.719703,0.595507,0.670438,0.461842,0.587570,0.647469,0.623372,0.697980,0.724368,0.612500,0.551224,0.650801,0.630899,0.703408,0.620144,0.637542,0.650017,0.649655,0.561692,0.717749,0.527772,0.645080,0.597512,0.677915,0.594503,0.508763,0.617371,0.698509,0.625334,0.762299,0.667963,0.628617,0.636986,0.690821,0.593586,0.605105,0.581627,0.523081,0.557300,0.571967,0.525082,0.716467,0.698890,0.695160,0.689328,0.607834,0.647549,0.688982,0.794300,0.690684,0.610007,0.690692,0.412983,0.569196,0.608082,0.606938,0.639073,0.649357,0.646241,0.553855,0.594916,0.651759,0.588662
art_0461,0.513316,0.577158,0.522296,0.719478,0.523450,0.597452,0.646886,0.500950,0.406279,0.547597,0.490414,0.686520,0.507902,0.551067,0.405617,0.493675,0.554336,0.480245,0.467206,0.527289,0.690706,0.678997,0.674595,0.465452,0.708507,0.538212,0.616479,0.645486,0.526475,0.545914,0.619830,0.625744,0.489255,0.535561,0.672013,0.706555,0.508572,0.625299,0.569927,0.557404,0.549029,0.723924,0.512314,0.731896,0.564591,0.588395,0.442761,0.631391,0.642944,0.468719,0.639256,0.681938,0.692321,0.428805,0.429648,0.662057,0.612320,0.572996,0.651675,0.431192,0.498242,0.653105,0.527161,0.436417,0.467549,0.528422,0.556950,0.476324,0.413267,0.541069,0.566567,0.533766,0.529754,0.535878,0.607312,0.436752,0.569080,0.540815,0.574506,0.516276,0.692142,0.609650,0.543776,0.454610,0.608405,0.571950,0.588434,0.598669,0.468812,0.685661,0.509643,0.600598,0.583652,0.369793,0.471016,0.643555,0.554668,0.723852,0.597178,1.000000,0.683949,0.684569,0.553329,0.684778,0.624447,0.753256,0.411471,0.619059,0.633320,0.627665,0.486787,0.617803,0.594066,0.592063,0.644470,0.634210,0.657401,0.590092,0.674026,0.662254,0.608005,0.664030,0.570744,0.629538,0.611640,0.552768,0.670056,0.442779,0.492105,0.519704,0.648637,0.648633,0.570076,0.528205,0.565493,0.577999,0.657047,0.669998,0.568939,0.677576,0.639923,0.624606,0.484144,0.629310,0.633935,0.696681,0.679876,0.591763,0.568604,0.519915,0.615134,0.529935,0.543194,0.713272,0.688250,0.556278,0.547739,0.347868,0.601130,0.382841,0.556356,0.523439,0.368750,0.668129,0.555887,0.649133,0.661803,0.564584,0.621209,0.641947,0.533534,0.662198,0.567142,0.565518,0.415168,0.612660,0.423239,0.634433,0.574049,0.700457,0.648822,0.651136,0.646818,0.523463,0.704492,0.615753,0.561200,0.525151,0.701475,0.450371,0.615327,0.520318,0.584776,0.672129,0.722557,0.509161,0.552397,0.578482,0.682149,0.694004
art_0466,0.547211,0.578226,0.630623,0.605958,0.601686,0.548791,0.640918,0.625505,0.592092,0.641396,0.669016,0.669289,0.531314,0.607881,0.422550,0.583580,0.485116,0.523920,0.684239,0.514260,0.672024,0.679891,0.694787,0.571797,0.714142,0.584078,0.612730,0.591727,0.691341,0.619067,0.710030,0.589568,0.491169,0.657545,0.505059,0.609866,0.512003,0.561584,0.582973,0.615831,0.591178,0.576688,0.539397,0.639450,0.716222,0.682608,0.445835,0.535118,0.508003,0.671511,0.601413,0.472089,0.556382,0.573678,0.443033,0.629602,0.637116,0.606580,0.564662,0.492284,0.558043,0.496542,0.660861,0.498502,0.587930,0.669809,0.636958,0.570262,0.425310,0.613749,0.581843,0.549004,0.643150,0.619701,0.557068,0.514319,0.653333,0.599730,0.653336,0.548701,0.665642,0.605274,0.610295,0.534065,0.569082,0.605804,0.625078,0.692310,0.544540,0.540674,0.608278,0.608611,0.598047,0.582538,0.602081,0.666370,0.532162,0.642256,0.699226,0.683949,1.000000,0.686235,0.620954,0.672998,0.615445,0.581921,0.495440,0.545018,0.586781,0.714439,0.515622,0.635727,0.601710,0.652047,0.569410,0.680572,0.540751,0.604623,0.497703,0.565779,0.653234,0.653799,0.530328,0.483587,0.620474,0.545510,0.739281,0.603076,0.567746,0.641935,0.613106,0.586520,0.662277,0.612691,0.583420,0.618016,0.648035,0.648046,0.550606,0.627268,0.566819,0.562223,0.595126,0.636517,0.662308,0.711226,0.584061,0.583778,0.584460,0.700043,0.620610,0.548732,0.675009,0.676580,0.542872,0.575883,0.657794,0.387731,0.631238,0.445102,0.667659,0.548391,0.573732,0.622296,0.654017,0.562107,0.712485,0.588506,0.666233,0.612314,0.635388,0.599297,0.512452,0.570282,0.461026,0.474873,0.520693,0.502344,0.694178,0.599853,0.689180,0.648760,0.650064,0.634219,0.648402,0.614444,0.594390,0.545097,0.623316,0.410113,0.584027,0.579866,0.550454,0.631285,0.627065,0.640575,0.586019,0.609719,0.591346,0.616436
art_0471,0.610750,0.665259,0.647342,0.786811,0.606790,0.694119,0.679665,0.597749,0.585653,0.636579,0.547786,0.731424,0.575740,0.700975,0.516583,0.643465,0.600466,0.636127,0.556360,0.600127,0.731651,0.731141,0.735406,0.580970,0.786791,0.687449,0.691188,0.677524,0.611583,0.574067,0.661003,0.651979,0.526777,0.625455,0.591952,0.706557,0.611677,0.674323,0.671969,0.628642,0.643096,0.729540,0.597313,0.712870,0.686343,0.707948,0.451066,0.694567,0.654768,0.579938,0.574085,0.546105,0.592529,0.593449,0.573741,0.692492,0.586043,0.655239,0.738111,0.530634,0.572863,0.613213,0.636989,0.529753,0.639633,0.698300,0.637120,0.622515,0.488794,0.678421,0.652664,0.660346,0.656663,0.644791,0.623487,0.551123,0.662201,0.588901,0.665202,0.571384,0.733948,0.701734,0.663422,0.542719,0.690825,0.680815,0.696002,0.694983,0.604772,0.686574,0.611508,0.648888,0.694015,0.466729,0.620234,0.709469,0.606679,0.733697,0.701379,0.684569,0.686235,1.000000,0.638907,0.706572,0.734300,0.680468,0.580650,0.674474,0.720171,0.704870,0.555424,0.673080,0.638019,0.634173,0.642263,0.667451,0.736680,0.639724,0.552303,0.689662,0.635262,0.693740,0.647452,0.705631,0.614820,0.601524,0.720770,0.587696,0.626069,0.662724,0.710979,0.588903,0.609915,0.611413,0.690123,0.687945,0.734370,0.726614,0.647565,0.716783,0.675806,0.613869,0.618269,0.618354,0.740439,0.767927,0.731891,0.660602,0.623163,0.611480,0.689312,0.608446,0.656327,0.711866,0.706047,0.652025,0.653805,0.547408,0.704548,0.534847,0.652994,0.568822,0.491705,0.656570,0.651161,0.781870,0.715423,0.606672,0.701416,0.754691,0.633015,0.691525,0.606605,0.666578,0.489999,0.692874,0.598867,0.589298,0.644540,0.696090,0.734353,0.746035,0.722334,0.652262,0.757247,0.695068,0.628782,0.618497,0.676443,0.505260,0.644337,0.603569,0.596614,0.711019,0.750166,0.636745,0.636170,0.629233,0.755631,0.700716
art_0475,0.585917,0.547797,0.581798,0.659117,0.525868,0.566051,0.599571,0.568458,0.522856,0.599853,0.514586,0.573575,0.511309,0.523961,0.402814,0.621120,0.532134,0.577745,0.541510,0.588395,0.631304,0.715496,0.615970,0.467440,0.675212,0.593587,0.631963,0.639530,0.659143,0.615782,0.613508,0.546838,0.563582,0.609087,0.558000,0.656907,0.572786,0.539755,0.697506,0.585712,0.662822,0.641990,0.560490,0.643008,0.611401,0.643547,0.449311,0.602203,0.520931,0.576021,0.519021,0.469497,0.477882,0.545688,0.499948,0.597235,0.599324,0.584171,0.658104,0.456317,0.500675,0.450048,0.577802,0.544289,0.549899,0.619021,0.592692,0.607748,0.487958,0.573305,0.596535,0.677065,0.590899,0.571859,0.589567,0.597327,0.601986,0.539787,0.579180,0.546450,0.688289,0.558089,0.622863,0.521206,0.567005,0.647653,0.594090,0.614369,0.591269,0.575999,0.567868,0.625273,0.614563,0.463363,0.542704,0.635693,0.517774,0.638465,0.665845,0.553329,0.620954,0.638907,1.000000,0.625508,0.659349,0.693949,0.524586,0.605978,0.609946,0.675296,0.577627,0.680127,0.566979,0.605363,0.613874,0.690385,0.623622,0.624108,0.427542,0.614515,0.600327,0.611447,0.579095,0.616470,0.586444,0.525800,0.701159,0.471544,0.605491,0.563536,0.644776,0.643565,0.562092,0.571318,0.620803,0.654793,0.577778,0.607561,0.545456,0.695106,0.585060,0.603261,0.641847,0.636583,0.697098,0.715065,0.634723,0.631254,0.610465,0.522120,0.580109,0.603478,0.586307,0.618181,0.606889,0.593889,0.611027,0.469431,0.602536,0.514989,0.593102,0.535509,0.439714,0.651752,0.662557,0.679546,0.640801,0.544614,0.599810,0.618267,0.630385,0.664222,0.603649,0.629599,0.553212,0.593026,0.555458,0.538930,0.641878,0.614612,0.689574,0.703933,0.577147,0.557954,0.676373,0.636440,0.654040,0.598730,0.605067,0.414761,0.575855,0.544073,0.548970,0.624654,0.693369,0.571679,0.585519,0.595217,0.652961,0.630555
art_0480,0.587473,0.519026,0.588458,0.717684,0.511134,0.596152,0.598353,0.575048,0.534109,0.688154,0.514863,0.624984,0.528005,0.555341,0.408245,0.611060,0.502581,0.534686,0.503489,0.595855,0.628501,0.779456,0.603953,0.500352,0.736533,0.538316,0.630775,0.666030,0.648569,0.611433,0.603786,0.602768,0.501653,0.568741,0.652811,0.681320,0.538493,0.545587,0.689048,0.570405,0.582583,0.658667,0.595047,0.714629,0.611690,0.620240,0.446964,0.694714,0.592717,0.538119,0.590867,0.518336,0.587247,0.516800,0.561167,0.628869,0.634718,0.674557,0.679110,0.412708,0.490938,0.573393,0.555820,0.444403,0.530428,0.571412,0.622809,0.567723,0.470459,0.621266,0.552359,0.612508,0.589849,0.546284,0.541682,0.468441,0.632016,0.492308,0.565274,0.466047,0.702366,0.556362,0.548345,0.487259,0.588756,0.564940,0.629766,0.627818,0.566932,0.681257,0.566637,0.575272,0.571395,0.411180,0.610225,0.671683,0.558244,0.721188,0.716166,0.684778,0.672998,0.706572,0.625508,1.000000,0.673031,0.697280,0.565018,0.608441,0.633207,0.695311,0.526617,0.605872,0.556920,0.636983,0.642285,0.638092,0.651342,0.659684,0.483577,0.674258,0.572167,0.608067,0.641056,0.692595,0.640690,0.543665,0.667827,0.513016,0.624603,0.559252,0.620742,0.639713,0.572650,0.588656,0.635496,0.648788,0.590565,0.748170,0.622247,0.686119,0.557086,0.638647,0.545875,0.629119,0.693394,0.723731,0.677553,0.632264,0.620883,0.545269,0.662617,0.560466,0.568536,0.726693,0.680135,0.536435,0.626695,0.456560,0.594682,0.447536,0.633298,0.563231,0.417747,0.635730,0.606759,0.646460,0.720147,0.579029,0.592278,0.661192,0.670321,0.602935,0.576097,0.548664,0.428807,0.614069,0.497244,0.610241,0.667905,0.731692,0.716800,0.684370,0.582021,0.575914,0.694439,0.725333,0.650033,0.573643,0.651203,0.393640,0.560129,0.553977,0.565313,0.666611,0.716240,0.542954,0.543479,0.553847,0.739828,0.615936
art_0485,0.552946,0.598935,0.571511,0.750615,0.558518,0.668063,0.614672,0.575014,0.405755,0.628552,0.530825,0.683977,0.525559,0.572471,0.449184,0.557135,0.554640,0.600287,0.481974,0.572189,0.663615,0.718186,0.612422,0.510273,0.718711,0.555000,0.687073,0.663192,0.635927,0.505559,0.611516,0.590418,0.579358,0.536875,0.561340,0.663584,0.574672,0.591001,0.617717,0.545545,0.620002,0.725846,0.621913,0.703647,0.609203,0.668197,0.341421,0.628496,0.565989,0.465897,0.575414,0.483639,0.547829,0.521087,0.590692,0.675808,0.631903,0.640759,0.699972,0.436135,0.481048,0.572390,0.515375,0.527012,0.535782,0.593523,0.644393,0.613114,0.451196,0.592493,0.604011,0.599864,0.601771,0.516104,0.601158,0.513421,0.600777,0.503969,0.617832,0.510158,0.718012,0.593006,0.646308,0.528959,0.614610,0.584640,0.600820,0.666953,0.524148,0.665345,0.557312,0.589162,0.567614,0.423742,0.573765,0.651612,0.571818,0.711271,0.687939,0.624447,0.615445,0.734300,0.659349,0.673031,1.000000,0.672012,0.556373,0.585348,0.688532,0.627562,0.555256,0.604669,0.605506,0.609777,0.635130,0.661202,0.702591,0.673099,0.537958,0.687164,0.600144,0.657887,0.584587,0.669138,0.580370,0.513657,0.673311,0.526633,0.583100,0.514890,0.696914,0.637982,0.510729,0.537926,0.657083,0.640363,0.647394,0.663093,0.581694,0.756444,0.565932,0.571847,0.560365,0.624427,0.662270,0.666925,0.682200,0.592995,0.532796,0.568146,0.612487,0.603808,0.582956,0.705394,0.634556,0.580890,0.542477,0.538943,0.584031,0.566765,0.635085,0.488473,0.439813,0.634941,0.631952,0.748240,0.668504,0.538146,0.616575,0.691354,0.601465,0.721700,0.524080,0.610738,0.472820,0.651001,0.536666,0.592709,0.645654,0.649346,0.664561,0.685387,0.641021,0.574067,0.692540,0.720372,0.585994,0.559470,0.645585,0.403825,0.515050,0.557138,0.538840,0.714348,0.749983,0.529502,0.522008,0.541057,0.711391,0.676725
art_0489,0.625349,0.649182,0.550645,0.750349,0.500650,0.636200,0.695737,0.539288,0.450332,0.574652,0.511607,0.694483,0.496108,0.549751,0.405218,0.541449,0.523363,0.572627,0.455911,0.632434,0.673112,0.710688,0.681486,0.526621,0.708690,0.626698,0.681891,0.707708,0.548736,0.589099,0.605898,0.669340,0.609511,0.614147,0.699193,0.827785,0.564211,0.709706,0.687335,0.604357,0.542897,0.801736,0.554409,0.738466,0.517118,0.629017,0.442159,0.671419,0.637403,0.479583,0.546989,0.661029,0.585985,0.471235,0.400894,0.576335,0.559041,0.606256,0.687418,0.366491,0.495684,0.660040,0.574055,0.520837,0.543503,0.556693,0.591770,0.529283,0.453726,0.559364,0.641637,0.594568,0.594194,0.580779,0.748878,0.546023,0.604038,0.574540,0.520938,0.508978,0.760751,0.705184,0.645442,0.512316,0.698096,0.682268,0.508873,0.623431,0.483688,0.751050,0.530746,0.682725,0.623420,0.380072,0.533944,0.698864,0.525537,0.714946,0.587875,0.753256,0.581921,0.680468,0.693949,0.697280,0.672012,1.000000,0.448878,0.647576,0.639319,0.670408,0.527868,0.664905,0.674488,0.647345,0.778367,0.764138,0.693404,0.570360,0.625034,0.729553,0.619149,0.641277,0.640834,0.736778,0.632524,0.568957,0.710027,0.440177,0.569173,0.541408,0.689327,0.699888,0.529536,0.592605,0.641744,0.593566,0.676006,0.636897,0.624150,0.745467,0.735064,0.687360,0.558509,0.738568,0.666745,0.710732,0.751358,0.707049,0.599737,0.550642,0.649834,0.575143,0.526762,0.750163,0.752939,0.583507,0.571002,0.336065,0.656957,0.384008,0.542803,0.532381,0.440501,0.701073,0.597450,0.734943,0.633122,0.519907,0.602112,0.677980,0.511778,0.708901,0.614792,0.647276,0.487016,0.641735,0.462106,0.679135,0.560435,0.671345,0.730078,0.710537,0.643332,0.511417,0.668238,0.586317,0.594975,0.605569,0.651904,0.472551,0.667377,0.652375,0.619765,0.677389,0.777411,0.501333,0.667046,0.623356,0.756249,0.794437
art_0494,0.387037,0.380029,0.384067,0.552653,0.359646,0.402684,0.376682,0.434125,0.381964,0.517551,0.370016,0.471063,0.450322,0.503803,0.479200,0.471624,0.414267,0.451295,0.409781,0.460128,0.440986,0.525818,0.438107,0.438536,0.515984,0.471258,0.463486,0.511518,0.503822,0.454144,0.509190,0.398581,0.519877,0.431452,0.524988,0.485244,0.518053,0.406225,0.499697,0.480259,0.495204,0.490654,0.457413,0.512807,0.441275,0.496226,0.364894,0.523084,0.375753,0.366938,0.361024,0.366767,0.374898,0.461257,0.399712,0.427461,0.475142,0.539462,0.559572,0.350970,0.371308,0.379230,0.414973,0.426428,0.357942,0.492037,0.583281,0.525853,0.447338,0.444880,0.472188,0.511084,0.464642,0.441404,0.448197,0.433642,0.556480,0.382891,0.441211,0.389422,0.560575,0.441514,0.431404,0.488556,0.487447,0.430092,0.510352,0.463460,0.461029,0.438184,0.551880,0.497380,0.472315,0.295169,0.470491,0.471820,0.404601,0.519980,0.661339,0.411471,0.495440,0.580650,0.524586,0.565018,0.556373,0.448878,1.000000,0.436829,0.583797,0.492360,0.519945,0.512490,0.454902,0.449927,0.478793,0.434451,0.527910,0.599494,0.259246,0.531118,0.432334,0.394742,0.541432,0.508634,0.475387,0.537140,0.501116,0.395484,0.655163,0.425610,0.522471,0.542948,0.417616,0.412566,0.580437,0.504888,0.427935,0.554362,0.513625,0.530686,0.374172,0.567841,0.469931,0.503143,0.578023,0.571698,0.515430,0.473925,0.545111,0.454837,0.537612,0.518700,0.464795,0.493814,0.548564,0.441047,0.499699,0.439775,0.439331,0.531916,0.526664,0.548219,0.353465,0.446956,0.483919,0.547802,0.596333,0.580724,0.453440,0.527846,0.556195,0.398897,0.503326,0.502832,0.484692,0.455214,0.449942,0.437878,0.465295,0.574127,0.526517,0.572501,0.429835,0.508161,0.539753,0.598330,0.533358,0.534264,0.556332,0.330826,0.403275,0.423417,0.493202,0.478497,0.500798,0.498934,0.359277,0.395406,0.582059,0.423264
art_0499,0.565835,0.505784,0.485491,0.647466,0.518271,0.661143,0.541628,0.533755,0.437689,0.493839,0.440586,0.609254,0.615915,0.539677,0.444290,0.531354,0.514535,0.561709,0.451994,0.595153,0.607087,0.595538,0.643909,0.469809,0.644755,0.572855,0.645424,0.604916,0.514356,0.521324,0.546990,0.595195,0.542246,0.593353,0.612659,0.665841,0.562035,0.550119,0.564904,0.590140,0.543633,0.669213,0.602449,0.679352,0.530682,0.574896,0.412393,0.643031,0.596750,0.527039,0.572918,0.656663,0.644356,0.475763,0.589271,0.642464,0.597359,0.617968,0.637424,0.532089,0.491280,0.556785,0.447238,0.463595,0.537484,0.523752,0.610395,0.619135,0.502708,0.560642,0.626497,0.571202,0.524700,0.513436,0.559325,0.531927,0.581239,0.494630,0.541445,0.560117,0.623829,0.579605,0.556505,0.475524,0.622038,0.628995,0.710520,0.591803,0.601878,0.706454,0.490874,0.635455,0.621341,0.409292,0.490982,0.625788,0.610285,0.672036,0.517520,0.619059,0.545018,0.674474,0.605978,0.608441,0.585348,0.647576,0.436829,1.000000,0.682221,0.626386,0.615584,0.570056,0.539146,0.593150,0.684501,0.568953,0.647769,0.564844,0.480360,0.570576,0.521230,0.564629,0.672132,0.691925,0.523816,0.540055,0.619806,0.529291,0.540163,0.491304,0.607711,0.564974,0.570071,0.547266,0.599547,0.624240,0.559338,0.540508,0.567582,0.604760,0.614439,0.573783,0.477911,0.530967,0.627804,0.646432,0.621290,0.607184,0.613311,0.527207,0.607220,0.584288,0.570527,0.576651,0.627841,0.595861,0.532104,0.540072,0.580488,0.488028,0.592774,0.494074,0.445715,0.583730,0.545442,0.641984,0.571420,0.593439,0.645990,0.728349,0.546432,0.611001,0.585973,0.592028,0.552746,0.642314,0.592626,0.540752,0.558037,0.556767,0.634991,0.613391,0.593693,0.488487,0.652472,0.545010,0.585864,0.588686,0.566829,0.410710,0.557542,0.542301,0.568575,0.574916,0.666416,0.507823,0.538319,0.570457,0.704955,0.602185
art_0503,0.569329,0.593933,0.547542,0.733654,0.521303,0.673451,0.613697,0.523240,0.448737,0.592891,0.469387,0.631455,0.472946,0.527639,0.368882,0.539467,0.514138,0.535392,0.450568,0.626888,0.626025,0.682813,0.610559,0.465157,0.669573,0.576676,0.678823,0.646600,0.596960,0.523800,0.573716,0.597149,0.483723,0.586024,0.544337,0.668608,0.512780,0.610656,0.606515,0.563110,0.628212,0.652997,0.581855,0.669689,0.544189,0.678001,0.397739,0.671366,0.601235,0.533760,0.554981,0.550415,0.512068,0.501578,0.499435,0.593372,0.595002,0.627016,0.676640,0.477871,0.518986,0.518322,0.546714,0.426730,0.545681,0.533810,0.645493,0.505105,0.415698,0.529009,0.602305,0.590346,0.531777,0.549509,0.594419,0.550261,0.597972,0.465397,0.577092,0.453926,0.651729,0.609006,0.510987,0.445188,0.601934,0.610590,0.646845,0.643953,0.575980,0.610576,0.533376,0.672284,0.611813,0.441847,0.483475,0.671652,0.512692,0.654524,0.628222,0.633320,0.586781,0.720171,0.609946,0.633207,0.688532,0.639319,0.583797,0.682221,1.000000,0.627647,0.529926,0.614523,0.579410,0.564150,0.599801,0.629883,0.676651,0.590160,0.538350,0.608210,0.605052,0.654677,0.610469,0.664485,0.616203,0.630848,0.651299,0.490499,0.600552,0.526962,0.653236,0.584448,0.583663,0.574749,0.712956,0.630907,0.640441,0.636446,0.570807,0.656806,0.615361,0.597512,0.515707,0.612972,0.673415,0.679133,0.684206,0.623312,0.525947,0.515218,0.633651,0.484875,0.653436,0.615085,0.629228,0.578944,0.615188,0.475904,0.573966,0.465622,0.615947,0.503777,0.433928,0.668281,0.599631,0.685604,0.615018,0.596456,0.598803,0.675421,0.570999,0.625492,0.582884,0.611194,0.461460,0.645407,0.498143,0.626283,0.573586,0.629288,0.676114,0.656745,0.628823,0.585189,0.671955,0.655907,0.577710,0.544693,0.650552,0.405951,0.537564,0.494369,0.558493,0.654732,0.688285,0.561962,0.601117,0.508270,0.712502,0.610507
art_0508,0.690779,0.669303,0.673088,0.678685,0.576661,0.615094,0.749289,0.650285,0.571976,0.656716,0.571313,0.662246,0.602045,0.594452,0.388851,0.609246,0.561987,0.574414,0.607395,0.579579,0.687562,0.717299,0.746199,0.593992,0.734900,0.665685,0.653458,0.664644,0.668167,0.642424,0.657622,0.630721,0.545035,0.642248,0.630392,0.667354,0.560559,0.587360,0.686957,0.659033,0.621526,0.648460,0.545744,0.653901,0.632642,0.708234,0.491787,0.588634,0.559659,0.621103,0.585033,0.525043,0.568172,0.561657,0.500287,0.645757,0.638232,0.679262,0.661269,0.463640,0.556236,0.588044,0.650881,0.527313,0.545148,0.656263,0.688683,0.573011,0.456364,0.599977,0.626560,0.636301,0.643623,0.611816,0.641140,0.545803,0.639106,0.593905,0.647789,0.573611,0.726256,0.612941,0.702176,0.475675,0.579743,0.677338,0.628866,0.735184,0.582207,0.631482,0.647044,0.667284,0.727019,0.563100,0.644184,0.752873,0.544236,0.677493,0.676996,0.627665,0.714439,0.704870,0.675296,0.695311,0.627562,0.670408,0.492360,0.626386,0.627647,1.000000,0.533474,0.684920,0.627869,0.650848,0.639506,0.710286,0.643018,0.614458,0.516729,0.653289,0.737677,0.723821,0.602950,0.603175,0.657581,0.597699,0.728975,0.530968,0.601310,0.657377,0.651243,0.653219,0.591413,0.648216,0.641433,0.654129,0.691563,0.709719,0.664704,0.707868,0.644694,0.663216,0.630932,0.673121,0.688681,0.747586,0.701049,0.687438,0.651063,0.570119,0.641445,0.571574,0.600280,0.725313,0.650091,0.639998,0.665687,0.505385,0.711274,0.495490,0.691333,0.573003,0.485073,0.688526,0.674032,0.688195,0.689029,0.619324,0.710408,0.658296,0.652682,0.657191,0.628947,0.586537,0.494272,0.603204,0.526164,0.580907,0.645189,0.679916,0.754455,0.724165,0.653299,0.611388,0.696899,0.618448,0.653042,0.566307,0.662147,0.442247,0.688642,0.568610,0.601416,0.718635,0.722110,0.596563,0.622726,0.619189,0.687470,0.705974
art_0513,0.483051,0.432711,0.446178,0.567199,0.448606,0.523498,0.422837,0.457778,0.445415,0.572271,0.436474,0.640960,0.504189,0.584392,0.514332,0.498944,0.591222,0.533470,0.473974,0.423490,0.548676,0.529961,0.510747,0.385786,0.579806,0.445024,0.515421,0.524682,0.500247,0.510982,0.533368,0.403342,0.611314,0.592282,0.566762,0.590966,0.644507,0.446180,0.534081,0.531974,0.604399,0.592925,0.605909,0.538123,0.505857,0.520318,0.508291,0.536586,0.483291,0.452661,0.509312,0.440086,0.497706,0.463692,0.487022,0.536584,0.584270,0.532453,0.568284,0.472990,0.503957,0.501222,0.414247,0.597370,0.480758,0.588003,0.633834,0.595743,0.561510,0.592383,0.652415,0.672360,0.554209,0.537690,0.574963,0.570766,0.579138,0.420368,0.581588,0.504650,0.604586,0.466148,0.555084,0.474723,0.521059,0.467864,0.549360,0.497444,0.506740,0.573139,0.573738,0.574044,0.563785,0.368252,0.458314,0.523996,0.526403,0.598577,0.574880,0.486787,0.515622,0.555424,0.577627,0.526617,0.555256,0.527868,0.519945,0.615584,0.529926,0.533474,1.000000,0.541563,0.598931,0.597875,0.573169,0.486174,0.558481,0.609774,0.318470,0.435755,0.483520,0.470476,0.549500,0.580735,0.497876,0.515517,0.546611,0.431421,0.630346,0.474352,0.637437,0.599903,0.543632,0.446781,0.573531,0.646213,0.551571,0.496783,0.498403,0.592909,0.413581,0.502833,0.545722,0.464246,0.597470,0.565593,0.502851,0.505172,0.683195,0.506541,0.652598,0.647336,0.501965,0.438951,0.582387,0.502678,0.555257,0.576169,0.585443,0.490842,0.580406,0.524450,0.466786,0.516860,0.517479,0.581620,0.610787,0.636653,0.553371,0.644526,0.591189,0.523120,0.571236,0.581331,0.813176,0.532789,0.682504,0.392578,0.542567,0.565049,0.599946,0.559445,0.481147,0.521781,0.577609,0.520862,0.634404,0.628576,0.522960,0.406807,0.575197,0.536093,0.664901,0.475790,0.562406,0.594088,0.478934,0.640500,0.584319,0.504951
art_0517,0.550716,0.702219,0.606864,0.646815,0.557140,0.666897,0.659864,0.600721,0.473327,0.606859,0.539175,0.669722,0.523666,0.553556,0.464319,0.594768,0.529578,0.516436,0.480000,0.547551,0.692644,0.700933,0.641369,0.558102,0.671791,0.638502,0.607228,0.616326,0.589409,0.590482,0.547998,0.569463,0.546231,0.559308,0.587210,0.745672,0.553056,0.618596,0.557643,0.560525,0.594280,0.663373,0.546954,0.631554,0.571431,0.669743,0.441987,0.553086,0.596655,0.590232,0.483028,0.531861,0.481061,0.488820,0.426181,0.567825,0.567387,0.525463,0.617233,0.455836,0.456274,0.542583,0.600676,0.531768,0.564819,0.618511,0.631768,0.570798,0.529214,0.564248,0.594859,0.585852,0.591356,0.606040,0.641541,0.471846,0.640060,0.669825,0.572060,0.562599,0.608271,0.672532,0.629435,0.444565,0.532279,0.640925,0.528865,0.639074,0.529029,0.612805,0.634585,0.661451,0.724783,0.484759,0.500734,0.670965,0.518885,0.652717,0.640920,0.617803,0.635727,0.673080,0.680127,0.605872,0.604669,0.664905,0.512490,0.570056,0.614523,0.684920,0.541563,1.000000,0.667201,0.575026,0.626971,0.708305,0.639961,0.543771,0.563058,0.646537,0.654990,0.734533,0.563108,0.615272,0.655064,0.592015,0.773352,0.498980,0.544059,0.634063,0.647177,0.561548,0.572348,0.626122,0.545718,0.628403,0.703275,0.541850,0.583115,0.671302,0.692051,0.674498,0.644318,0.646536,0.653845,0.656572,0.642891,0.599966,0.628637,0.620418,0.577419,0.553762,0.559869,0.616710,0.645706,0.630116,0.617451,0.454395,0.642480,0.459118,0.611684,0.495612,0.548535,0.677981,0.607859,0.648638,0.652346,0.549106,0.693504,0.624118,0.659071,0.665201,0.653865,0.677672,0.443005,0.629294,0.470989,0.553812,0.643012,0.634366,0.600133,0.683069,0.637641,0.582786,0.739904,0.598358,0.655024,0.547333,0.612236,0.512084,0.660746,0.544755,0.601920,0.662494,0.681324,0.601533,0.605178,0.619607,0.651515,0.723975
art_0522,0.624922,0.658199,0.620797,0.662214,0.625207,0.589176,0.651174,0.555103,0.523113,0.634705,0.582909,0.675124,0.482089,0.663993,0.441239,0.491383,0.595879,0.495208,0.538979,0.555399,0.639081,0.642069,0.668579,0.571186,0.698617,0.631004,0.597408,0.675611,0.542997,0.539391,0.597478,0.593533,0.639526,0.578262,0.586119,0.688176,0.543615,0.569626,0.543595,0.574117,0.566448,0.667474,0.541812,0.581559,0.632041,0.670193,0.482489,0.529054,0.603793,0.537767,0.495457,0.511713,0.540069,0.504956,0.403839,0.605420,0.560116,0.552610,0.578724,0.460570,0.518976,0.621911,0.607951,0.642948,0.554640,0.630686,0.657417,0.561823,0.529215,0.616838,0.606502,0.619455,0.648572,0.590522,0.684143,0.500017,0.610578,0.514353,0.627155,0.624968,0.715670,0.711739,0.676895,0.388484,0.555532,0.604755,0.506843,0.600428,0.507116,0.580613,0.561592,0.698367,0.679139,0.476929,0.581832,0.683721,0.512626,0.640884,0.547367,0.594066,0.601710,0.638019,0.566979,0.556920,0.605506,0.674488,0.454902,0.539146,0.579410,0.627869,0.598931,0.667201,1.000000,0.616431,0.655325,0.667457,0.594715,0.519292,0.452493,0.595162,0.722896,0.615306,0.539779,0.591801,0.581805,0.553661,0.688571,0.483170,0.577263,0.659646,0.601788,0.589524,0.592611,0.561084,0.579316,0.627619,0.697121,0.559024,0.573436,0.621270,0.596129,0.579158,0.557314,0.626032,0.611934,0.632422,0.638931,0.665366,0.623794,0.634872,0.662507,0.468884,0.544266,0.625869,0.641870,0.613180,0.616259,0.424129,0.680523,0.442873,0.553225,0.490760,0.517975,0.598819,0.597854,0.626447,0.599390,0.543679,0.599088,0.613817,0.541865,0.585609,0.582225,0.633197,0.534793,0.545751,0.520188,0.508271,0.597868,0.580611,0.630307,0.628898,0.597121,0.566086,0.673032,0.521750,0.604493,0.494712,0.616350,0.422842,0.729289,0.625161,0.645895,0.577347,0.648757,0.587849,0.573572,0.674027,0.616924,0.721349
art_0527,0.575002,0.464197,0.611496,0.604017,0.497573,0.547362,0.543010,0.637572,0.587605,0.591695,0.608181,0.708647,0.568295,0.630998,0.450323,0.575848,0.490926,0.703726,0.545175,0.580843,0.532781,0.624089,0.620850,0.476296,0.717966,0.528672,0.524345,0.532942,0.575168,0.581636,0.661018,0.555063,0.631012,0.730592,0.610378,0.667421,0.599773,0.593204,0.564502,0.587312,0.598050,0.616666,0.639908,0.626290,0.632936,0.597745,0.491652,0.566024,0.490753,0.533611,0.611870,0.433901,0.522242,0.608018,0.437770,0.594831,0.568300,0.580538,0.543931,0.496343,0.530715,0.511338,0.488256,0.556877,0.655783,0.623116,0.664272,0.646078,0.501298,0.734172,0.617056,0.602973,0.714237,0.676481,0.595578,0.610711,0.597853,0.576372,0.597825,0.589963,0.690844,0.569741,0.648438,0.529986,0.683436,0.540766,0.614774,0.581037,0.580828,0.585964,0.651882,0.612615,0.621325,0.468092,0.569128,0.628951,0.653568,0.625867,0.647310,0.592063,0.652047,0.634173,0.605363,0.636983,0.609777,0.647345,0.449927,0.593150,0.564150,0.650848,0.597875,0.575026,0.616431,1.000000,0.651026,0.656212,0.490229,0.569031,0.424810,0.516185,0.566198,0.548173,0.627468,0.596038,0.491408,0.486277,0.654108,0.567152,0.583656,0.549192,0.551486,0.680405,0.562884,0.554056,0.608294,0.587288,0.546229,0.650647,0.540606,0.566202,0.578146,0.509903,0.574748,0.580914,0.660642,0.707897,0.541395,0.615613,0.662199,0.640800,0.667821,0.623672,0.599534,0.590719,0.598098,0.539120,0.619397,0.449608,0.668257,0.446749,0.624777,0.508171,0.648655,0.622190,0.604302,0.565429,0.721615,0.524290,0.589611,0.617352,0.601624,0.570845,0.564491,0.565540,0.578018,0.511382,0.547532,0.505119,0.615167,0.570221,0.660729,0.569701,0.612325,0.586023,0.577233,0.613734,0.588422,0.565002,0.535231,0.421214,0.602802,0.787387,0.540043,0.603961,0.591829,0.636474,0.576038,0.689726,0.589333,0.641408
art_0531,0.592314,0.555223,0.574480,0.686227,0.459879,0.647030,0.605505,0.611315,0.498775,0.620494,0.491101,0.678379,0.557584,0.573903,0.415192,0.543487,0.468974,0.609181,0.509443,0.548589,0.633711,0.629576,0.579422,0.538234,0.673376,0.619695,0.668687,0.665180,0.570943,0.596587,0.574375,0.608743,0.640048,0.640473,0.670988,0.783260,0.596558,0.634698,0.619112,0.625759,0.544369,0.731833,0.547464,0.704351,0.524348,0.574536,0.456008,0.656793,0.621609,0.488504,0.554781,0.602983,0.571398,0.549093,0.505592,0.581312,0.600048,0.631248,0.639076,0.418602,0.506935,0.605975,0.541662,0.563169,0.549565,0.554510,0.651287,0.604321,0.512947,0.586217,0.660639,0.540116,0.635657,0.549353,0.694791,0.528283,0.649198,0.531893,0.561376,0.533514,0.715610,0.676298,0.638955,0.530508,0.715181,0.645660,0.559775,0.600187,0.485340,0.774689,0.534950,0.675820,0.633839,0.435524,0.536960,0.649857,0.583688,0.672775,0.573925,0.644470,0.569410,0.642263,0.613874,0.642285,0.635130,0.778367,0.478793,0.684501,0.599801,0.639506,0.573169,0.626971,0.655325,0.651026,1.000000,0.684692,0.654839,0.580910,0.520815,0.706199,0.621092,0.557776,0.689040,0.674639,0.578500,0.588692,0.616461,0.509015,0.559687,0.537337,0.593441,0.641672,0.530958,0.577882,0.631352,0.562892,0.648417,0.646735,0.617011,0.680081,0.646828,0.642649,0.562315,0.653131,0.697875,0.685151,0.669088,0.657530,0.607360,0.590641,0.659814,0.552276,0.504900,0.653505,0.724372,0.577084,0.604901,0.367318,0.639706,0.422834,0.564158,0.547879,0.537072,0.635470,0.573841,0.666641,0.588626,0.546086,0.577186,0.695195,0.525949,0.613100,0.644483,0.583879,0.531656,0.592644,0.493581,0.615680,0.541396,0.602724,0.670874,0.675277,0.584418,0.601732,0.619595,0.594753,0.599466,0.598658,0.608857,0.443368,0.575100,0.667622,0.623597,0.635298,0.725013,0.518973,0.633852,0.624659,0.727087,0.716293
art_0536,0.635006,0.668391,0.678508,0.684311,0.573611,0.622839,0.704615,0.626423,0.510641,0.626557,0.598617,0.694595,0.443366,0.584789,0.375740,0.543506,0.485977,0.584212,0.571530,0.540168,0.675009,0.706073,0.685708,0.578294,0.761085,0.654997,0.669280,0.694745,0.611056,0.624384,0.638159,0.650532,0.548840,0.638302,0.588945,0.795023,0.603892,0.727633,0.682094,0.641945,0.618862,0.700448,0.563347,0.682692,0.614502,0.666195,0.401175,0.605661,0.554035,0.598321,0.530191,0.506172,0.500273,0.572420,0.360726,0.581310,0.541068,0.583962,0.644182,0.420142,0.516486,0.581673,0.692939,0.557454,0.650032,0.600727,0.609901,0.561093,0.495577,0.573575,0.639662,0.571765,0.649799,0.654257,0.729204,0.606562,0.681195,0.656730,0.594567,0.497367,0.705720,0.708512,0.677204,0.518656,0.646443,0.706993,0.561050,0.654301,0.474350,0.651852,0.624210,0.675268,0.716360,0.452292,0.586722,0.706634,0.529374,0.688391,0.598175,0.634210,0.680572,0.667451,0.690385,0.638092,0.661202,0.764138,0.434451,0.568953,0.629883,0.710286,0.486174,0.708305,0.667457,0.656212,0.684692,1.000000,0.616545,0.565632,0.612338,0.639583,0.659584,0.692441,0.573962,0.580746,0.673712,0.604093,0.734671,0.481643,0.551340,0.656191,0.622426,0.614963,0.523026,0.613918,0.631321,0.626386,0.717501,0.644483,0.628654,0.681457,0.775065,0.673148,0.567005,0.742305,0.630155,0.685159,0.693374,0.672687,0.585013,0.606818,0.611528,0.521445,0.619829,0.708331,0.661556,0.557470,0.613869,0.350999,0.704405,0.376859,0.578866,0.540227,0.565542,0.727645,0.698188,0.653447,0.620594,0.532773,0.675771,0.670257,0.556084,0.721680,0.628278,0.647800,0.445310,0.552602,0.447400,0.619994,0.593839,0.642821,0.708148,0.710839,0.691569,0.585643,0.641731,0.576790,0.595174,0.524880,0.581352,0.467661,0.660131,0.631099,0.585058,0.700979,0.760441,0.542563,0.735099,0.633881,0.682042,0.780131
art_0540,0.611848,0.653784,0.531207,0.827307,0.568859,0.699735,0.645675,0.501122,0.429442,0.592207,0.438145,0.664359,0.510368,0.525721,0.392747,0.578868,0.602271,0.456777,0.449360,0.525083,0.714473,0.672092,0.628732,0.539964,0.683863,0.585320,0.653240,0.742195,0.539990,0.537049,0.540077,0.594433,0.530167,0.483313,0.611760,0.695292,0.595108,0.570712,0.637161,0.555948,0.651749,0.755009,0.522142,0.659437,0.544635,0.629055,0.441810,0.668388,0.652309,0.470460,0.569601,0.631534,0.609519,0.434067,0.525167,0.651618,0.605168,0.652628,0.785186,0.428418,0.489002,0.679478,0.554014,0.533208,0.455380,0.567355,0.626097,0.523922,0.458787,0.525028,0.611344,0.602207,0.536008,0.470225,0.590830,0.477351,0.580979,0.474567,0.564637,0.525275,0.709814,0.642749,0.573947,0.422923,0.607326,0.622406,0.580794,0.662391,0.458650,0.720934,0.529167,0.578674,0.634624,0.375078,0.555570,0.663509,0.552909,0.702740,0.629266,0.657401,0.540751,0.736680,0.623622,0.651342,0.702591,0.693404,0.527910,0.647769,0.676651,0.643018,0.558481,0.639961,0.594715,0.490229,0.654839,0.616545,1.000000,0.619844,0.581658,0.753509,0.593904,0.678281,0.599412,0.739456,0.611375,0.620814,0.646604,0.441020,0.589299,0.559475,0.742219,0.594274,0.509176,0.527978,0.675086,0.623087,0.731045,0.688661,0.687471,0.755606,0.640598,0.637693,0.491552,0.645567,0.652056,0.692852,0.746052,0.628035,0.629354,0.469702,0.591105,0.583937,0.500361,0.636517,0.729678,0.574141,0.605159,0.514294,0.619101,0.489118,0.639454,0.531632,0.321721,0.633129,0.570648,0.818206,0.633644,0.646336,0.629115,0.704816,0.596799,0.730388,0.581788,0.645030,0.457580,0.726623,0.519053,0.638792,0.567844,0.677855,0.660558,0.721389,0.590642,0.516804,0.785881,0.671843,0.623333,0.583095,0.674182,0.419803,0.583879,0.442610,0.653901,0.710419,0.772588,0.523405,0.566756,0.549362,0.793010,0.726121
art_0545,0.445429,0.444377,0.577402,0.646969,0.441627,0.562168,0.469189,0.576632,0.486567,0.635911,0.491475,0.584471,0.567917,0.601710,0.486268,0.582132,0.497176,0.555362,0.510569,0.544570,0.633241,0.710349,0.539909,0.444370,0.640436,0.469810,0.554495,0.629585,0.647384,0.626839,0.621177,0.517562,0.572110,0.561319,0.587271,0.574393,0.654801,0.485689,0.657015,0.576922,0.646893,0.580430,0.571897,0.617779,0.612429,0.595358,0.517378,0.651072,0.486516,0.525797,0.592587,0.480683,0.541989,0.615257,0.576097,0.633407,0.697926,0.638062,0.669345,0.464850,0.551754,0.480484,0.447410,0.504357,0.478849,0.593687,0.667519,0.645596,0.508833,0.593112,0.547282,0.635566,0.598852,0.551322,0.538987,0.495694,0.706169,0.489236,0.595922,0.499395,0.631811,0.529822,0.574725,0.543126,0.537143,0.514786,0.661845,0.642385,0.547047,0.571788,0.645793,0.575203,0.565971,0.426322,0.560595,0.574964,0.545201,0.595593,0.729539,0.590092,0.604623,0.639724,0.624108,0.659684,0.673099,0.570360,0.599494,0.564844,0.590160,0.614458,0.609774,0.543771,0.519292,0.569031,0.580910,0.565632,0.619844,1.000000,0.402656,0.569569,0.544221,0.487188,0.580129,0.623588,0.632050,0.567681,0.596497,0.485065,0.642183,0.506527,0.626419,0.627239,0.569572,0.474634,0.651227,0.571117,0.553037,0.641126,0.578498,0.588615,0.455345,0.599946,0.583014,0.568778,0.651568,0.689295,0.609056,0.500726,0.658254,0.550607,0.633534,0.630175,0.550137,0.620084,0.652617,0.541405,0.629021,0.529268,0.569218,0.545860,0.642832,0.640082,0.439161,0.555287,0.635873,0.615197,0.655636,0.639995,0.580549,0.684362,0.628074,0.564151,0.653669,0.598595,0.535887,0.573757,0.573054,0.464575,0.646618,0.652897,0.672497,0.620414,0.516625,0.591596,0.631805,0.737814,0.671640,0.645294,0.621018,0.436864,0.545241,0.539690,0.578445,0.574589,0.631946,0.557861,0.500368,0.540634,0.619435,0.573342
art_0550,0.428839,0.526238,0.409902,0.574689,0.441388,0.628802,0.575489,0.416800,0.324925,0.398686,0.338030,0.634472,0.439661,0.425987,0.370766,0.338878,0.397985,0.347035,0.387732,0.451102,0.607208,0.528251,0.518987,0.425000,0.551440,0.513809,0.605552,0.529267,0.437827,0.457714,0.474740,0.543738,0.363710,0.445243,0.460218,0.669998,0.384423,0.645310,0.405526,0.439436,0.422417,0.584290,0.461441,0.626178,0.357641,0.520636,0.190600,0.536215,0.598778,0.381182,0.396948,0.486057,0.435033,0.324330,0.369127,0.477263,0.389241,0.370165,0.524636,0.310719,0.383695,0.491786,0.510865,0.327285,0.472715,0.397201,0.425098,0.415853,0.337967,0.347239,0.463485,0.349895,0.388648,0.444568,0.482759,0.297749,0.446877,0.586516,0.349478,0.390337,0.482421,0.625969,0.435032,0.491812,0.486857,0.541337,0.396114,0.540576,0.318156,0.613794,0.372583,0.474963,0.514490,0.330823,0.358170,0.543335,0.385604,0.546581,0.421764,0.674026,0.497703,0.552303,0.427542,0.483577,0.537958,0.625034,0.259246,0.480360,0.538350,0.516729,0.318470,0.563058,0.452493,0.424810,0.520815,0.612338,0.581658,0.402656,1.000000,0.627425,0.520704,0.675708,0.471196,0.524664,0.517839,0.511869,0.603932,0.337338,0.375077,0.397572,0.587940,0.384463,0.393757,0.452180,0.456582,0.400940,0.615550,0.487271,0.468863,0.636903,0.674133,0.544691,0.366248,0.562199,0.507670,0.509903,0.610296,0.453389,0.417075,0.447548,0.380694,0.405063,0.455886,0.609485,0.557511,0.428983,0.417289,0.257187,0.494630,0.313323,0.442124,0.363227,0.329660,0.612112,0.432579,0.611889,0.463974,0.347685,0.551984,0.515150,0.372441,0.571610,0.444515,0.540835,0.260953,0.559769,0.289755,0.545363,0.432737,0.573265,0.509440,0.534489,0.580938,0.531116,0.559361,0.473795,0.417614,0.413592,0.511570,0.453252,0.457958,0.354032,0.412695,0.528212,0.618224,0.381602,0.526567,0.404871,0.544192,0.599878
art_0554,0.580355,0.654078,0.534236,0.724842,0.488881,0.654724,0.675246,0.515615,0.436337,0.562404,0.480227,0.653111,0.535041,0.524866,0.494478,0.521575,0.441392,0.484032,0.437426,0.598938,0.664874,0.644840,0.578224,0.502105,0.698997,0.609132,0.674008,0.683137,0.594454,0.554145,0.541865,0.580516,0.579409,0.514406,0.641983,0.734674,0.505955,0.609095,0.620773,0.575634,0.537795,0.738633,0.539550,0.728656,0.497643,0.591030,0.404402,0.694519,0.657796,0.436327,0.482070,0.560268,0.509908,0.466347,0.482816,0.602285,0.562035,0.600537,0.702852,0.299532,0.407212,0.626604,0.561841,0.449614,0.508889,0.520147,0.585236,0.611816,0.432435,0.516248,0.539272,0.530018,0.541096,0.505329,0.586793,0.418251,0.549833,0.541778,0.508105,0.449015,0.696538,0.701756,0.582945,0.520492,0.637574,0.589013,0.511772,0.638083,0.486479,0.742756,0.483149,0.584090,0.583973,0.364786,0.583281,0.627369,0.512227,0.693147,0.658854,0.662254,0.565779,0.689662,0.614515,0.674258,0.687164,0.729553,0.531118,0.570576,0.608210,0.653289,0.435755,0.646537,0.595162,0.516185,0.706199,0.639583,0.753509,0.569569,0.627425,1.000000,0.626226,0.649094,0.587116,0.668211,0.586153,0.619709,0.643332,0.425645,0.528629,0.529379,0.696760,0.593437,0.491189,0.555627,0.611176,0.587620,0.658803,0.668689,0.645321,0.785639,0.655667,0.714143,0.508453,0.631287,0.653588,0.695982,0.699391,0.666643,0.572166,0.515540,0.561644,0.556809,0.457556,0.705027,0.748052,0.557434,0.575262,0.362393,0.598890,0.466493,0.576642,0.505427,0.369888,0.697080,0.526688,0.753223,0.625283,0.525186,0.591235,0.645854,0.517975,0.701873,0.579249,0.600732,0.362472,0.682794,0.422020,0.658195,0.566174,0.720056,0.666348,0.734846,0.582661,0.512837,0.703863,0.670621,0.574980,0.561088,0.680878,0.434527,0.542016,0.537356,0.533998,0.689345,0.749347,0.509071,0.553083,0.477651,0.729680,0.726537
art_0559,0.695890,0.749258,0.643096,0.645456,0.634847,0.588705,0.765140,0.643446,0.559416,0.635798,0.607828,0.583599,0.548542,0.561835,0.350684,0.579262,0.515574,0.491620,0.613015,0.600456,0.676529,0.684285,0.663276,0.599704,0.700560,0.737296,0.664433,0.671487,0.644331,0.590340,0.618989,0.540172,0.550589,0.610285,0.502459,0.640370,0.478545,0.560515,0.581415,0.622579,0.547199,0.635384,0.482193,0.661265,0.652469,0.720262,0.454017,0.559154,0.594762,0.619914,0.562009,0.499764,0.542005,0.517696,0.436530,0.621634,0.617747,0.566746,0.586071,0.435955,0.616085,0.527984,0.669780,0.495419,0.519168,0.630710,0.641244,0.542852,0.401876,0.557162,0.570458,0.537225,0.654654,0.594654,0.601671,0.476430,0.601539,0.519437,0.657031,0.627111,0.682372,0.675588,0.673281,0.439567,0.550564,0.630352,0.549851,0.695014,0.576472,0.571008,0.548984,0.669815,0.667427,0.599701,0.598124,0.701608,0.452225,0.623758,0.626350,0.608005,0.653234,0.635262,0.600327,0.572167,0.600144,0.619149,0.432334,0.521230,0.605052,0.737677,0.483520,0.654990,0.722896,0.566198,0.621092,0.659584,0.593904,0.544221,0.520704,0.626226,1.000000,0.725612,0.555967,0.584853,0.648930,0.574310,0.678735,0.519032,0.550741,0.667843,0.636802,0.577537,0.650718,0.679396,0.567158,0.629579,0.727400,0.613716,0.661480,0.639449,0.610351,0.573091,0.583203,0.684075,0.639373,0.697377,0.716448,0.664023,0.558763,0.581882,0.627590,0.445309,0.595773,0.656863,0.605658,0.638304,0.645017,0.386730,0.676688,0.484279,0.629993,0.569118,0.505270,0.632499,0.667909,0.624225,0.586172,0.527791,0.587349,0.574067,0.535105,0.605576,0.605744,0.614816,0.445810,0.569060,0.484324,0.583069,0.607246,0.627310,0.704400,0.689511,0.583847,0.572370,0.663161,0.581667,0.603700,0.477950,0.656696,0.491507,0.674388,0.527575,0.590219,0.673157,0.668378,0.574943,0.592739,0.600594,0.632717,0.646909
art_0564,0.590261,0.717932,0.594780,0.679503,0.593275,0.713722,0.785490,0.559616,0.458448,0.554454,0.544225,0.657977,0.504208,0.579881,0.347735,0.516913,0.508192,0.505870,0.499894,0.519187,0.705155,0.685492,0.681850,0.536878,0.720793,0.661808,0.678971,0.609156,0.601749,0.536474,0.545238,0.624693,0.466148,0.539231,0.483881,0.712918,0.503055,0.629274,0.578069,0.575473,0.578907,0.677729,0.534179,0.706101,0.578084,0.726576,0.396825,0.577250,0.592286,0.579130,0.533401,0.500577,0.543747,0.473247,0.465329,0.613410,0.552051,0.514738,0.659193,0.427213,0.504110,0.541420,0.623287,0.445386,0.564290,0.581438,0.593521,0.509435,0.407603,0.547289,0.615547,0.547461,0.580657,0.585604,0.608133,0.428950,0.544734,0.596528,0.594949,0.536227,0.650007,0.642243,0.619859,0.431929,0.575258,0.636282,0.570409,0.709034,0.524834,0.626664,0.557614,0.601440,0.697610,0.470817,0.476212,0.730174,0.506478,0.715384,0.609670,0.664030,0.653799,0.693740,0.611447,0.608067,0.657887,0.641277,0.394742,0.564629,0.654677,0.723821,0.470476,0.734533,0.615306,0.548173,0.557776,0.692441,0.678281,0.487188,0.675708,0.649094,0.725612,1.000000,0.540387,0.614915,0.605828,0.569016,0.728197,0.517305,0.461023,0.643360,0.655419,0.518889,0.546908,0.617767,0.608785,0.645849,0.729756,0.629686,0.576753,0.717585,0.681505,0.595792,0.570696,0.613535,0.610697,0.643464,0.704389,0.615588,0.525929,0.514078,0.560207,0.495986,0.608039,0.651642,0.592342,0.605480,0.601003,0.474010,0.600822,0.469584,0.597101,0.463716,0.429553,0.703288,0.619614,0.696553,0.616226,0.490355,0.676638,0.635265,0.586762,0.682330,0.538356,0.618771,0.382232,0.651255,0.467639,0.588589,0.623153,0.653707,0.660358,0.670419,0.719736,0.554761,0.735684,0.626417,0.585149,0.449370,0.625255,0.439780,0.622445,0.469058,0.593777,0.705929,0.721719,0.559384,0.602595,0.565595,0.674516,0.729020
art_0568,0.558933,0.468361,0.472555,0.662750,0.446098,0.537338,0.541755,0.584094,0.527915,0.617794,0.464365,0.596441,0.563367,0.571179,0.425723,0.572041,0.435808,0.538959,0.488775,0.611931,0.537628,0.648578,0.583448,0.523082,0.620527,0.597446,0.622855,0.577252,0.572780,0.566538,0.551300,0.567777,0.548079,0.639703,0.590339,0.678151,0.573122,0.545772,0.567033,0.604955,0.511635,0.637703,0.599826,0.661969,0.500005,0.565584,0.421427,0.617219,0.548061,0.536619,0.524582,0.519466,0.556373,0.523668,0.462437,0.560195,0.577717,0.659501,0.593845,0.510283,0.513565,0.491625,0.465156,0.465407,0.518207,0.568326,0.610924,0.588707,0.488619,0.548148,0.600326,0.563999,0.604792,0.548216,0.554531,0.509189,0.625713,0.496254,0.520655,0.534511,0.630585,0.571914,0.593578,0.511120,0.629490,0.620958,0.615583,0.582678,0.535041,0.684730,0.569314,0.611337,0.589045,0.476909,0.484446,0.584525,0.579179,0.636941,0.602905,0.570744,0.530328,0.647452,0.579095,0.641056,0.584587,0.640834,0.541432,0.672132,0.610469,0.602950,0.549500,0.563108,0.539779,0.627468,0.689040,0.573962,0.599412,0.580129,0.471196,0.587116,0.555967,0.540387,1.000000,0.679146,0.561210,0.580772,0.614042,0.555301,0.628878,0.471360,0.594021,0.623108,0.592272,0.576298,0.683019,0.617004,0.585630,0.622997,0.598344,0.640361,0.535313,0.586638,0.534249,0.554156,0.639173,0.635412,0.581459,0.544799,0.669301,0.518288,0.647345,0.583527,0.566017,0.574306,0.643901,0.505077,0.608248,0.450715,0.599877,0.445539,0.598101,0.565159,0.516689,0.589776,0.572473,0.623482,0.655915,0.580113,0.606043,0.676650,0.553003,0.562391,0.632760,0.591687,0.557320,0.547931,0.535127,0.557297,0.575299,0.584608,0.630036,0.610473,0.581392,0.613784,0.589557,0.556766,0.609842,0.598048,0.605165,0.422049,0.520082,0.558324,0.622415,0.573518,0.625179,0.549696,0.582780,0.569657,0.687317,0.557867
art_0573,0.587108,0.611541,0.531974,0.767119,0.470828,0.681278,0.582483,0.553701,0.472969,0.546978,0.467194,0.675513,0.542292,0.555488,0.396224,0.557998,0.499236,0.557889,0.402714,0.649023,0.651848,0.676367,0.584514,0.511813,0.659923,0.588583,0.659111,0.676121,0.496817,0.508098,0.517233,0.590364,0.510085,0.515562,0.647088,0.762757,0.591381,0.640012,0.612319,0.620407,0.586686,0.772862,0.566052,0.681764,0.480177,0.602736,0.473201,0.752677,0.693395,0.455431,0.531674,0.622082,0.552560,0.468894,0.560039,0.584208,0.540187,0.623851,0.736235,0.382146,0.472776,0.577439,0.461152,0.491150,0.538902,0.561671,0.620295,0.579982,0.478146,0.539962,0.611291,0.593883,0.570771,0.584249,0.642206,0.463964,0.619792,0.541438,0.537184,0.552401,0.665712,0.639961,0.611541,0.410792,0.670689,0.634056,0.522229,0.597789,0.580799,0.749812,0.509360,0.655403,0.611269,0.353473,0.511290,0.673298,0.570806,0.686496,0.597167,0.629538,0.483587,0.705631,0.616470,0.692595,0.669138,0.736778,0.508634,0.691925,0.664485,0.603175,0.580735,0.615272,0.591801,0.596038,0.674639,0.580746,0.739456,0.623588,0.524664,0.668211,0.584853,0.614915,0.679146,1.000000,0.613634,0.606623,0.658683,0.485935,0.602609,0.511134,0.667953,0.571890,0.509584,0.577589,0.642250,0.661042,0.664553,0.610664,0.654446,0.692815,0.630779,0.645624,0.493466,0.593625,0.714106,0.679748,0.699734,0.682888,0.598140,0.495730,0.618696,0.612743,0.543230,0.599008,0.686358,0.581267,0.553008,0.487206,0.597793,0.476561,0.553176,0.560689,0.445767,0.629172,0.600052,0.769894,0.578392,0.559143,0.600430,0.750468,0.573696,0.643660,0.603136,0.655893,0.496697,0.714200,0.507824,0.613330,0.538688,0.639179,0.649228,0.656706,0.615872,0.536600,0.718885,0.627090,0.626346,0.572858,0.625120,0.453916,0.559085,0.556956,0.590805,0.685418,0.733793,0.574947,0.592295,0.562399,0.766437,0.653153
art_0578,0.565530,0.606081,0.594438,0.658049,0.547225,0.528274,0.596167,0.641736,0.526603,0.689152,0.521038,0.570331,0.536667,0.501120,0.342057,0.545949,0.471342,0.446470,0.576678,0.586536,0.699294,0.718034,0.628372,0.543262,0.639221,0.596170,0.677208,0.744637,0.580688,0.686637,0.607479,0.551543,0.448532,0.558155,0.569992,0.677444,0.513510,0.527196,0.641252,0.592617,0.559161,0.641964,0.466614,0.619397,0.603753,0.609739,0.445676,0.569493,0.534088,0.604520,0.555885,0.529940,0.557087,0.521475,0.440514,0.565980,0.640959,0.630316,0.663619,0.436763,0.570613,0.453605,0.606185,0.432634,0.459779,0.671750,0.620163,0.487613,0.369906,0.467297,0.532072,0.527680,0.558627,0.525523,0.539800,0.475680,0.746834,0.524980,0.535760,0.518632,0.603736,0.615631,0.596943,0.443797,0.506883,0.602713,0.527213,0.624039,0.537882,0.587759,0.569512,0.592718,0.603496,0.538052,0.582398,0.629824,0.446235,0.612727,0.664237,0.611640,0.620474,0.614820,0.586444,0.640690,0.580370,0.632524,0.475387,0.523816,0.616203,0.657581,0.497876,0.655064,0.581805,0.491408,0.578500,0.673712,0.611375,0.632050,0.517839,0.586153,0.648930,0.605828,0.561210,0.613634,1.000000,0.593192,0.633347,0.492822,0.621580,0.635883,0.619063,0.536745,0.571367,0.594315,0.613846,0.622653,0.694318,0.600705,0.635364,0.615326,0.590124,0.664297,0.545112,0.683308,0.598773,0.673624,0.642705,0.588539,0.599457,0.591477,0.566376,0.469844,0.577355,0.628902,0.618489,0.486016,0.685742,0.389727,0.627341,0.392346,0.636750,0.591580,0.449054,0.629122,0.749724,0.595123,0.610098,0.565385,0.601973,0.653726,0.561377,0.546770,0.615847,0.604649,0.445755,0.575575,0.422181,0.580870,0.594726,0.665438,0.708016,0.675823,0.581460,0.657719,0.698875,0.616003,0.631241,0.503134,0.648653,0.440068,0.636404,0.443798,0.572760,0.606133,0.697316,0.512374,0.588496,0.516704,0.665368,0.586848
art_0582,0.551838,0.563369,0.533822,0.645334,0.498639,0.569687,0.586248,0.575232,0.467161,0.515343,0.496043,0.603769,0.502019,0.557824,0.352695,0.535479,0.328059,0.497960,0.541681,0.610793,0.590804,0.611864,0.547444,0.553534,0.582445,0.633464,0.620278,0.597442,0.519498,0.564502,0.526675,0.534357,0.446618,0.555473,0.495214,0.673753,0.542771,0.606329,0.554036,0.648101,0.518575,0.645610,0.478694,0.608003,0.473836,0.540630,0.467987,0.605480,0.552573,0.555750,0.471125,0.514428,0.458971,0.448913,0.386162,0.467349,0.491865,0.549279,0.682290,0.386401,0.524945,0.461176,0.530353,0.358573,0.479803,0.568049,0.588661,0.479115,0.397808,0.416548,0.573598,0.500280,0.570705,0.637065,0.598046,0.513599,0.641309,0.551324,0.448478,0.491824,0.567354,0.642512,0.568062,0.497979,0.560395,0.631294,0.551186,0.574746,0.543728,0.609968,0.534114,0.643441,0.646189,0.435731,0.500045,0.625088,0.476090,0.550759,0.567270,0.552768,0.545510,0.601524,0.525800,0.543665,0.513657,0.568957,0.537140,0.540055,0.630848,0.597699,0.515517,0.592015,0.553661,0.486277,0.588692,0.604093,0.620814,0.567681,0.511869,0.619709,0.574310,0.569016,0.580772,0.606623,0.593192,1.000000,0.590620,0.445407,0.613896,0.500131,0.595862,0.497923,0.548108,0.616467,0.621664,0.642738,0.647688,0.570291,0.647751,0.628688,0.599044,0.697422,0.540580,0.614019,0.706199,0.644447,0.634431,0.624964,0.593165,0.509953,0.537508,0.484584,0.521364,0.549439,0.709995,0.492591,0.591111,0.337676,0.588829,0.368651,0.508653,0.677373,0.439460,0.669347,0.595244,0.650413,0.559934,0.619256,0.599385,0.659779,0.469682,0.550553,0.667404,0.547286,0.450135,0.587014,0.445301,0.645254,0.470876,0.643652,0.640467,0.638871,0.584042,0.573322,0.641257,0.579641,0.559935,0.547740,0.631311,0.473270,0.567065,0.435123,0.561104,0.605992,0.622930,0.591474,0.668097,0.514038,0.691408,0.561194
art_0587,0.604882,0.687046,0.611966,0.700355,0.582509,0.673084,0.682745,0.584220,0.558618,0.613043,0.549466,0.717138,0.546611,0.624404,0.443818,0.626858,0.551155,0.599404,0.595859,0.596493,0.700950,0.726724,0.749233,0.598202,0.763527,0.675820,0.711094,0.681397,0.672154,0.622248,0.668642,0.642599,0.577778,0.684613,0.583804,0.733062,0.559618,0.621530,0.645075,0.623856,0.639593,0.695897,0.600209,0.704344,0.648201,0.727930,0.449930,0.634238,0.625484,0.635329,0.562695,0.552526,0.573531,0.530624,0.480175,0.661791,0.604041,0.599729,0.662085,0.542438,0.567838,0.555484,0.655684,0.546506,0.645695,0.656314,0.635745,0.605003,0.523416,0.644188,0.633627,0.638869,0.652075,0.637607,0.630554,0.523881,0.676803,0.660536,0.619287,0.588019,0.697085,0.707515,0.678712,0.487513,0.649839,0.731463,0.600576,0.718877,0.566046,0.641880,0.616231,0.682735,0.703206,0.535221,0.615057,0.742194,0.584732,0.723606,0.672086,0.670056,0.739281,0.720770,0.701159,0.667827,0.673311,0.710027,0.501116,0.619806,0.651299,0.728975,0.546611,0.773352,0.688571,0.654108,0.616461,0.734671,0.646604,0.596497,0.603932,0.643332,0.678735,0.728197,0.614042,0.658683,0.633347,0.590620,1.000000,0.570725,0.596997,0.694140,0.642852,0.596973,0.628415,0.613013,0.626333,0.663660,0.697044,0.592168,0.584444,0.704452,0.656799,0.638574,0.628779,0.678495,0.700780,0.685972,0.690241,0.657684,0.618194,0.671163,0.646749,0.643689,0.682096,0.711096,0.616722,0.659359,0.653874,0.508138,0.678151,0.523807,0.630620,0.526195,0.559572,0.661084,0.729587,0.690462,0.657372,0.570097,0.715368,0.713381,0.664449,0.669149,0.592071,0.724730,0.468962,0.616386,0.574519,0.579840,0.690646,0.643862,0.672123,0.712852,0.717991,0.604029,0.745798,0.643817,0.674286,0.554289,0.616922,0.447218,0.654008,0.611633,0.591174,0.660018,0.727743,0.671010,0.673889,0.654995,0.690110,0.694360
art_0592,0.502846,0.477236,0.530208,0.476220,0.480442,0.487459,0.500252,0.597371,0.517946,0.508860,0.546095,0.536991,0.517968,0.599632,0.294399,0.511317,0.302145,0.490285,0.500854,0.524999,0.472485,0.533279,0.521547,0.524137,0.566307,0.549516,0.533921,0.421734,0.500640,0.438747,0.558187,0.522467,0.438280,0.585159,0.377853,0.495484,0.444784,0.502080,0.481364,0.554190,0.455982,0.467180,0.480690,0.565564,0.527004,0.563403,0.362887,0.471986,0.476815,0.604930,0.457726,0.361120,0.433075,0.519051,0.473816,0.498447,0.492958,0.583350,0.466491,0.505295,0.440601,0.344388,0.465129,0.342616,0.583652,0.524652,0.546864,0.551256,0.333178,0.502320,0.520235,0.472400,0.617507,0.591791,0.451852,0.428746,0.567968,0.529689,0.511363,0.518271,0.549751,0.542542,0.567752,0.380065,0.474014,0.521521,0.586229,0.621238,0.603734,0.480299,0.486984,0.521233,0.543601,0.516612,0.566020,0.548132,0.480705,0.468012,0.555009,0.442779,0.603076,0.587696,0.471544,0.513016,0.526633,0.440177,0.395484,0.529291,0.490499,0.530968,0.431421,0.498980,0.483170,0.567152,0.509015,0.481643,0.441020,0.485065,0.337338,0.425645,0.519032,0.517305,0.555301,0.485935,0.492822,0.445407,0.570725,1.000000,0.493176,0.502020,0.422989,0.443688,0.581550,0.583754,0.463073,0.520003,0.474929,0.520844,0.470173,0.450179,0.436439,0.441895,0.535233,0.417175,0.575227,0.552421,0.457404,0.479056,0.498451,0.571568,0.530095,0.506323,0.557407,0.495795,0.452617,0.559661,0.587618,0.385993,0.517378,0.426765,0.480290,0.398340,0.619719,0.469153,0.572174,0.460799,0.528549,0.477341,0.555078,0.585093,0.457742,0.414405,0.462645,0.429849,0.396667,0.425078,0.508179,0.377465,0.498249,0.408740,0.535740,0.492820,0.541075,0.614545,0.531308,0.491475,0.480935,0.467142,0.435904,0.409285,0.490915,0.554533,0.466919,0.495230,0.506477,0.585975,0.502619,0.472404,0.488715,0.470865
art_0596,0.537466,0.485524,0.525254,0.676951,0.529758,0.508371,0.507211,0.572388,0.550466,0.642498,0.502742,0.632190,0.531285,0.550534,0.444236,0.589516,0.530206,0.560979,0.523996,0.582673,0.570944,0.669175,0.556808,0.529556,0.640985,0.547592,0.575282,0.632173,0.588786,0.576093,0.617358,0.461930,0.541161,0.583613,0.569712,0.609748,0.643421,0.503490,0.594214,0.587899,0.598937,0.566047,0.563437,0.572120,0.568694,0.588265,0.452938,0.581574,0.459786,0.546987,0.497858,0.430776,0.501246,0.556931,0.435131,0.590065,0.561396,0.625769,0.648130,0.479697,0.569221,0.450845,0.483060,0.511520,0.531853,0.646643,0.635901,0.534115,0.492971,0.534337,0.537447,0.625973,0.608904,0.569645,0.524554,0.567101,0.668406,0.478678,0.562413,0.540071,0.655246,0.572075,0.528626,0.475122,0.563678,0.543206,0.589655,0.596234,0.519603,0.525789,0.583043,0.595366,0.568442,0.503170,0.610966,0.594651,0.464919,0.586836,0.654272,0.492105,0.567746,0.626069,0.605491,0.624603,0.583100,0.569173,0.655163,0.540163,0.600552,0.601310,0.630346,0.544059,0.577263,0.583656,0.559687,0.551340,0.589299,0.642183,0.375077,0.528629,0.550741,0.461023,0.628878,0.602609,0.621580,0.613896,0.596997,0.493176,1.000000,0.496443,0.641857,0.627866,0.549057,0.534538,0.715568,0.631153,0.595825,0.664414,0.619975,0.632127,0.475652,0.587236,0.589575,0.591923,0.670542,0.659125,0.621739,0.571922,0.674743,0.604293,0.653993,0.628252,0.546582,0.589893,0.622772,0.510650,0.629681,0.471590,0.642725,0.506084,0.668916,0.602688,0.482645,0.553311,0.599822,0.593234,0.653393,0.649148,0.584178,0.636585,0.577004,0.483519,0.637335,0.612607,0.608835,0.498061,0.577404,0.469726,0.569842,0.611171,0.660920,0.626749,0.540099,0.623104,0.631744,0.625364,0.640186,0.612167,0.598591,0.444253,0.560633,0.568128,0.604757,0.578601,0.590636,0.607739,0.503250,0.592269,0.621773,0.519914
art_0601,0.598166,0.641947,0.643781,0.608724,0.604416,0.533541,0.670435,0.572761,0.615935,0.616885,0.599630,0.576107,0.506300,0.557760,0.351947,0.526153,0.520336,0.487618,0.619631,0.429830,0.613679,0.639354,0.643872,0.661156,0.685769,0.625801,0.586931,0.666506,0.570253,0.562056,0.585074,0.553125,0.480005,0.572826,0.486714,0.567517,0.532135,0.492690,0.581995,0.572945,0.585299,0.525351,0.491775,0.591791,0.734323,0.692562,0.485022,0.547296,0.476287,0.601229,0.466882,0.382541,0.485842,0.552932,0.420425,0.575619,0.533883,0.529917,0.559361,0.485498,0.524176,0.465848,0.643352,0.535542,0.538111,0.686188,0.568956,0.530476,0.469094,0.614612,0.534288,0.634175,0.662863,0.569787,0.568283,0.506439,0.631675,0.460659,0.605268,0.601374,0.657099,0.620719,0.623013,0.389521,0.550750,0.604508,0.569426,0.657158,0.504112,0.486475,0.572843,0.560793,0.658153,0.588735,0.633969,0.651719,0.453881,0.595462,0.608933,0.519704,0.641935,0.662724,0.563536,0.559252,0.514890,0.541408,0.425610,0.491304,0.526962,0.657377,0.474352,0.634063,0.659646,0.549192,0.537337,0.656191,0.559475,0.506527,0.397572,0.529379,0.667843,0.643360,0.471360,0.511134,0.635883,0.500131,0.694140,0.502020,0.496443,1.000000,0.528482,0.542678,0.609353,0.572401,0.554352,0.614728,0.680985,0.568686,0.611825,0.518956,0.545565,0.506136,0.545214,0.597219,0.578894,0.673104,0.592077,0.614709,0.560034,0.602045,0.569321,0.467835,0.632959,0.577618,0.518245,0.549248,0.676320,0.478339,0.669000,0.451075,0.586384,0.487834,0.511665,0.536476,0.670081,0.572384,0.551984,0.516512,0.592126,0.622415,0.618512,0.524876,0.493405,0.535100,0.427128,0.518173,0.480959,0.457139,0.611685,0.583701,0.670820,0.657149,0.574862,0.549547,0.666311,0.582560,0.639505,0.463043,0.529956,0.381823,0.676907,0.536686,0.533895,0.593064,0.624449,0.571739,0.590592,0.590835,0.565260,0.608678
art_0606,0.535008,0.655506,0.538905,0.767466,0.539794,0.662948,0.645037,0.480474,0.483473,0.610950,0.487221,0.691773,0.469412,0.570870,0.426699,0.503801,0.618115,0.518134,0.473725,0.571569,0.716282,0.703149,0.624246,0.492628,0.690971,0.607578,0.676194,0.681310,0.600107,0.526454,0.562798,0.553638,0.553448,0.547584,0.593290,0.715290,0.548900,0.584419,0.644259,0.577263,0.603939,0.745136,0.584083,0.674555,0.567355,0.681416,0.396690,0.656609,0.589541,0.477231,0.556190,0.564150,0.579271,0.458883,0.523010,0.601209,0.606464,0.608524,0.734209,0.417298,0.512538,0.613832,0.553629,0.503242,0.524171,0.595105,0.626623,0.522744,0.421256,0.540648,0.603839,0.609266,0.576439,0.573078,0.621870,0.499053,0.579850,0.505692,0.610816,0.509883,0.699672,0.630477,0.620833,0.519892,0.606085,0.589037,0.564135,0.654860,0.526314,0.661201,0.556686,0.620845,0.597384,0.384358,0.559407,0.624289,0.504665,0.682014,0.646541,0.648637,0.613106,0.710979,0.644776,0.620742,0.696914,0.689327,0.522471,0.607711,0.653236,0.651243,0.637437,0.647177,0.601788,0.551486,0.593441,0.622426,0.742219,0.626419,0.587940,0.696760,0.636802,0.655419,0.594021,0.667953,0.619063,0.595862,0.642852,0.422989,0.641857,0.528482,1.000000,0.613751,0.559193,0.537999,0.691889,0.648451,0.698909,0.667144,0.598237,0.777213,0.589858,0.632871,0.581481,0.621680,0.671096,0.718594,0.691605,0.652232,0.623471,0.521009,0.623146,0.571127,0.532700,0.638676,0.675184,0.520133,0.562244,0.461936,0.644110,0.522658,0.657558,0.534287,0.403053,0.681946,0.571912,0.773343,0.648981,0.612623,0.624139,0.670516,0.606848,0.696658,0.570991,0.683910,0.528003,0.691659,0.545003,0.611019,0.617889,0.686470,0.685756,0.706906,0.603756,0.556132,0.738153,0.626413,0.627661,0.590726,0.679320,0.418542,0.626732,0.497627,0.567336,0.671342,0.756375,0.559007,0.557859,0.547973,0.748998,0.672569
art_0610,0.583318,0.505538,0.549230,0.657913,0.474331,0.498366,0.591113,0.533892,0.456489,0.594381,0.565240,0.650618,0.483944,0.536620,0.416909,0.520380,0.562255,0.558540,0.470042,0.507483,0.554055,0.703390,0.589505,0.460808,0.688728,0.510039,0.503816,0.649405,0.587009,0.572410,0.623355,0.573622,0.619778,0.576171,0.694080,0.628538,0.567660,0.535121,0.643947,0.588922,0.633095,0.624697,0.561479,0.693806,0.595559,0.589659,0.550296,0.567863,0.492579,0.498132,0.540611,0.482684,0.557006,0.489286,0.358661,0.563394,0.619264,0.678907,0.622796,0.368871,0.442820,0.627990,0.493180,0.597505,0.484206,0.583467,0.650271,0.550342,0.515304,0.601165,0.528719,0.644030,0.583880,0.528871,0.626807,0.601668,0.605873,0.435888,0.644625,0.538757,0.739687,0.498099,0.641701,0.474330,0.621258,0.532653,0.550522,0.562381,0.491736,0.579328,0.582063,0.583708,0.579942,0.395626,0.525004,0.602875,0.524599,0.594462,0.650943,0.648633,0.586520,0.588903,0.643565,0.639713,0.637982,0.699888,0.542948,0.564974,0.584448,0.653219,0.599903,0.561548,0.589524,0.680405,0.641672,0.614963,0.594274,0.627239,0.384463,0.593437,0.577537,0.518889,0.623108,0.571890,0.536745,0.497923,0.596973,0.443688,0.627866,0.542678,0.613751,1.000000,0.638699,0.545963,0.661698,0.561743,0.575027,0.710375,0.628014,0.613908,0.500760,0.544789,0.524924,0.628078,0.613801,0.710114,0.581685,0.634418,0.689120,0.512684,0.719572,0.617783,0.507825,0.672626,0.667258,0.535000,0.606797,0.445846,0.652469,0.434217,0.627575,0.552601,0.439285,0.590576,0.579244,0.593071,0.663429,0.641663,0.554639,0.588660,0.599418,0.609831,0.617462,0.530953,0.578145,0.507767,0.538447,0.543337,0.591808,0.642173,0.695098,0.637990,0.500700,0.521994,0.634066,0.632450,0.613815,0.610524,0.661917,0.389141,0.577318,0.642628,0.627729,0.606639,0.644882,0.557010,0.498505,0.635867,0.609061,0.680929
art_0615,0.543030,0.563423,0.594273,0.581525,0.495277,0.509707,0.586886,0.586008,0.526154,0.586352,0.593261,0.577828,0.498924,0.564027,0.375835,0.579939,0.491877,0.428513,0.594083,0.505178,0.633188,0.660482,0.585288,0.515279,0.614603,0.599509,0.569651,0.538765,0.650442,0.591770,0.601710,0.530685,0.460894,0.625962,0.429971,0.517886,0.483561,0.487227,0.529532,0.613048,0.561825,0.533418,0.492208,0.659282,0.632568,0.646557,0.529704,0.553207,0.525735,0.678256,0.544702,0.399479,0.488071,0.494442,0.430247,0.537202,0.587485,0.668859,0.545765,0.529294,0.570186,0.423366,0.566344,0.502853,0.511317,0.652743,0.604182,0.545604,0.434300,0.561773,0.534109,0.581218,0.542665,0.591149,0.539645,0.522937,0.618211,0.425122,0.585199,0.583405,0.590245,0.524322,0.630035,0.475705,0.480950,0.598853,0.596819,0.602927,0.632888,0.527293,0.526378,0.561592,0.570404,0.586579,0.507189,0.544955,0.448285,0.534638,0.626905,0.570076,0.662277,0.609915,0.562092,0.572650,0.510729,0.529536,0.417616,0.570071,0.583663,0.591413,0.543632,0.572348,0.592611,0.562884,0.530958,0.523026,0.509176,0.569572,0.393757,0.491189,0.650718,0.546908,0.592272,0.509584,0.571367,0.548108,0.628415,0.581550,0.549057,0.609353,0.559193,0.638699,1.000000,0.618899,0.577166,0.601737,0.606405,0.593948,0.565042,0.561673,0.486378,0.500875,0.607220,0.538589,0.639349,0.648818,0.528682,0.561634,0.589656,0.571048,0.617205,0.489841,0.607686,0.556197,0.532435,0.572082,0.690530,0.438979,0.616777,0.428768,0.605012,0.547095,0.538867,0.535506,0.615477,0.559120,0.636025,0.606605,0.574794,0.586322,0.542338,0.528452,0.606275,0.542742,0.526565,0.473917,0.618749,0.468153,0.623382,0.580965,0.654389,0.598065,0.471081,0.581369,0.617061,0.539705,0.619731,0.586687,0.610760,0.379045,0.564888,0.481005,0.593721,0.549592,0.572524,0.632134,0.590978,0.597246,0.539656,0.505749
art_0620,0.638807,0.641328,0.598716,0.563932,0.566016,0.516170,0.699462,0.650694,0.508662,0.539597,0.596059,0.594867,0.455516,0.538194,0.281898,0.576504,0.378037,0.476789,0.524759,0.568581,0.546528,0.639076,0.597072,0.585991,0.637056,0.673279,0.615018,0.564238,0.546126,0.577007,0.563013,0.503563,0.409045,0.589754,0.469430,0.618932,0.354563,0.609178,0.523590,0.625113,0.440848,0.543547,0.465982,0.589112,0.552633,0.638926,0.480914,0.519070,0.540142,0.640913,0.432641,0.416189,0.397122,0.445496,0.396389,0.497355,0.545838,0.576824,0.586770,0.381449,0.491238,0.435383,0.640069,0.390306,0.528040,0.604178,0.546792,0.433034,0.344680,0.506098,0.474766,0.503491,0.628080,0.612344,0.600859,0.520013,0.598865,0.518197,0.491105,0.581669,0.578228,0.568146,0.601716,0.395242,0.507916,0.622073,0.529751,0.638440,0.609038,0.552356,0.539554,0.659199,0.674280,0.632976,0.509389,0.683686,0.405636,0.504644,0.595449,0.528205,0.612691,0.611413,0.571318,0.588656,0.537926,0.592605,0.412566,0.547266,0.574749,0.648216,0.446781,0.626122,0.561084,0.554056,0.577882,0.613918,0.527978,0.474634,0.452180,0.555627,0.679396,0.617767,0.576298,0.577589,0.594315,0.616467,0.613013,0.583754,0.534538,0.572401,0.537999,0.545963,0.618899,1.000000,0.508664,0.648535,0.663061,0.545209,0.608368,0.575292,0.617391,0.539321,0.585599,0.643150,0.650153,0.633303,0.607524,0.644238,0.560881,0.543204,0.502346,0.450067,0.604499,0.557615,0.558453,0.650314,0.618355,0.360935,0.602065,0.357187,0.557950,0.526287,0.561274,0.648977,0.624808,0.584252,0.574434,0.508093,0.643300,0.533201,0.480873,0.576916,0.577323,0.509607,0.438708,0.527033,0.444164,0.557265,0.572518,0.577607,0.656184,0.660563,0.560601,0.587433,0.616935,0.524962,0.530673,0.527452,0.623260,0.470622,0.574739,0.520869,0.522472,0.698332,0.594466,0.616920,0.651085,0.564276,0.587694,0.595010
art_0624,0.518330,0.536171,0.581604,0.781922,0.489003,0.593282,0.586720,0.530680,0.516219,0.625751,0.486074,0.656919,0.472636,0.564026,0.393688,0.545263,0.578037,0.597581,0.501787,0.589783,0.604125,0.708265,0.584191,0.535281,0.675869,0.551931,0.680236,0.696843,0.629512,0.559288,0.593624,0.597826,0.531397,0.593830,0.556897,0.660011,0.607904,0.595537,0.687270,0.603120,0.628797,0.671563,0.621578,0.655684,0.586969,0.639275,0.461488,0.672649,0.511453,0.546133,0.564834,0.506326,0.596451,0.592244,0.497348,0.600875,0.592014,0.641952,0.693243,0.460885,0.569184,0.526255,0.530047,0.515352,0.574649,0.611237,0.693662,0.518317,0.451922,0.608982,0.599268,0.653285,0.623546,0.551268,0.623773,0.535820,0.634159,0.444452,0.613225,0.525996,0.734599,0.598722,0.581154,0.487305,0.710419,0.622756,0.629851,0.636280,0.527514,0.656717,0.603933,0.625568,0.592492,0.448701,0.543977,0.640784,0.526223,0.668231,0.661263,0.565493,0.583420,0.690123,0.620803,0.635496,0.657083,0.641744,0.580437,0.599547,0.712956,0.641433,0.573531,0.545718,0.579316,0.608294,0.631352,0.631321,0.675086,0.651227,0.456582,0.611176,0.567158,0.608785,0.683019,0.642250,0.613846,0.621664,0.626333,0.463073,0.715568,0.554352,0.691889,0.661698,0.577166,0.508664,1.000000,0.629527,0.669866,0.703527,0.662148,0.676091,0.546314,0.587685,0.588201,0.584885,0.680852,0.695786,0.673243,0.643774,0.650498,0.551217,0.687755,0.583671,0.600389,0.636633,0.669169,0.506113,0.674459,0.541713,0.639727,0.471397,0.645499,0.561101,0.465297,0.663153,0.612719,0.677513,0.682584,0.647063,0.587075,0.720663,0.597991,0.611462,0.596037,0.602579,0.537213,0.601310,0.584973,0.612897,0.557234,0.628001,0.719161,0.701457,0.638274,0.593030,0.660629,0.665720,0.642507,0.639283,0.610966,0.369729,0.542975,0.587065,0.599064,0.659209,0.695628,0.565424,0.598612,0.572829,0.747485,0.618690
art_0629,0.625848,0.597447,0.560342,0.679540,0.604685,0.615714,0.628786,0.600727,0.566501,0.617729,0.541654,0.634316,0.520475,0.620318,0.347576,0.596052,0.498617,0.575371,0.559361,0.568795,0.647391,0.702915,0.650065,0.547850,0.713831,0.652062,0.691830,0.667980,0.593562,0.615040,0.590311,0.536120,0.508256,0.590844,0.543450,0.680804,0.579253,0.538037,0.610242,0.661630,0.577682,0.662576,0.569205,0.656388,0.636807,0.652373,0.480457,0.603906,0.549606,0.618631,0.558093,0.469056,0.537286,0.558421,0.530351,0.612190,0.616980,0.606416,0.694287,0.460945,0.563426,0.531111,0.580459,0.501472,0.549210,0.637875,0.596650,0.581477,0.481274,0.584383,0.635542,0.684249,0.637504,0.626253,0.581020,0.529785,0.602826,0.510675,0.623966,0.531466,0.662592,0.572731,0.620768,0.400094,0.570577,0.616233,0.626886,0.659932,0.609596,0.619269,0.543336,0.610818,0.632245,0.516545,0.590052,0.683959,0.561914,0.716035,0.636861,0.577999,0.618016,0.687945,0.654793,0.648788,0.640363,0.593566,0.504888,0.624240,0.630907,0.654129,0.646213,0.628403,0.627619,0.587288,0.562892,0.626386,0.623087,0.571117,0.400940,0.587620,0.629579,0.645849,0.617004,0.661042,0.622653,0.642738,0.663660,0.520003,0.631153,0.614728,0.648451,0.561743,0.601737,0.648535,0.629527,1.000000,0.684521,0.630041,0.631820,0.675716,0.566342,0.639636,0.565063,0.564220,0.690515,0.685185,0.655714,0.668353,0.614120,0.571041,0.622039,0.622723,0.634521,0.605539,0.602360,0.557332,0.618209,0.564163,0.669884,0.512793,0.673096,0.575697,0.446931,0.643395,0.677436,0.654878,0.630164,0.624110,0.637301,0.719200,0.613446,0.632794,0.613185,0.580498,0.538008,0.624127,0.627642,0.602961,0.612143,0.627145,0.707157,0.702607,0.645954,0.581140,0.704583,0.598079,0.632539,0.560810,0.630269,0.428663,0.629193,0.529576,0.625178,0.681597,0.707360,0.647892,0.599994,0.619771,0.707856,0.592386
art_0634,0.680465,0.771926,0.688415,0.756387,0.676750,0.682976,0.768876,0.619149,0.510860,0.622935,0.564289,0.735559,0.543782,0.592165,0.409827,0.581731,0.591261,0.493422,0.559405,0.545873,0.748095,0.696974,0.706722,0.668078,0.689511,0.703420,0.660689,0.730460,0.546168,0.562422,0.562803,0.618664,0.468829,0.570118,0.574430,0.716904,0.586101,0.700586,0.612592,0.617674,0.627389,0.722909,0.589793,0.661250,0.602423,0.706532,0.480185,0.611475,0.648764,0.588231,0.554192,0.567366,0.549165,0.519960,0.442545,0.614098,0.560147,0.632391,0.695599,0.460552,0.570792,0.631272,0.664538,0.618432,0.566401,0.649835,0.637461,0.522715,0.525264,0.548707,0.627269,0.588794,0.616473,0.625582,0.731813,0.518223,0.658574,0.589018,0.636258,0.612942,0.658833,0.718018,0.708248,0.441873,0.618195,0.697162,0.533103,0.703457,0.527100,0.658299,0.598665,0.680532,0.758990,0.523099,0.542527,0.718603,0.486010,0.658182,0.580668,0.657047,0.648035,0.734370,0.577778,0.590565,0.647394,0.676006,0.427935,0.559338,0.640441,0.691563,0.551571,0.703275,0.697121,0.546229,0.648417,0.717501,0.731045,0.553037,0.615550,0.658803,0.727400,0.729756,0.585630,0.664553,0.694318,0.647688,0.697044,0.474929,0.595825,0.680985,0.698909,0.575027,0.606405,0.663061,0.669866,0.684521,1.000000,0.640884,0.739138,0.702973,0.729622,0.680122,0.623829,0.682070,0.674915,0.674533,0.712781,0.684910,0.623405,0.592094,0.604712,0.532507,0.594005,0.662069,0.660880,0.591478,0.631060,0.457544,0.698768,0.390049,0.643820,0.580431,0.519411,0.718987,0.606196,0.746888,0.619309,0.627920,0.678049,0.685235,0.531461,0.702981,0.620263,0.685691,0.510452,0.656677,0.511095,0.630317,0.567552,0.708396,0.693162,0.710129,0.662419,0.627582,0.735343,0.566518,0.588358,0.554440,0.696945,0.517700,0.689827,0.504145,0.664611,0.754923,0.723965,0.620058,0.656889,0.663250,0.701033,0.718122
art_0638,0.613534,0.546042,0.622691,0.777282,0.549450,0.577993,0.629431,0.604462,0.579021,0.711361,0.534671,0.647002,0.484174,0.614553,0.402477,0.573166,0.547416,0.576362,0.530539,0.608833,0.658373,0.749782,0.620200,0.515992,0.764908,0.579114,0.614102,0.682473,0.644282,0.551547,0.649076,0.624646,0.545888,0.571908,0.638811,0.675606,0.584237,0.592859,0.714624,0.639643,0.662256,0.648563,0.555389,0.719109,0.631348,0.632486,0.478387,0.658274,0.528334,0.519542,0.580798,0.463083,0.597414,0.574817,0.463726,0.636473,0.574986,0.692510,0.706121,0.412993,0.519934,0.578436,0.554831,0.481584,0.530309,0.602466,0.658290,0.554919,0.427473,0.617356,0.571823,0.603714,0.631414,0.559942,0.563965,0.514312,0.637203,0.469001,0.646450,0.476499,0.782708,0.565932,0.599194,0.511037,0.647225,0.539168,0.630467,0.645021,0.532233,0.644374,0.544021,0.541588,0.596124,0.424604,0.648953,0.668975,0.552897,0.690616,0.719703,0.669998,0.648046,0.726614,0.607561,0.748170,0.663093,0.636897,0.554362,0.540508,0.636446,0.709719,0.496783,0.541850,0.559024,0.650647,0.646735,0.644483,0.688661,0.641126,0.487271,0.668689,0.613716,0.629686,0.622997,0.610664,0.600705,0.570291,0.592168,0.520844,0.664414,0.568686,0.667144,0.710375,0.593948,0.545209,0.703527,0.630041,0.640884,1.000000,0.700628,0.707024,0.581077,0.632052,0.534729,0.634354,0.669299,0.766587,0.709353,0.671583,0.629659,0.526195,0.709849,0.575858,0.530447,0.735698,0.663189,0.511357,0.652954,0.447480,0.658203,0.456032,0.683626,0.573774,0.414848,0.650807,0.606990,0.673073,0.722421,0.657124,0.593963,0.650896,0.605394,0.625046,0.614085,0.544926,0.454668,0.576781,0.483866,0.580863,0.587914,0.713744,0.725442,0.678170,0.578327,0.642523,0.677882,0.720328,0.589258,0.549926,0.698066,0.364186,0.566963,0.612190,0.595833,0.711132,0.732976,0.545376,0.530943,0.524920,0.717124,0.652927
art_0643,0.696412,0.644667,0.612723,0.693999,0.525804,0.523375,0.649412,0.628579,0.505858,0.620030,0.550794,0.600731,0.534617,0.501657,0.350266,0.551148,0.503386,0.479438,0.518632,0.638559,0.618791,0.667718,0.601252,0.650793,0.657399,0.632523,0.602034,0.733223,0.533740,0.568195,0.537665,0.577618,0.461765,0.525583,0.587933,0.657746,0.562569,0.606709,0.617333,0.624467,0.604132,0.639894,0.474081,0.631078,0.594899,0.623650,0.493470,0.609028,0.524038,0.555673,0.509329,0.522822,0.563302,0.483573,0.362516,0.565723,0.527296,0.643406,0.671447,0.368685,0.514071,0.528059,0.586115,0.508722,0.478864,0.566990,0.626435,0.527486,0.417381,0.531741,0.524526,0.538050,0.620779,0.530716,0.650972,0.541141,0.631606,0.485705,0.554135,0.564088,0.677070,0.614062,0.644655,0.427319,0.600471,0.674829,0.543011,0.606293,0.503392,0.629421,0.568212,0.608416,0.672249,0.491699,0.644965,0.633068,0.425235,0.592312,0.595507,0.568939,0.550606,0.647565,0.545456,0.622247,0.581694,0.624150,0.513625,0.567582,0.570807,0.664704,0.498403,0.583115,0.573436,0.540606,0.617011,0.628654,0.687471,0.578498,0.468863,0.645321,0.661480,0.576753,0.598344,0.654446,0.635364,0.647751,0.584444,0.470173,0.619975,0.611825,0.598237,0.628014,0.565042,0.608368,0.662148,0.631820,0.739138,0.700628,1.000000,0.652269,0.596925,0.642845,0.554746,0.657131,0.652870,0.756635,0.723969,0.732214,0.636665,0.525721,0.616935,0.551425,0.453077,0.634285,0.697417,0.497353,0.622377,0.416591,0.696271,0.409108,0.640092,0.626189,0.463554,0.655379,0.576903,0.641692,0.578205,0.669221,0.570235,0.615338,0.525469,0.602508,0.660101,0.570764,0.468039,0.624437,0.435178,0.630737,0.506499,0.682755,0.685163,0.687191,0.532306,0.545958,0.660216,0.599033,0.610124,0.533601,0.687085,0.432705,0.609944,0.530572,0.604329,0.710479,0.657649,0.553822,0.598285,0.514977,0.692414,0.639162
art_0648,0.614130,0.652915,0.561605,0.763557,0.551288,0.701137,0.674771,0.550787,0.444876,0.617118,0.495249,0.695806,0.522590,0.556517,0.431905,0.560191,0.541977,0.513987,0.510899,0.575143,0.734513,0.718627,0.639621,0.544301,0.743177,0.645125,0.729505,0.687176,0.634238,0.554881,0.601141,0.594177,0.532937,0.557815,0.582321,0.763834,0.563998,0.648906,0.659942,0.631919,0.609924,0.760556,0.556531,0.717548,0.557274,0.650462,0.390715,0.663206,0.636311,0.515285,0.555471,0.507994,0.525247,0.461007,0.553225,0.588878,0.576947,0.609589,0.767397,0.388120,0.472991,0.612702,0.587320,0.498810,0.513720,0.583836,0.592392,0.536322,0.442667,0.541957,0.673199,0.585072,0.577625,0.548511,0.654113,0.494188,0.594458,0.530655,0.565950,0.510123,0.756042,0.665576,0.616423,0.517004,0.630269,0.640841,0.560699,0.649831,0.501769,0.746946,0.559976,0.613466,0.594522,0.445090,0.562076,0.669750,0.550541,0.764424,0.670438,0.677576,0.627268,0.716783,0.695106,0.686119,0.756444,0.745467,0.530686,0.604760,0.656806,0.707868,0.592909,0.671302,0.621270,0.566202,0.680081,0.681457,0.755606,0.588615,0.636903,0.785639,0.639449,0.717585,0.640361,0.692815,0.615326,0.628688,0.704452,0.450179,0.632127,0.518956,0.777213,0.613908,0.561673,0.575292,0.676091,0.675716,0.702973,0.707024,0.652269,1.000000,0.640913,0.693486,0.572120,0.692541,0.700079,0.710710,0.737557,0.679953,0.571980,0.524441,0.580175,0.586383,0.528865,0.695397,0.723676,0.554507,0.576567,0.420483,0.646170,0.501986,0.620443,0.532983,0.394349,0.745765,0.585256,0.817259,0.689313,0.573700,0.623717,0.679174,0.589852,0.740088,0.599637,0.643570,0.501234,0.689383,0.528482,0.678352,0.602127,0.739642,0.690086,0.762302,0.645745,0.573521,0.777288,0.635251,0.608199,0.566040,0.708140,0.427803,0.602607,0.525183,0.594663,0.746836,0.784291,0.566550,0.615317,0.560303,0.783550,0.736188
art_0652,0.642747,0.717388,0.615276,0.665902,0.566900,0.629300,0.709247,0.564358,0.457015,0.459324,0.460598,0.677303,0.463145,0.506631,0.374269,0.498259,0.398153,0.516762,0.485435,0.593367,0.627729,0.611142,0.666134,0.560863,0.639873,0.647335,0.616991,0.598613,0.451065,0.493691,0.491375,0.620588,0.438818,0.563145,0.578677,0.781807,0.454842,0.740863,0.540779,0.586265,0.510356,0.695630,0.472219,0.670808,0.472973,0.610520,0.328065,0.579600,0.599056,0.499756,0.433833,0.558732,0.401812,0.442647,0.374714,0.508279,0.410968,0.461450,0.588239,0.322128,0.426033,0.580589,0.614158,0.437991,0.591516,0.496681,0.522771,0.476587,0.380411,0.486292,0.612592,0.444785,0.568279,0.592401,0.656063,0.453161,0.549280,0.638663,0.417135,0.508629,0.586724,0.716358,0.613283,0.454956,0.618723,0.695978,0.491073,0.590122,0.501563,0.670183,0.483946,0.654159,0.709201,0.402224,0.499991,0.718868,0.460904,0.616138,0.461842,0.639923,0.566819,0.675806,0.585060,0.557086,0.565932,0.735064,0.374172,0.614439,0.615361,0.644694,0.413581,0.692051,0.596129,0.578146,0.646828,0.775065,0.640598,0.455345,0.674133,0.655667,0.610351,0.681505,0.535313,0.630779,0.590124,0.599044,0.656799,0.436439,0.475652,0.545565,0.589858,0.500760,0.486378,0.617391,0.546314,0.566342,0.729622,0.581077,0.596925,0.640913,1.000000,0.653075,0.516051,0.666340,0.627131,0.627169,0.692551,0.690597,0.515604,0.556245,0.454438,0.460351,0.558552,0.659168,0.598141,0.576005,0.497638,0.292404,0.598956,0.307317,0.513151,0.468816,0.489731,0.695256,0.516334,0.668635,0.553273,0.435087,0.672553,0.611347,0.423692,0.680634,0.560572,0.634664,0.381465,0.653141,0.328817,0.645779,0.484106,0.592574,0.629708,0.623561,0.632159,0.535017,0.627780,0.484716,0.490992,0.462645,0.525030,0.473366,0.632845,0.538057,0.516590,0.679845,0.682648,0.488168,0.671314,0.524154,0.664995,0.743518
art_0657,0.579907,0.606115,0.553712,0.656400,0.504112,0.619942,0.596061,0.576785,0.389544,0.555178,0.482368,0.606062,0.566143,0.513315,0.440661,0.509949,0.441647,0.476718,0.463861,0.620536,0.705694,0.662759,0.589807,0.521908,0.630041,0.654488,0.618031,0.662685,0.523414,0.593086,0.517504,0.566823,0.529943,0.516578,0.658778,0.750030,0.586740,0.583349,0.587914,0.610606,0.574747,0.681969,0.499871,0.673464,0.461368,0.547437,0.476100,0.620043,0.638254,0.485691,0.497864,0.612526,0.496664,0.483588,0.413008,0.504594,0.527058,0.609376,0.669651,0.386500,0.487042,0.583493,0.515067,0.496948,0.431516,0.518393,0.570963,0.566107,0.538129,0.462682,0.618016,0.537425,0.527148,0.570555,0.622676,0.439751,0.643894,0.588074,0.474516,0.488159,0.611802,0.646011,0.588130,0.460462,0.552134,0.637883,0.487048,0.575597,0.535436,0.671979,0.480094,0.660663,0.629810,0.380720,0.529416,0.629953,0.470011,0.660520,0.587570,0.624606,0.562223,0.613869,0.603261,0.638647,0.571847,0.687360,0.567841,0.573783,0.597512,0.663216,0.502833,0.674498,0.579158,0.509903,0.642649,0.673148,0.637693,0.599946,0.544691,0.714143,0.573091,0.595792,0.586638,0.645624,0.664297,0.697422,0.638574,0.441895,0.587236,0.506136,0.632871,0.544789,0.500875,0.539321,0.587685,0.639636,0.680122,0.632052,0.642845,0.693486,0.653075,1.000000,0.554046,0.653224,0.654380,0.675420,0.677588,0.654212,0.620311,0.532355,0.517908,0.550940,0.498296,0.685261,0.704369,0.542700,0.589387,0.379136,0.614166,0.416797,0.546090,0.631043,0.423449,0.731831,0.574338,0.686359,0.574389,0.577909,0.588300,0.681904,0.523174,0.587842,0.687159,0.617971,0.467077,0.651139,0.424161,0.664575,0.492752,0.715979,0.645386,0.665461,0.580916,0.559353,0.670508,0.545755,0.586071,0.493204,0.671640,0.525413,0.619573,0.514013,0.587223,0.667480,0.718277,0.520192,0.563893,0.509894,0.704407,0.656502
art_0662,0.518811,0.556741,0.666609,0.556903,0.500687,0.544264,0.593464,0.601741,0.517225,0.547147,0.542290,0.560854,0.480751,0.629449,0.400787,0.591276,0.469480,0.541785,0.492574,0.542877,0.578810,0.625712,0.596208,0.526409,0.603407,0.608590,0.585579,0.511569,0.619236,0.584322,0.528536,0.488793,0.498599,0.594137,0.463034,0.558386,0.553996,0.600955,0.575776,0.516074,0.553551,0.560764,0.495923,0.573304,0.571222,0.671549,0.501227,0.510427,0.469208,0.558690,0.512335,0.416424,0.459647,0.543240,0.457269,0.559164,0.568333,0.580307,0.569345,0.504066,0.553048,0.378429,0.559129,0.467454,0.566885,0.635207,0.596249,0.514539,0.418585,0.597849,0.537988,0.576619,0.633327,0.591677,0.633465,0.484086,0.619628,0.557341,0.524269,0.563909,0.589522,0.579566,0.624148,0.506090,0.581181,0.570650,0.538344,0.612740,0.651752,0.498636,0.640885,0.632913,0.656210,0.505354,0.512853,0.571750,0.453163,0.522693,0.647469,0.484144,0.595126,0.618269,0.641847,0.545875,0.560365,0.558509,0.469931,0.477911,0.515707,0.630932,0.545722,0.644318,0.557314,0.574748,0.562315,0.567005,0.491552,0.583014,0.366248,0.508453,0.583203,0.570696,0.534249,0.493466,0.545112,0.540580,0.628779,0.535233,0.589575,0.545214,0.581481,0.524924,0.607220,0.585599,0.588201,0.565063,0.623829,0.534729,0.554746,0.572120,0.516051,0.554046,1.000000,0.523112,0.601140,0.592615,0.558925,0.536315,0.600207,0.613843,0.569537,0.578908,0.537524,0.574497,0.535474,0.549815,0.626164,0.450268,0.574394,0.457495,0.586047,0.433660,0.586171,0.556549,0.590327,0.555913,0.597784,0.525300,0.614789,0.564351,0.557856,0.501709,0.565889,0.600611,0.514865,0.564352,0.600673,0.446373,0.631283,0.532502,0.608558,0.641936,0.554905,0.560001,0.590265,0.583345,0.566078,0.604532,0.527388,0.517087,0.593186,0.575691,0.564058,0.589339,0.554174,0.651075,0.588368,0.592308,0.567312,0.537540
art_0666,0.609360,0.652871,0.603197,0.690759,0.581720,0.544705,0.635676,0.658325,0.508643,0.611105,0.528665,0.653537,0.476851,0.466414,0.376617,0.543652,0.468944,0.502622,0.547956,0.566334,0.643739,0.684547,0.647254,0.581270,0.671561,0.631879,0.617053,0.737072,0.579824,0.607525,0.610469,0.578646,0.476782,0.562457,0.579125,0.718800,0.505694,0.603607,0.584562,0.642480,0.594602,0.648996,0.460270,0.603594,0.598814,0.614617,0.450635,0.558261,0.589488,0.566139,0.534917,0.523182,0.509235,0.498354,0.364361,0.555768,0.576851,0.573671,0.608617,0.371104,0.552386,0.572510,0.613337,0.467796,0.494105,0.603882,0.612044,0.457773,0.373459,0.496141,0.533747,0.477683,0.577791,0.569889,0.641910,0.519282,0.619759,0.535517,0.530638,0.549194,0.671532,0.677542,0.596706,0.488061,0.558507,0.676440,0.501635,0.625479,0.459082,0.596206,0.573791,0.616643,0.633888,0.519857,0.622718,0.686181,0.485354,0.632415,0.623372,0.629310,0.636517,0.618354,0.636583,0.629119,0.624427,0.738568,0.503143,0.530967,0.612972,0.673121,0.464246,0.646536,0.626032,0.580914,0.653131,0.742305,0.645567,0.568778,0.562199,0.631287,0.684075,0.613535,0.554156,0.593625,0.683308,0.614019,0.678495,0.417175,0.591923,0.597219,0.621680,0.628078,0.538589,0.643150,0.584885,0.564220,0.682070,0.634354,0.657131,0.692541,0.666340,0.653224,0.523112,1.000000,0.661469,0.688425,0.702323,0.673617,0.556099,0.579534,0.564595,0.465650,0.553997,0.646259,0.656982,0.526080,0.566114,0.296076,0.650636,0.378575,0.595832,0.550595,0.455628,0.688589,0.641016,0.638128,0.620688,0.559297,0.563145,0.562073,0.535724,0.673559,0.616157,0.623423,0.424680,0.588809,0.359697,0.624957,0.578913,0.663800,0.671601,0.687047,0.590721,0.578759,0.655017,0.592887,0.554734,0.493179,0.660790,0.443431,0.621415,0.576349,0.574193,0.658985,0.692829,0.511265,0.645194,0.533370,0.664006,0.680456
art_0671,0.592577,0.590215,0.645923,0.728772,0.531251,0.668693,0.618130,0.645873,0.621996,0.642308,0.501304,0.716292,0.602340,0.624563,0.400016,0.624601,0.517194,0.602702,0.603663,0.673632,0.704218,0.701512,0.630022,0.550163,0.714631,0.642440,0.668309,0.650839,0.644596,0.608810,0.671354,0.611201,0.559124,0.661870,0.587335,0.699046,0.602337,0.614301,0.632979,0.668565,0.612641,0.688247,0.582820,0.678267,0.619835,0.666224,0.497998,0.684483,0.601741,0.613648,0.627774,0.571084,0.572657,0.630792,0.548513,0.650880,0.647303,0.621149,0.685264,0.485036,0.609414,0.546409,0.566044,0.474040,0.604901,0.672037,0.664675,0.622970,0.494558,0.623905,0.636808,0.638052,0.661758,0.670657,0.626491,0.599333,0.691599,0.602370,0.607147,0.580555,0.722000,0.653153,0.647377,0.499174,0.642950,0.715628,0.639309,0.616011,0.689092,0.652057,0.584525,0.733475,0.664052,0.505474,0.614750,0.689632,0.549303,0.668789,0.697980,0.633935,0.662308,0.740439,0.697098,0.693394,0.662270,0.666745,0.578023,0.627804,0.673415,0.688681,0.597470,0.653845,0.611934,0.660642,0.697875,0.630155,0.652056,0.651568,0.507670,0.653588,0.639373,0.610697,0.639173,0.714106,0.598773,0.706199,0.700780,0.575227,0.670542,0.578894,0.671096,0.613801,0.639349,0.650153,0.680852,0.690515,0.674915,0.669299,0.652870,0.700079,0.627131,0.654380,0.601140,0.661469,1.000000,0.835749,0.713254,0.704267,0.617250,0.628686,0.673126,0.632348,0.622163,0.664297,0.703004,0.617171,0.680645,0.489393,0.704415,0.542139,0.629188,0.653282,0.509295,0.708832,0.660341,0.696494,0.687895,0.607593,0.634406,0.714577,0.613805,0.632275,0.641719,0.672435,0.536976,0.626860,0.578775,0.588117,0.634660,0.661945,0.735433,0.718933,0.630992,0.661945,0.688952,0.677494,0.661708,0.599197,0.672574,0.478159,0.599897,0.621952,0.624202,0.671017,0.720129,0.650580,0.642289,0.625477,0.723247,0.642243
art_0675,0.671968,0.608660,0.648847,0.748090,0.549923,0.622536,0.670755,0.633231,0.621946,0.677810,0.596128,0.672808,0.598668,0.616219,0.417515,0.638662,0.575549,0.584814,0.606497,0.700800,0.729568,0.775232,0.683892,0.564651,0.794283,0.653209,0.669884,0.729220,0.678995,0.688572,0.718652,0.608642,0.603972,0.643028,0.667499,0.709009,0.605719,0.588784,0.689588,0.654905,0.688099,0.683828,0.537082,0.726943,0.737794,0.686842,0.564474,0.718234,0.575053,0.609524,0.655395,0.575541,0.653203,0.619635,0.496197,0.680918,0.683037,0.673443,0.739371,0.477223,0.613068,0.579858,0.604507,0.512925,0.564650,0.675164,0.686190,0.635443,0.453527,0.642992,0.612196,0.662128,0.691462,0.643941,0.619475,0.611340,0.692476,0.542252,0.675644,0.617627,0.793655,0.642097,0.660221,0.524913,0.664608,0.656733,0.711813,0.669266,0.672618,0.664101,0.612935,0.662834,0.676736,0.506220,0.693380,0.692541,0.544659,0.696163,0.724368,0.696681,0.711226,0.767927,0.715065,0.723731,0.666925,0.710732,0.571698,0.646432,0.679133,0.747586,0.565593,0.656572,0.632422,0.707897,0.685151,0.685159,0.692852,0.689295,0.509903,0.695982,0.697377,0.643464,0.635412,0.679748,0.673624,0.644447,0.685972,0.552421,0.659125,0.673104,0.718594,0.710114,0.648818,0.633303,0.695786,0.685185,0.674533,0.766587,0.756635,0.710710,0.627169,0.675420,0.592615,0.688425,0.835749,1.000000,0.758864,0.736410,0.663749,0.595226,0.711462,0.606848,0.594549,0.703142,0.753824,0.606499,0.717505,0.480514,0.751846,0.501043,0.709445,0.670549,0.478382,0.705560,0.699436,0.689479,0.715156,0.635102,0.649868,0.695162,0.655002,0.659955,0.653502,0.644017,0.514952,0.646343,0.543832,0.633028,0.667157,0.731894,0.784357,0.768404,0.634103,0.614355,0.722684,0.713867,0.713969,0.621537,0.718042,0.468310,0.660554,0.640513,0.600035,0.713751,0.749000,0.599016,0.610296,0.614305,0.752064,0.698446
art_0680,0.658258,0.684135,0.612091,0.770580,0.602657,0.657616,0.726326,0.584761,0.519795,0.601685,0.507283,0.631815,0.510993,0.537735,0.409506,0.579837,0.559943,0.543467,0.490848,0.673147,0.741235,0.700917,0.676002,0.565574,0.721602,0.682576,0.703765,0.737617,0.576916,0.541739,0.561929,0.629615,0.527350,0.558396,0.585066,0.740688,0.544151,0.652106,0.663789,0.601072,0.571121,0.733310,0.519584,0.724364,0.591230,0.667105,0.396735,0.686184,0.638716,0.507623,0.563193,0.625144,0.622235,0.470323,0.504367,0.686270,0.552971,0.561090,0.738840,0.396383,0.549573,0.618096,0.609550,0.453155,0.516837,0.579809,0.608943,0.546503,0.423913,0.571631,0.611881,0.565646,0.625587,0.578696,0.645741,0.525123,0.603857,0.508016,0.531962,0.591174,0.717880,0.705128,0.619635,0.459525,0.651802,0.660643,0.568621,0.658843,0.559133,0.686590,0.506639,0.708784,0.678156,0.446602,0.643003,0.764200,0.490509,0.698543,0.612500,0.679876,0.584061,0.731891,0.634723,0.677553,0.682200,0.751358,0.515430,0.621290,0.684206,0.701049,0.502851,0.642891,0.638931,0.541395,0.669088,0.693374,0.746052,0.609056,0.610296,0.699391,0.716448,0.704389,0.581459,0.699734,0.642705,0.634431,0.690241,0.457404,0.621739,0.592077,0.691605,0.581685,0.528682,0.607524,0.673243,0.655714,0.712781,0.709353,0.723969,0.737557,0.692551,0.677588,0.558925,0.702323,0.713254,0.758864,1.000000,0.713411,0.560546,0.576079,0.639520,0.538700,0.580646,0.712976,0.701753,0.595836,0.601087,0.452682,0.672561,0.487452,0.637062,0.577881,0.404665,0.677819,0.635790,0.743083,0.580723,0.555245,0.634096,0.695098,0.551958,0.665500,0.615863,0.644322,0.419350,0.733433,0.431092,0.673105,0.542724,0.658453,0.719820,0.731774,0.623894,0.550308,0.712071,0.646648,0.616469,0.512287,0.676183,0.454721,0.651978,0.552706,0.602025,0.728142,0.759588,0.509208,0.632223,0.525279,0.777001,0.683354
art_0685,0.698801,0.674023,0.625650,0.693636,0.534531,0.615825,0.669270,0.604185,0.551891,0.574005,0.553351,0.669487,0.505144,0.536877,0.341770,0.541211,0.495264,0.573652,0.515618,0.703581,0.627888,0.666136,0.665692,0.561870,0.732993,0.631468,0.630191,0.685157,0.512915,0.486476,0.572761,0.605629,0.491609,0.563401,0.598753,0.746872,0.455766,0.631810,0.616697,0.618013,0.572389,0.670847,0.541134,0.649042,0.556798,0.631631,0.471422,0.655084,0.570674,0.503671,0.519042,0.554038,0.530502,0.520474,0.419643,0.557029,0.518061,0.580070,0.644123,0.329927,0.485491,0.588621,0.609144,0.494665,0.614061,0.584431,0.624401,0.518181,0.387042,0.638876,0.579757,0.557379,0.642821,0.626079,0.703502,0.506641,0.588766,0.500415,0.593472,0.539801,0.728699,0.660019,0.648117,0.413611,0.704928,0.657825,0.523353,0.587768,0.595779,0.626619,0.481615,0.654496,0.647114,0.470080,0.652527,0.690482,0.493470,0.628241,0.551224,0.591763,0.583778,0.660602,0.631254,0.632264,0.592995,0.707049,0.473925,0.607184,0.623312,0.687438,0.505172,0.599966,0.665366,0.615613,0.657530,0.672687,0.628035,0.500726,0.453389,0.666643,0.664023,0.615588,0.544799,0.682888,0.588539,0.624964,0.657684,0.479056,0.571922,0.614709,0.652232,0.634418,0.561634,0.644238,0.643774,0.668353,0.684910,0.671583,0.732214,0.679953,0.690597,0.654212,0.536315,0.673617,0.704267,0.736410,0.713411,1.000000,0.603502,0.583988,0.627901,0.529326,0.553667,0.619785,0.609141,0.562977,0.536848,0.378554,0.695345,0.444623,0.580393,0.547229,0.499445,0.678953,0.576845,0.673706,0.584689,0.586124,0.548827,0.636882,0.519454,0.631300,0.581016,0.617841,0.475624,0.649431,0.435151,0.640187,0.554656,0.622743,0.706352,0.706652,0.605162,0.544541,0.654009,0.528784,0.560964,0.535152,0.670476,0.376012,0.654713,0.663878,0.541614,0.703844,0.674819,0.602161,0.628531,0.555888,0.680844,0.690194
art_0689,0.519083,0.469137,0.542990,0.623281,0.489957,0.536275,0.530602,0.560477,0.502504,0.662670,0.564103,0.631017,0.575467,0.605358,0.481410,0.619131,0.587451,0.572885,0.508031,0.531035,0.570888,0.642778,0.587308,0.519331,0.674781,0.554739,0.508977,0.620549,0.586620,0.624106,0.615640,0.543842,0.621467,0.604741,0.690944,0.623520,0.688923,0.478103,0.579672,0.567201,0.628650,0.613513,0.616165,0.597613,0.595058,0.564838,0.574678,0.591861,0.494408,0.534061,0.515971,0.524570,0.619803,0.545246,0.446510,0.599591,0.643278,0.671641,0.599899,0.471783,0.527210,0.568952,0.511173,0.585326,0.530945,0.627925,0.705579,0.625534,0.579875,0.619910,0.546689,0.714052,0.597726,0.633224,0.563670,0.560016,0.676780,0.551545,0.634352,0.591399,0.660251,0.558564,0.637594,0.519713,0.570866,0.544457,0.608984,0.600369,0.528123,0.588913,0.662047,0.583759,0.669191,0.435696,0.544567,0.562843,0.594169,0.605738,0.650801,0.568604,0.584460,0.623163,0.610465,0.620883,0.532796,0.599737,0.545111,0.613311,0.525947,0.651063,0.683195,0.628637,0.623794,0.662199,0.607360,0.585013,0.629354,0.658254,0.417075,0.572166,0.558763,0.525929,0.669301,0.598140,0.599457,0.593165,0.618194,0.498451,0.674743,0.560034,0.623471,0.689120,0.589656,0.560881,0.650498,0.614120,0.623405,0.629659,0.636665,0.571980,0.515604,0.620311,0.600207,0.556099,0.617250,0.663749,0.560546,0.603502,1.000000,0.579747,0.705879,0.632042,0.515518,0.577615,0.680348,0.518425,0.649835,0.571159,0.652048,0.468323,0.664041,0.584768,0.493107,0.572606,0.589616,0.589776,0.733854,0.708943,0.607460,0.666163,0.674592,0.550195,0.692007,0.648499,0.651649,0.566102,0.605333,0.494587,0.630219,0.641666,0.665835,0.636652,0.553469,0.582044,0.659774,0.623614,0.697480,0.713993,0.621301,0.462557,0.646112,0.612605,0.655664,0.569380,0.593327,0.643601,0.506664,0.659872,0.636778,0.618521
art_0694,0.465726,0.520796,0.663140,0.540982,0.567369,0.548540,0.505087,0.686797,0.608163,0.603351,0.563526,0.687377,0.545089,0.605757,0.520614,0.541416,0.465610,0.595185,0.618286,0.545011,0.613443,0.559791,0.617207,0.591633,0.648998,0.574012,0.605354,0.534569,0.604319,0.581651,0.663805,0.601569,0.503099,0.633761,0.463472,0.639922,0.569301,0.584373,0.499938,0.581312,0.515663,0.528779,0.551295,0.559633,0.625229,0.615110,0.376541,0.438094,0.515000,0.595283,0.510553,0.426803,0.474603,0.634338,0.411945,0.622967,0.554502,0.483071,0.485376,0.555319,0.607553,0.452106,0.563417,0.515811,0.711055,0.705081,0.621406,0.561574,0.486190,0.679447,0.557985,0.521621,0.706680,0.562235,0.551816,0.530614,0.646307,0.613346,0.548355,0.554038,0.587105,0.678712,0.576460,0.490711,0.600634,0.542709,0.566066,0.574142,0.526568,0.513058,0.568203,0.641338,0.614875,0.610485,0.606250,0.600072,0.548814,0.548539,0.630899,0.519915,0.700043,0.611480,0.522120,0.545269,0.568146,0.550642,0.454837,0.527207,0.515218,0.570119,0.506541,0.620418,0.634872,0.640800,0.590641,0.606818,0.469702,0.550607,0.447548,0.515540,0.581882,0.514078,0.518288,0.495730,0.591477,0.509953,0.671163,0.571568,0.604293,0.602045,0.521009,0.512684,0.571048,0.543204,0.551217,0.571041,0.592094,0.526195,0.525721,0.524441,0.556245,0.532355,0.613843,0.579534,0.628686,0.595226,0.576079,0.583988,0.579747,1.000000,0.598979,0.570809,0.637024,0.623087,0.535282,0.530389,0.591844,0.433921,0.667897,0.457154,0.614296,0.439388,0.722337,0.532615,0.599310,0.466594,0.602369,0.495195,0.598517,0.592873,0.584519,0.467436,0.568309,0.575725,0.480503,0.479765,0.497762,0.444310,0.642324,0.482775,0.570534,0.605724,0.611404,0.604956,0.547492,0.557433,0.587657,0.489418,0.526093,0.465134,0.562712,0.690396,0.514149,0.534368,0.540697,0.603150,0.554844,0.602740,0.506210,0.556405
art_0699,0.560611,0.480706,0.554605,0.670447,0.487410,0.545135,0.544636,0.549861,0.541116,0.701542,0.557264,0.665509,0.504291,0.662368,0.455307,0.554927,0.609163,0.651305,0.519309,0.543992,0.614931,0.681091,0.643800,0.484732,0.757835,0.538743,0.580470,0.649920,0.646497,0.601546,0.690181,0.584030,0.621855,0.637321,0.633598,0.646474,0.632103,0.510103,0.681584,0.608739,0.641424,0.657394,0.608902,0.653974,0.624533,0.621940,0.577167,0.636685,0.529117,0.494779,0.637066,0.525057,0.668938,0.638314,0.452529,0.651394,0.666836,0.686542,0.623225,0.519523,0.597770,0.617759,0.530585,0.547360,0.594897,0.635236,0.717205,0.619470,0.533957,0.709120,0.563975,0.691846,0.601118,0.615763,0.598678,0.599516,0.725756,0.455928,0.743668,0.533408,0.744217,0.561149,0.615652,0.467121,0.669080,0.550648,0.635839,0.592096,0.527676,0.604659,0.592675,0.610019,0.577877,0.397307,0.567911,0.589399,0.601207,0.684134,0.703408,0.615134,0.620610,0.689312,0.580109,0.662617,0.612487,0.649834,0.537612,0.607220,0.633651,0.641445,0.652598,0.577419,0.662507,0.667821,0.659814,0.611528,0.591105,0.633534,0.380694,0.561644,0.627590,0.560207,0.647345,0.618696,0.566376,0.537508,0.646749,0.530095,0.653993,0.569321,0.623146,0.719572,0.617205,0.502346,0.687755,0.622039,0.604712,0.709849,0.616935,0.580175,0.454438,0.517908,0.569537,0.564595,0.673126,0.711462,0.639520,0.627901,0.705879,0.598979,1.000000,0.635134,0.554357,0.635974,0.681381,0.554650,0.661924,0.521599,0.669456,0.480833,0.656266,0.570779,0.492532,0.540904,0.635877,0.584361,0.714934,0.720603,0.572418,0.683916,0.651698,0.563686,0.629584,0.612665,0.591247,0.495390,0.676986,0.457054,0.648398,0.648562,0.677407,0.649089,0.591915,0.555551,0.626490,0.683073,0.651284,0.674808,0.675978,0.373661,0.587833,0.680851,0.696712,0.571992,0.656633,0.619844,0.518593,0.691372,0.683951,0.605287
art_0703,0.455847,0.455890,0.526966,0.600511,0.456008,0.604007,0.454494,0.506941,0.422739,0.486749,0.487458,0.642960,0.584512,0.541950,0.527126,0.535632,0.520781,0.618075,0.487608,0.480503,0.571919,0.555668,0.538240,0.472914,0.623373,0.481740,0.539178,0.565503,0.511177,0.535973,0.578727,0.525067,0.571934,0.560046,0.548740,0.610545,0.640601,0.508146,0.614995,0.545005,0.589221,0.602407,0.603030,0.597662,0.532057,0.562874,0.447442,0.599059,0.477052,0.455554,0.501179,0.499606,0.511351,0.544038,0.487258,0.601461,0.541435,0.559477,0.633225,0.473904,0.523907,0.485302,0.385253,0.496893,0.536955,0.574015,0.585118,0.597660,0.516648,0.620844,0.540645,0.646014,0.588724,0.513118,0.527045,0.514792,0.600013,0.523430,0.550461,0.497963,0.611767,0.494153,0.581435,0.456270,0.646324,0.527549,0.591723,0.567750,0.520965,0.580649,0.519360,0.530833,0.550454,0.393727,0.492692,0.513848,0.600356,0.645563,0.620144,0.529935,0.548732,0.608446,0.603478,0.560466,0.603808,0.575143,0.518700,0.584288,0.484875,0.571574,0.647336,0.553762,0.468884,0.623672,0.552276,0.521445,0.583937,0.630175,0.405063,0.556809,0.445309,0.495986,0.583527,0.612743,0.469844,0.484584,0.643689,0.506323,0.628252,0.467835,0.571127,0.617783,0.489841,0.450067,0.583671,0.622723,0.532507,0.575858,0.551425,0.586383,0.460351,0.550940,0.578908,0.465650,0.632348,0.606848,0.538700,0.529326,0.632042,0.570809,0.635134,1.000000,0.511142,0.591367,0.555053,0.534244,0.559771,0.594006,0.589273,0.530023,0.558344,0.517565,0.491758,0.513896,0.564034,0.583740,0.651768,0.597767,0.572251,0.694216,0.608259,0.516385,0.544242,0.589627,0.540045,0.573747,0.621600,0.424061,0.530313,0.554171,0.575561,0.587988,0.572464,0.489856,0.602236,0.601264,0.591504,0.651847,0.529513,0.384542,0.492711,0.608615,0.583017,0.581511,0.608008,0.614345,0.474926,0.583861,0.601801,0.512887
art_0708,0.500755,0.541723,0.580105,0.614302,0.564034,0.558549,0.563861,0.586596,0.564089,0.545792,0.494287,0.608993,0.476720,0.569529,0.355429,0.548969,0.484141,0.558232,0.586536,0.519422,0.582165,0.608807,0.656027,0.490521,0.634306,0.605890,0.635267,0.552379,0.605139,0.532162,0.643888,0.565041,0.491552,0.670222,0.422054,0.573985,0.496099,0.561947,0.567245,0.629453,0.524979,0.504387,0.631956,0.627715,0.615547,0.660765,0.378388,0.549905,0.516309,0.672300,0.549616,0.446381,0.479949,0.579828,0.450370,0.607591,0.532909,0.502602,0.541454,0.582790,0.609513,0.449014,0.565102,0.510942,0.561921,0.662865,0.539036,0.556707,0.488581,0.638574,0.579623,0.574762,0.600953,0.600163,0.493027,0.561563,0.587577,0.513997,0.530193,0.480261,0.598557,0.566955,0.548992,0.448612,0.566306,0.620376,0.592363,0.651490,0.551072,0.500103,0.508868,0.651577,0.587743,0.504543,0.516003,0.669324,0.506483,0.609874,0.637542,0.543194,0.675009,0.656327,0.586307,0.568536,0.582956,0.526762,0.464795,0.570527,0.653436,0.600280,0.501965,0.559869,0.544266,0.599534,0.504900,0.619829,0.500361,0.550137,0.455886,0.457556,0.595773,0.608039,0.566017,0.543230,0.577355,0.521364,0.682096,0.557407,0.546582,0.632959,0.532700,0.507825,0.607686,0.604499,0.600389,0.634521,0.594005,0.530447,0.453077,0.528865,0.558552,0.498296,0.537524,0.553997,0.622163,0.594549,0.580646,0.553667,0.515518,0.637024,0.554357,0.511142,1.000000,0.595807,0.471383,0.598759,0.612828,0.485331,0.599026,0.484633,0.589396,0.539535,0.530846,0.571696,0.661400,0.565747,0.566126,0.501743,0.620378,0.651585,0.552337,0.513380,0.484254,0.582058,0.487335,0.504188,0.559737,0.499503,0.587159,0.484613,0.676422,0.611302,0.659800,0.629634,0.601508,0.576791,0.541804,0.487560,0.514469,0.411264,0.519087,0.523192,0.534552,0.551331,0.617391,0.635452,0.584163,0.625326,0.560510,0.506796
art_0713,0.618384,0.610220,0.640720,0.723821,0.590143,0.645051,0.668096,0.578151,0.512685,0.624621,0.521292,0.633417,0.578881,0.578064,0.380526,0.544515,0.519238,0.567906,0.631482,0.594797,0.680542,0.751218,0.690004,0.580670,0.742994,0.642481,0.709785,0.686140,0.676721,0.637477,0.688542,0.692942,0.596490,0.629227,0.665280,0.697020,0.584148,0.641284,0.676516,0.634923,0.582243,0.677018,0.551835,0.754857,0.635175,0.674373,0.386151,0.597780,0.577013,0.570212,0.559778,0.575654,0.595235,0.544562,0.456322,0.654467,0.597319,0.614955,0.686841,0.423717,0.548601,0.645061,0.650514,0.500323,0.513526,0.562521,0.579254,0.587942,0.503148,0.589418,0.587490,0.619558,0.601147,0.522426,0.614936,0.496567,0.622019,0.610346,0.597424,0.503510,0.732596,0.639582,0.611133,0.504328,0.601489,0.670609,0.571459,0.681105,0.519053,0.654800,0.539663,0.647272,0.625409,0.468267,0.615694,0.728997,0.506645,0.734668,0.650017,0.713272,0.676580,0.711866,0.618181,0.726693,0.705394,0.750163,0.493814,0.576651,0.615085,0.725313,0.438951,0.616710,0.625869,0.590719,0.653505,0.708331,0.636517,0.620084,0.609485,0.705027,0.656863,0.651642,0.574306,0.599008,0.628902,0.549439,0.711096,0.495795,0.589893,0.577618,0.638676,0.672626,0.556197,0.557615,0.636633,0.605539,0.662069,0.735698,0.634285,0.695397,0.659168,0.685261,0.574497,0.646259,0.664297,0.703142,0.712976,0.619785,0.577615,0.623087,0.635974,0.591367,0.595807,1.000000,0.709097,0.585043,0.635469,0.461499,0.678603,0.444224,0.636097,0.539828,0.424323,0.650447,0.624720,0.666010,0.656692,0.560192,0.648351,0.663744,0.564124,0.618300,0.582363,0.589762,0.410865,0.570863,0.488580,0.612954,0.600181,0.685478,0.743638,0.721376,0.682476,0.572408,0.673974,0.688622,0.612514,0.500325,0.647323,0.469813,0.603586,0.602305,0.574420,0.696211,0.781809,0.539682,0.560302,0.572878,0.711864,0.710631
art_0717,0.602545,0.564521,0.547306,0.710901,0.498434,0.608237,0.581000,0.569281,0.474991,0.623594,0.497842,0.656298,0.572393,0.579178,0.464774,0.615595,0.483964,0.544768,0.495250,0.584690,0.670054,0.679077,0.585980,0.484136,0.686156,0.652715,0.641695,0.667843,0.581341,0.707754,0.614968,0.608942,0.644185,0.561481,0.709011,0.732553,0.676467,0.585975,0.626587,0.629040,0.594396,0.744534,0.526568,0.677686,0.551622,0.562752,0.523481,0.636366,0.650422,0.492566,0.543667,0.595843,0.595325,0.531591,0.464087,0.588456,0.604004,0.628733,0.749727,0.406152,0.557287,0.625242,0.517562,0.538389,0.485336,0.560788,0.657605,0.610284,0.553236,0.558821,0.624675,0.614817,0.553628,0.582564,0.618354,0.584540,0.628625,0.576811,0.558045,0.545635,0.681326,0.667093,0.597822,0.514654,0.593186,0.592171,0.584332,0.602342,0.513591,0.751976,0.622471,0.627619,0.664162,0.416498,0.536346,0.619322,0.535626,0.705165,0.649655,0.688250,0.542872,0.706047,0.606889,0.680135,0.634556,0.752939,0.548564,0.627841,0.629228,0.650091,0.582387,0.645706,0.641870,0.598098,0.724372,0.661556,0.729678,0.652617,0.557511,0.748052,0.605658,0.592342,0.643901,0.686358,0.618489,0.709995,0.616722,0.452617,0.622772,0.518245,0.675184,0.667258,0.532435,0.558453,0.669169,0.602360,0.660880,0.663189,0.697417,0.723676,0.598141,0.704369,0.535474,0.656982,0.703004,0.753824,0.701753,0.609141,0.680348,0.535282,0.681381,0.555053,0.471383,0.709097,1.000000,0.576753,0.664330,0.434187,0.673534,0.419557,0.587787,0.655588,0.409866,0.677740,0.607948,0.709239,0.658294,0.638702,0.596656,0.700708,0.542449,0.638227,0.758273,0.607799,0.510827,0.629580,0.519938,0.608441,0.574597,0.729107,0.711392,0.710577,0.597139,0.557187,0.728676,0.684761,0.706262,0.625512,0.708575,0.559942,0.627616,0.577212,0.647615,0.648354,0.753770,0.508810,0.588714,0.619894,0.759912,0.731985
art_0722,0.617362,0.612948,0.525357,0.576899,0.514295,0.595879,0.632422,0.509484,0.496650,0.463355,0.478030,0.586142,0.533730,0.544513,0.435488,0.579565,0.476277,0.495111,0.497574,0.532475,0.578004,0.574845,0.594859,0.456246,0.631876,0.614726,0.568211,0.519477,0.544541,0.547554,0.584152,0.511180,0.562210,0.558042,0.520944,0.580883,0.526279,0.508255,0.514600,0.574609,0.519070,0.567894,0.477890,0.579174,0.508417,0.582501,0.464424,0.520164,0.606339,0.499187,0.435674,0.460643,0.470796,0.509181,0.462691,0.596196,0.526273,0.585538,0.577195,0.465088,0.454710,0.496707,0.554528,0.508912,0.531370,0.564539,0.562015,0.571894,0.486534,0.589861,0.569958,0.588416,0.546995,0.548472,0.523789,0.435811,0.514363,0.505253,0.542994,0.641367,0.583097,0.590111,0.557854,0.383727,0.535370,0.636042,0.563788,0.655933,0.536255,0.573218,0.502063,0.616281,0.652025,0.508523,0.461196,0.652893,0.453121,0.550827,0.561692,0.556278,0.575883,0.652025,0.593889,0.536435,0.580890,0.583507,0.441047,0.595861,0.578944,0.639998,0.502678,0.630116,0.613180,0.539120,0.577084,0.557470,0.574141,0.541405,0.428983,0.557434,0.638304,0.605480,0.505077,0.581267,0.486016,0.492591,0.659359,0.559661,0.510650,0.549248,0.520133,0.535000,0.572082,0.650314,0.506113,0.557332,0.591478,0.511357,0.497353,0.554507,0.576005,0.542700,0.549815,0.526080,0.617171,0.606499,0.595836,0.562977,0.518425,0.530389,0.554650,0.534244,0.598759,0.585043,0.576753,1.000000,0.616917,0.460148,0.608695,0.456605,0.552563,0.477004,0.478208,0.539646,0.574886,0.586054,0.509180,0.491266,0.641303,0.605216,0.499204,0.574464,0.552581,0.585317,0.462060,0.526431,0.520546,0.442363,0.556593,0.533764,0.605238,0.606328,0.555465,0.504973,0.628043,0.535417,0.563716,0.548085,0.530746,0.515574,0.575322,0.508530,0.488740,0.589457,0.640022,0.593491,0.538058,0.576704,0.557229,0.610537
art_0727,0.569592,0.519483,0.619667,0.643957,0.475621,0.541098,0.589892,0.625412,0.596482,0.666520,0.551190,0.584174,0.536878,0.625222,0.368925,0.609771,0.485913,0.520175,0.599041,0.556480,0.648923,0.683689,0.565727,0.495703,0.649673,0.667257,0.643162,0.631766,0.709658,0.715522,0.640114,0.522586,0.571405,0.656964,0.528941,0.617924,0.650881,0.488457,0.652282,0.642432,0.651160,0.574988,0.518457,0.644338,0.655292,0.670376,0.559973,0.607964,0.555325,0.678199,0.548178,0.416450,0.509090,0.653627,0.476760,0.552792,0.632940,0.664704,0.657028,0.497122,0.601349,0.441179,0.578244,0.481179,0.526251,0.680346,0.691466,0.607450,0.467608,0.608995,0.548738,0.662013,0.624973,0.582561,0.533555,0.569541,0.699822,0.503827,0.617527,0.561494,0.645954,0.579221,0.593692,0.449462,0.553201,0.619846,0.607324,0.618573,0.610406,0.608263,0.590240,0.611755,0.666979,0.562965,0.570937,0.608200,0.486416,0.611366,0.717749,0.547739,0.657794,0.653805,0.611027,0.626695,0.542477,0.571002,0.499699,0.532104,0.615188,0.665687,0.555257,0.617451,0.616259,0.619397,0.604901,0.613869,0.605159,0.629021,0.417289,0.575262,0.645017,0.601003,0.608248,0.553008,0.685742,0.591111,0.653874,0.587618,0.629681,0.676320,0.562244,0.606797,0.690530,0.618355,0.674459,0.618209,0.631060,0.652954,0.622377,0.576567,0.497638,0.589387,0.626164,0.566114,0.680645,0.717505,0.601087,0.536848,0.649835,0.591844,0.661924,0.559771,0.612828,0.635469,0.664330,0.616917,1.000000,0.529084,0.703957,0.434793,0.640480,0.601537,0.523810,0.634677,0.708033,0.576469,0.683492,0.641807,0.617705,0.683584,0.628955,0.524703,0.655729,0.560831,0.541293,0.524880,0.608082,0.534269,0.638074,0.613271,0.739532,0.686763,0.544727,0.614879,0.658989,0.666889,0.738197,0.606386,0.605682,0.461615,0.606371,0.562202,0.608282,0.615801,0.665073,0.627462,0.608721,0.621531,0.639646,0.572418
art_0731,0.338385,0.340743,0.447372,0.511114,0.388907,0.522437,0.367415,0.411548,0.353691,0.496786,0.364348,0.462659,0.486175,0.473670,0.412078,0.505496,0.615110,0.485207,0.396100,0.332567,0.470329,0.475399,0.519039,0.376581,0.520334,0.359253,0.525357,0.454821,0.478379,0.436159,0.463294,0.457070,0.457087,0.440507,0.410234,0.395665,0.551026,0.287916,0.501185,0.408388,0.564618,0.443591,0.535066,0.454172,0.486066,0.516636,0.391877,0.445746,0.344690,0.380385,0.442648,0.370895,0.507764,0.461351,0.534866,0.604586,0.533068,0.517865,0.508990,0.539713,0.474176,0.416693,0.298020,0.515273,0.393173,0.511589,0.545292,0.552381,0.554911,0.556423,0.466060,0.664584,0.451989,0.375188,0.367159,0.384203,0.472215,0.297616,0.596093,0.472472,0.459167,0.300365,0.491598,0.316755,0.397159,0.377522,0.576599,0.496035,0.473692,0.459173,0.506417,0.410243,0.482439,0.344687,0.418543,0.444767,0.541562,0.559534,0.527772,0.347868,0.387731,0.547408,0.469431,0.456560,0.538943,0.336065,0.439775,0.540072,0.475904,0.505385,0.576169,0.454395,0.424129,0.449608,0.367318,0.350999,0.514294,0.529268,0.257187,0.362393,0.386730,0.474010,0.450715,0.487206,0.389727,0.337676,0.508138,0.385993,0.471590,0.478339,0.461936,0.445846,0.438979,0.360935,0.541713,0.564163,0.457544,0.447480,0.416591,0.420483,0.292404,0.379136,0.450268,0.296076,0.489393,0.480514,0.452682,0.378554,0.571159,0.433921,0.521599,0.594006,0.485331,0.461499,0.434187,0.460148,0.529084,1.000000,0.499511,0.583562,0.530913,0.373133,0.331372,0.391334,0.494057,0.519224,0.501531,0.553373,0.510635,0.584162,0.595146,0.408744,0.470471,0.488411,0.515530,0.541066,0.626074,0.321738,0.543051,0.441368,0.485770,0.503444,0.450123,0.422865,0.537940,0.529768,0.575310,0.471402,0.440203,0.301825,0.442624,0.401790,0.524166,0.469452,0.506923,0.477246,0.320825,0.543197,0.515699,0.425944
art_0736,0.652272,0.620988,0.634753,0.701270,0.572407,0.606458,0.635655,0.661292,0.666153,0.686070,0.582700,0.701336,0.563354,0.665353,0.440653,0.563277,0.618516,0.592124,0.618399,0.587828,0.685784,0.670598,0.670842,0.539155,0.754674,0.681977,0.659997,0.698585,0.621472,0.652072,0.660000,0.577821,0.602893,0.662192,0.602883,0.699795,0.661786,0.586970,0.600728,0.618914,0.669660,0.610498,0.566900,0.636298,0.675999,0.647715,0.515283,0.582992,0.608566,0.583761,0.576961,0.504996,0.596916,0.629729,0.387202,0.658027,0.594574,0.617795,0.627446,0.545173,0.607934,0.573000,0.666093,0.633611,0.618536,0.718789,0.617988,0.600032,0.557697,0.663068,0.620111,0.659235,0.705612,0.649549,0.639688,0.627745,0.591408,0.567882,0.638510,0.634376,0.730697,0.662864,0.661354,0.467228,0.631110,0.693502,0.601892,0.631757,0.571822,0.622530,0.635203,0.648073,0.694734,0.590395,0.680791,0.640177,0.507468,0.644689,0.645080,0.601130,0.631238,0.704548,0.602536,0.594682,0.584031,0.656957,0.439331,0.580488,0.573966,0.711274,0.585443,0.642480,0.680523,0.668257,0.639706,0.704405,0.619101,0.569218,0.494630,0.598890,0.676688,0.600822,0.599877,0.597793,0.627341,0.588829,0.678151,0.517378,0.642725,0.669000,0.644110,0.652469,0.616777,0.602065,0.639727,0.669884,0.698768,0.658203,0.696271,0.646170,0.598956,0.614166,0.574394,0.650636,0.704415,0.751846,0.672561,0.695345,0.652048,0.667897,0.669456,0.589273,0.599026,0.678603,0.673534,0.608695,0.703957,0.499511,1.000000,0.493892,0.681460,0.564967,0.572287,0.660048,0.644292,0.633231,0.612197,0.603690,0.671979,0.658354,0.582575,0.629465,0.659036,0.655853,0.557474,0.560950,0.587507,0.534184,0.620659,0.631559,0.716244,0.701828,0.610375,0.647970,0.637093,0.546552,0.668318,0.569907,0.657092,0.452320,0.708300,0.695407,0.602179,0.655376,0.678363,0.654777,0.666348,0.651512,0.621484,0.696576
art_0741,0.361509,0.366674,0.396067,0.511677,0.400866,0.479598,0.411028,0.423947,0.465701,0.461574,0.363027,0.477195,0.424443,0.501268,0.423548,0.451024,0.486176,0.487251,0.404170,0.431345,0.480542,0.514573,0.487566,0.329980,0.551272,0.434180,0.507786,0.484542,0.522754,0.414202,0.458338,0.400434,0.574981,0.440851,0.429508,0.422089,0.497821,0.333665,0.480943,0.431409,0.461909,0.438231,0.472642,0.454031,0.500242,0.510427,0.335972,0.461978,0.356475,0.369228,0.378771,0.369588,0.453534,0.483471,0.510885,0.591397,0.467749,0.421622,0.456241,0.457641,0.452254,0.354258,0.345260,0.440589,0.430987,0.526987,0.479094,0.596254,0.482987,0.541357,0.479448,0.605217,0.488987,0.425450,0.330447,0.383160,0.420083,0.387161,0.517308,0.445106,0.564249,0.429949,0.469025,0.391449,0.420987,0.399488,0.518176,0.523790,0.481363,0.375304,0.430530,0.480773,0.428513,0.354038,0.527140,0.449372,0.452115,0.565175,0.597512,0.382841,0.445102,0.534847,0.514989,0.447536,0.566765,0.384008,0.531916,0.488028,0.465622,0.495490,0.490842,0.459118,0.442873,0.446749,0.422834,0.376859,0.489118,0.545860,0.313323,0.466493,0.484279,0.469584,0.445539,0.476561,0.392346,0.368651,0.523807,0.426765,0.506084,0.451075,0.522658,0.434217,0.428768,0.357187,0.471397,0.512793,0.390049,0.456032,0.409108,0.501986,0.307317,0.416797,0.457495,0.378575,0.542139,0.501043,0.487452,0.444623,0.468323,0.457154,0.480833,0.530023,0.484633,0.444224,0.419557,0.456605,0.434793,0.583562,0.493892,1.000000,0.509005,0.388685,0.315180,0.451077,0.489986,0.551728,0.468173,0.460158,0.457741,0.539478,0.509736,0.426188,0.449808,0.540150,0.425504,0.575654,0.517973,0.359141,0.540017,0.441295,0.497268,0.539658,0.393428,0.499583,0.539842,0.532471,0.557342,0.417865,0.462043,0.339164,0.411846,0.426851,0.468658,0.437983,0.483191,0.477648,0.308195,0.433656,0.469095,0.420090
art_0745,0.571128,0.522501,0.551051,0.694668,0.587542,0.548324,0.563752,0.594636,0.573370,0.661568,0.529386,0.620261,0.552858,0.594929,0.396096,0.597534,0.584599,0.530463,0.559229,0.539188,0.648123,0.684745,0.642702,0.528991,0.727052,0.567612,0.608448,0.681164,0.685492,0.627699,0.655418,0.531633,0.512339,0.640068,0.595948,0.594471,0.596790,0.482095,0.600985,0.570067,0.625341,0.552999,0.577357,0.588235,0.667323,0.657077,0.458764,0.542132,0.473479,0.591312,0.611225,0.474118,0.587581,0.585106,0.475571,0.682574,0.719176,0.658665,0.612315,0.546618,0.535869,0.516268,0.580498,0.550244,0.513336,0.645101,0.633340,0.563718,0.465534,0.614636,0.535562,0.649341,0.616905,0.553376,0.510035,0.539058,0.585947,0.490621,0.636808,0.547456,0.669662,0.544627,0.562703,0.444667,0.526684,0.551222,0.638129,0.704650,0.540222,0.546635,0.654097,0.560793,0.605629,0.522260,0.648774,0.659374,0.509157,0.616919,0.677915,0.556356,0.667659,0.652994,0.593102,0.633298,0.635085,0.542803,0.526664,0.592774,0.615947,0.691333,0.580406,0.611684,0.553225,0.624777,0.564158,0.578866,0.639454,0.642832,0.442124,0.576642,0.629993,0.597101,0.598101,0.553176,0.636750,0.508653,0.630620,0.480290,0.668916,0.586384,0.657558,0.627575,0.605012,0.557950,0.645499,0.673096,0.643820,0.683626,0.640092,0.620443,0.513151,0.546090,0.586047,0.595832,0.629188,0.709445,0.637062,0.580393,0.664041,0.614296,0.656266,0.558344,0.589396,0.636097,0.587787,0.552563,0.640480,0.530913,0.681460,0.509005,1.000000,0.531798,0.452585,0.598734,0.627002,0.610688,0.625153,0.621484,0.595806,0.622690,0.648565,0.568462,0.562820,0.634405,0.514330,0.562513,0.593816,0.488526,0.758832,0.645694,0.671751,0.706733,0.557904,0.589827,0.638295,0.668200,0.639091,0.600465,0.639397,0.410054,0.610375,0.564532,0.581742,0.604546,0.639490,0.629071,0.509924,0.598825,0.638689,0.572193
art_0750,0.520231,0.460858,0.486461,0.599370,0.439820,0.447217,0.454483,0.520772,0.451912,0.562614,0.419049,0.501983,0.534747,0.529853,0.387599,0.526709,0.409471,0.504282,0.589996,0.522320,0.591618,0.612849,0.518663,0.477099,0.524471,0.555332,0.479942,0.557011,0.508441,0.596376,0.549542,0.478282,0.465392,0.494336,0.490146,0.575711,0.545024,0.453509,0.571911,0.647745,0.540337,0.555354,0.525206,0.554595,0.512030,0.459644,0.513865,0.541357,0.459336,0.559344,0.509532,0.435834,0.441421,0.512415,0.326583,0.450997,0.492632,0.561516,0.630420,0.355810,0.575748,0.434593,0.462566,0.511662,0.345965,0.568555,0.533561,0.517615,0.550478,0.475542,0.519055,0.538761,0.516696,0.568670,0.467715,0.524125,0.637901,0.477635,0.518311,0.488865,0.525827,0.490369,0.513944,0.454448,0.478012,0.552695,0.517039,0.513555,0.503397,0.528068,0.520107,0.593088,0.532107,0.410971,0.447728,0.539091,0.450888,0.568407,0.594503,0.523439,0.548391,0.568822,0.535509,0.563231,0.488473,0.532381,0.548219,0.494074,0.503777,0.573003,0.524450,0.495612,0.490760,0.508171,0.547879,0.540227,0.531632,0.640082,0.363227,0.505427,0.569118,0.463716,0.565159,0.560689,0.591580,0.677373,0.526195,0.398340,0.602688,0.487834,0.534287,0.552601,0.547095,0.526287,0.561101,0.575697,0.580431,0.573774,0.626189,0.532983,0.468816,0.631043,0.433660,0.550595,0.653282,0.670549,0.577881,0.547229,0.584768,0.439388,0.570779,0.517565,0.539535,0.539828,0.655588,0.477004,0.601537,0.373133,0.564967,0.388685,0.531798,1.000000,0.374393,0.583598,0.580467,0.573220,0.605998,0.646507,0.497257,0.604426,0.454432,0.474303,0.689739,0.523331,0.523102,0.440291,0.474956,0.481383,0.428065,0.646064,0.687809,0.571317,0.464881,0.519858,0.584152,0.574188,0.591720,0.566988,0.690529,0.406056,0.530671,0.452206,0.634255,0.537334,0.570320,0.530990,0.480338,0.598928,0.594663,0.485823
art_0755,0.431742,0.487797,0.640562,0.411175,0.419766,0.427537,0.457248,0.655857,0.521281,0.494638,0.545509,0.592321,0.403538,0.577134,0.382547,0.493773,0.322555,0.583294,0.491231,0.482089,0.450487,0.476865,0.478687,0.554946,0.537195,0.515072,0.474054,0.381102,0.486782,0.453610,0.526735,0.456928,0.406506,0.598391,0.355835,0.558176,0.465921,0.590214,0.412769,0.513853,0.423173,0.411352,0.494113,0.457214,0.510878,0.572360,0.362680,0.378048,0.400524,0.531582,0.383947,0.281992,0.305543,0.565613,0.284793,0.460170,0.441000,0.462340,0.387694,0.462611,0.473951,0.273254,0.472631,0.458703,0.703271,0.596181,0.562589,0.484184,0.392034,0.584181,0.508488,0.407614,0.736299,0.579239,0.602451,0.503943,0.562407,0.532681,0.456563,0.507536,0.453671,0.576770,0.585973,0.412909,0.552717,0.492004,0.467056,0.484536,0.488360,0.426131,0.611133,0.578593,0.557575,0.551163,0.477062,0.504953,0.436163,0.374255,0.508763,0.368750,0.573732,0.491705,0.439714,0.417747,0.439813,0.440501,0.353465,0.445715,0.433928,0.485073,0.466786,0.548535,0.517975,0.648655,0.537072,0.565542,0.321721,0.439161,0.329660,0.369888,0.505270,0.429553,0.516689,0.445767,0.449054,0.439460,0.559572,0.619719,0.482645,0.511665,0.403053,0.439285,0.538867,0.561274,0.465297,0.446931,0.519411,0.414848,0.463554,0.394349,0.489731,0.423449,0.586171,0.455628,0.509295,0.478382,0.404665,0.499445,0.493107,0.722337,0.492532,0.491758,0.530846,0.424323,0.409866,0.478208,0.523810,0.331372,0.572287,0.315180,0.452585,0.374393,1.000000,0.451471,0.481924,0.377743,0.506622,0.398995,0.570184,0.479136,0.462411,0.387874,0.497473,0.458101,0.518379,0.352265,0.417123,0.348433,0.498076,0.401556,0.444373,0.478562,0.502438,0.551410,0.394620,0.411872,0.462230,0.451985,0.430142,0.441622,0.482264,0.681813,0.428287,0.515480,0.405930,0.599363,0.650189,0.516505,0.360550,0.438834
art_0759,0.601803,0.653367,0.609973,0.732226,0.515401,0.611127,0.652569,0.584840,0.497946,0.567432,0.505900,0.686759,0.479425,0.590397,0.396378,0.521420,0.453268,0.535617,0.477912,0.600165,0.706482,0.703700,0.615682,0.535698,0.680447,0.631969,0.683982,0.651275,0.580515,0.593832,0.574333,0.555744,0.503157,0.582055,0.556488,0.754286,0.536464,0.684612,0.649815,0.656997,0.581780,0.714868,0.576892,0.680193,0.548317,0.632405,0.460804,0.614474,0.634962,0.580062,0.572253,0.542913,0.488570,0.480830,0.422448,0.564102,0.537721,0.533713,0.683918,0.398306,0.542973,0.538224,0.580854,0.457541,0.537598,0.576332,0.580902,0.499318,0.435393,0.519354,0.602879,0.523656,0.565582,0.587719,0.659985,0.535534,0.615184,0.640684,0.494704,0.526095,0.661879,0.684016,0.615998,0.513452,0.571647,0.678888,0.561178,0.640734,0.561845,0.693982,0.564688,0.704154,0.700170,0.439251,0.515995,0.665673,0.476631,0.689921,0.617371,0.668129,0.622296,0.656570,0.651752,0.635730,0.634941,0.701073,0.446956,0.583730,0.668281,0.688526,0.516860,0.677981,0.598819,0.622190,0.635470,0.727645,0.633129,0.555287,0.612112,0.697080,0.632499,0.703288,0.589776,0.629172,0.629122,0.669347,0.661084,0.469153,0.553311,0.536476,0.681946,0.590576,0.535506,0.648977,0.663153,0.643395,0.718987,0.650807,0.655379,0.745765,0.695256,0.731831,0.556549,0.688589,0.708832,0.705560,0.677819,0.678953,0.572606,0.532615,0.540904,0.513896,0.571696,0.650447,0.677740,0.539646,0.634677,0.391334,0.660048,0.451077,0.598734,0.583598,0.451471,1.000000,0.593395,0.705834,0.658522,0.549920,0.667555,0.633862,0.513196,0.716405,0.702709,0.590456,0.470049,0.670265,0.426511,0.721660,0.560403,0.711849,0.690337,0.715087,0.631733,0.597196,0.698085,0.613240,0.608351,0.517598,0.660113,0.471655,0.625995,0.551671,0.562013,0.706934,0.717023,0.535071,0.627858,0.564648,0.710385,0.708256
art_0764,0.575342,0.575003,0.642865,0.629647,0.537030,0.551301,0.593730,0.705423,0.581230,0.653627,0.598673,0.585006,0.499355,0.583360,0.301560,0.610671,0.491891,0.563630,0.599721,0.540067,0.645362,0.707246,0.680805,0.526437,0.696754,0.643408,0.669499,0.672937,0.655243,0.686793,0.641199,0.596387,0.530307,0.668568,0.514302,0.625665,0.569771,0.518208,0.698907,0.632530,0.610815,0.638363,0.514533,0.626661,0.650982,0.683127,0.456184,0.577194,0.479852,0.649315,0.567168,0.447687,0.551559,0.566995,0.472728,0.607177,0.642120,0.633425,0.666907,0.523145,0.615563,0.469502,0.617283,0.462925,0.507924,0.690024,0.647146,0.569788,0.421755,0.610222,0.575284,0.592937,0.632115,0.591009,0.546281,0.585694,0.742340,0.505261,0.613826,0.564952,0.663090,0.577347,0.678078,0.457575,0.564713,0.607194,0.607884,0.664385,0.596088,0.557157,0.582604,0.613113,0.637647,0.535900,0.583361,0.647833,0.534597,0.635260,0.698509,0.555887,0.654017,0.651161,0.662557,0.606759,0.631952,0.597450,0.483919,0.545442,0.599631,0.674032,0.517479,0.607859,0.597854,0.604302,0.573841,0.698188,0.570648,0.635873,0.432579,0.526688,0.667909,0.619614,0.572473,0.600052,0.749724,0.595244,0.729587,0.572174,0.599822,0.670081,0.571912,0.579244,0.615477,0.624808,0.612719,0.677436,0.606196,0.606990,0.576903,0.585256,0.516334,0.574338,0.590327,0.641016,0.660341,0.699436,0.635790,0.576845,0.589616,0.599310,0.635877,0.564034,0.661400,0.624720,0.607948,0.574886,0.708033,0.494057,0.644292,0.489986,0.627002,0.580467,0.481924,0.593395,1.000000,0.616143,0.625324,0.557451,0.598196,0.712518,0.635624,0.581467,0.593890,0.585644,0.462576,0.541531,0.544934,0.517741,0.650942,0.588783,0.720550,0.678874,0.641467,0.664546,0.714157,0.656526,0.640108,0.519507,0.595163,0.429541,0.610395,0.540954,0.591510,0.587170,0.731105,0.592588,0.614924,0.593377,0.649061,0.588069
art_0769,0.636864,0.699050,0.576311,0.809647,0.560659,0.767368,0.686854,0.540399,0.435492,0.583145,0.489653,0.723541,0.548933,0.581484,0.470436,0.564351,0.593860,0.525991,0.470052,0.571381,0.720449,0.704461,0.683359,0.543121,0.706022,0.642212,0.672870,0.713735,0.516549,0.498505,0.550253,0.600422,0.554394,0.566717,0.600518,0.729180,0.572933,0.665695,0.660810,0.627683,0.604338,0.808088,0.631357,0.713266,0.546029,0.690056,0.372517,0.717984,0.669707,0.483930,0.530218,0.548152,0.524438,0.442157,0.563735,0.624699,0.555127,0.637443,0.776019,0.433437,0.497983,0.658902,0.565105,0.571676,0.537401,0.580860,0.614752,0.599625,0.531792,0.588904,0.661753,0.612366,0.571960,0.570633,0.670265,0.523765,0.593496,0.535156,0.568322,0.550791,0.738857,0.664220,0.685505,0.520957,0.664516,0.662665,0.580978,0.682799,0.532313,0.718617,0.543756,0.646417,0.626549,0.357869,0.558961,0.692675,0.565419,0.722491,0.625334,0.649133,0.562107,0.781870,0.679546,0.646460,0.748240,0.734943,0.547802,0.641984,0.685604,0.688195,0.581620,0.648638,0.626447,0.565429,0.666641,0.653447,0.818206,0.615197,0.611889,0.753223,0.624225,0.696553,0.623482,0.769894,0.595123,0.650413,0.690462,0.460799,0.593234,0.572384,0.773343,0.593071,0.559120,0.584252,0.677513,0.654878,0.746888,0.673073,0.641692,0.817259,0.668635,0.686359,0.555913,0.638128,0.696494,0.689479,0.743083,0.673706,0.589776,0.466594,0.584361,0.583740,0.565747,0.666010,0.709239,0.586054,0.576469,0.519224,0.633231,0.551728,0.610688,0.573220,0.377743,0.705834,0.616143,1.000000,0.653106,0.585751,0.641612,0.745883,0.562702,0.729245,0.570642,0.678353,0.518475,0.735541,0.565530,0.639828,0.551822,0.706644,0.711204,0.718716,0.642604,0.587178,0.790392,0.641255,0.590958,0.580377,0.709122,0.443869,0.618643,0.490745,0.627053,0.725452,0.803483,0.574348,0.628464,0.598876,0.810239,0.723739
art_0773,0.510970,0.509459,0.607381,0.708673,0.531552,0.574168,0.561618,0.599857,0.500039,0.692991,0.569762,0.683148,0.560869,0.610722,0.531203,0.623299,0.578288,0.653039,0.549112,0.519569,0.664926,0.719670,0.653554,0.518658,0.718870,0.539269,0.552715,0.595486,0.629397,0.610524,0.678280,0.562238,0.539968,0.618978,0.557631,0.640705,0.558700,0.556544,0.673292,0.637703,0.637840,0.664851,0.633363,0.637328,0.639561,0.627681,0.482524,0.592291,0.502704,0.594845,0.620688,0.442030,0.560563,0.603599,0.490605,0.639667,0.642354,0.651958,0.641277,0.466594,0.558785,0.563080,0.508191,0.503593,0.563145,0.674437,0.699859,0.576333,0.466755,0.715146,0.549093,0.616001,0.626084,0.578009,0.562601,0.551732,0.699014,0.564146,0.666464,0.549432,0.717779,0.548969,0.590500,0.548104,0.630737,0.541961,0.668185,0.624396,0.531945,0.610522,0.675343,0.552291,0.577926,0.468121,0.542758,0.602573,0.635755,0.709085,0.762299,0.661803,0.712485,0.715423,0.640801,0.720147,0.668504,0.633122,0.596333,0.571420,0.615018,0.689029,0.610787,0.652346,0.599390,0.721615,0.588626,0.620594,0.633644,0.655636,0.463974,0.625283,0.586172,0.616226,0.655915,0.578392,0.610098,0.559934,0.657372,0.528549,0.653393,0.551984,0.648981,0.663429,0.636025,0.574434,0.682584,0.630164,0.619309,0.722421,0.578205,0.689313,0.553273,0.574389,0.597784,0.620688,0.687895,0.715156,0.580723,0.584689,0.733854,0.602369,0.714934,0.651768,0.566126,0.656692,0.658294,0.509180,0.683492,0.501531,0.612197,0.468173,0.625153,0.605998,0.506622,0.658522,0.625324,0.653106,1.000000,0.687764,0.643528,0.639147,0.671832,0.635784,0.587628,0.585805,0.583968,0.530262,0.594054,0.535184,0.674332,0.694936,0.683655,0.645814,0.640667,0.586056,0.712394,0.719793,0.606034,0.668072,0.710488,0.378643,0.589802,0.619672,0.653337,0.678698,0.644386,0.614755,0.544097,0.653055,0.659377,0.637029
art_0778,0.524460,0.480966,0.511002,0.641799,0.477411,0.497458,0.513903,0.543818,0.420749,0.652391,0.516581,0.577222,0.522833,0.561639,0.394682,0.567796,0.584988,0.526378,0.480380,0.474239,0.567543,0.660503,0.601105,0.567177,0.611724,0.484663,0.503762,0.603526,0.584683,0.531459,0.609329,0.563287,0.510376,0.509186,0.555261,0.536352,0.598323,0.519115,0.609117,0.572794,0.644744,0.536387,0.552820,0.530815,0.549070,0.600095,0.547535,0.526781,0.463325,0.525528,0.519857,0.491238,0.577926,0.513322,0.405227,0.569070,0.628856,0.736813,0.650205,0.487129,0.470861,0.507448,0.466394,0.562821,0.453651,0.566458,0.690518,0.501220,0.516933,0.544725,0.566136,0.647449,0.532041,0.544124,0.541453,0.565473,0.670591,0.420140,0.650266,0.512584,0.613705,0.424239,0.544474,0.427152,0.500123,0.499472,0.635600,0.594596,0.486649,0.507058,0.578267,0.563165,0.615534,0.449006,0.541411,0.532561,0.549846,0.598070,0.667963,0.564584,0.588506,0.606672,0.544614,0.579029,0.538146,0.519907,0.580724,0.593439,0.596456,0.619324,0.636653,0.549106,0.543679,0.524290,0.546086,0.532773,0.646336,0.639995,0.347685,0.525186,0.527791,0.490355,0.580113,0.559143,0.565385,0.619256,0.570097,0.477341,0.649148,0.516512,0.612623,0.641663,0.606605,0.508093,0.647063,0.624110,0.627920,0.657124,0.669221,0.573700,0.435087,0.577909,0.525300,0.559297,0.607593,0.635102,0.555245,0.586124,0.708943,0.495195,0.720603,0.597767,0.501743,0.560192,0.638702,0.491266,0.641807,0.553373,0.603690,0.460158,0.621484,0.646507,0.398995,0.549920,0.557451,0.585751,0.687764,1.000000,0.588626,0.618788,0.590399,0.565203,0.630297,0.524040,0.574333,0.499596,0.613446,0.480250,0.559809,0.633132,0.622641,0.598773,0.511231,0.535270,0.631016,0.632362,0.610375,0.653388,0.732462,0.341309,0.531761,0.494010,0.680955,0.621031,0.577173,0.671574,0.482714,0.643864,0.602106,0.537416
art_0783,0.584422,0.659559,0.634433,0.656618,0.608383,0.636259,0.678632,0.587922,0.516473,0.544878,0.572122,0.655838,0.557299,0.649232,0.434158,0.570794,0.498470,0.553089,0.502139,0.554826,0.617482,0.652214,0.674091,0.579301,0.679647,0.609225,0.646174,0.577641,0.564559,0.557274,0.595266,0.596621,0.528834,0.574202,0.560395,0.649543,0.593985,0.640629,0.567674,0.621625,0.548142,0.629675,0.589955,0.670543,0.580479,0.704949,0.450649,0.571548,0.572877,0.607743,0.532612,0.509897,0.526005,0.488876,0.457720,0.657292,0.541095,0.577259,0.674392,0.526544,0.469239,0.557858,0.613340,0.510660,0.601025,0.642925,0.615180,0.590273,0.492697,0.572389,0.641671,0.575124,0.621651,0.568752,0.594989,0.488512,0.618338,0.679220,0.514975,0.601592,0.616780,0.627197,0.670923,0.461072,0.551971,0.616913,0.640644,0.686742,0.593209,0.603655,0.618783,0.672750,0.760347,0.491892,0.565187,0.672214,0.511192,0.629679,0.628617,0.621209,0.666233,0.701416,0.599810,0.592278,0.616575,0.602112,0.453440,0.645990,0.598803,0.710408,0.553371,0.693504,0.599088,0.589611,0.577186,0.675771,0.629115,0.580549,0.551984,0.591235,0.587349,0.676638,0.606043,0.600430,0.601973,0.599385,0.715368,0.555078,0.584178,0.592126,0.624139,0.554639,0.574794,0.643300,0.587075,0.637301,0.678049,0.593963,0.570235,0.623717,0.672553,0.588300,0.614789,0.563145,0.634406,0.649868,0.634096,0.548827,0.607460,0.598517,0.572418,0.572251,0.620378,0.648351,0.596656,0.641303,0.617705,0.510635,0.671979,0.457741,0.595806,0.497257,0.570184,0.667555,0.598196,0.641612,0.643528,0.588626,1.000000,0.662417,0.603462,0.674164,0.591433,0.588650,0.524403,0.597092,0.547149,0.524550,0.581168,0.578935,0.626906,0.639931,0.666582,0.597002,0.686064,0.585923,0.603589,0.541070,0.582680,0.451877,0.597978,0.511451,0.575489,0.680459,0.674773,0.600082,0.627020,0.639488,0.626999,0.674028
art_0787,0.580462,0.588229,0.597582,0.763015,0.538464,0.739217,0.619193,0.573646,0.489592,0.616695,0.539112,0.732512,0.613726,0.660073,0.458973,0.558690,0.524883,0.602609,0.520522,0.571203,0.684609,0.675200,0.647551,0.513632,0.714723,0.642929,0.716126,0.698958,0.569281,0.577625,0.605648,0.664243,0.621055,0.634324,0.650736,0.736273,0.720295,0.608463,0.698727,0.664106,0.628866,0.760703,0.640153,0.763678,0.598002,0.638351,0.468407,0.767960,0.619864,0.568580,0.568045,0.586925,0.615426,0.593665,0.606287,0.648818,0.569341,0.674275,0.745431,0.488605,0.560000,0.645419,0.517118,0.547500,0.592357,0.611236,0.660311,0.685008,0.569899,0.616496,0.713311,0.684930,0.614944,0.668416,0.659861,0.533621,0.709890,0.568241,0.600185,0.511566,0.729226,0.682350,0.659990,0.506531,0.689964,0.645789,0.651121,0.691227,0.615182,0.787175,0.581077,0.707117,0.670553,0.411986,0.560953,0.705993,0.610463,0.783865,0.636986,0.641947,0.612314,0.754691,0.618267,0.661192,0.691354,0.677980,0.527846,0.728349,0.675421,0.658296,0.644526,0.624118,0.613817,0.617352,0.695195,0.670257,0.704816,0.684362,0.515150,0.645854,0.574067,0.635265,0.676650,0.750468,0.653726,0.659779,0.713381,0.585093,0.636585,0.622415,0.670516,0.588660,0.586322,0.533201,0.720663,0.719200,0.685235,0.650896,0.615338,0.679174,0.611347,0.681904,0.564351,0.562073,0.714577,0.695162,0.695098,0.636882,0.666163,0.592873,0.683916,0.694216,0.651585,0.663744,0.700708,0.605216,0.683584,0.584162,0.658354,0.539478,0.622690,0.604426,0.479136,0.633862,0.712518,0.745883,0.639147,0.618788,0.662417,1.000000,0.648891,0.660596,0.632512,0.663886,0.535629,0.704805,0.654016,0.611892,0.576814,0.623884,0.740127,0.705821,0.712788,0.607359,0.744126,0.630029,0.712879,0.619440,0.600522,0.469624,0.603283,0.578001,0.638739,0.674061,0.792170,0.600074,0.626223,0.631991,0.810026,0.667666
art_0792,0.448444,0.465706,0.546454,0.627325,0.487206,0.597428,0.497110,0.545304,0.492323,0.688753,0.499524,0.587181,0.521326,0.565784,0.434835,0.564227,0.592331,0.542364,0.501713,0.412060,0.565389,0.652839,0.546298,0.510601,0.697475,0.491589,0.549668,0.604983,0.672489,0.569513,0.610602,0.556372,0.520607,0.547667,0.542068,0.562207,0.608380,0.417340,0.602087,0.532185,0.636806,0.535441,0.538663,0.586150,0.649886,0.613969,0.441457,0.608237,0.475141,0.545938,0.523841,0.434317,0.563266,0.516496,0.489293,0.613884,0.676091,0.568162,0.624790,0.493843,0.469722,0.515165,0.480671,0.516952,0.505905,0.619200,0.647675,0.585775,0.516680,0.611724,0.525322,0.669081,0.613102,0.504983,0.484421,0.493724,0.621291,0.486777,0.646208,0.468251,0.684685,0.474219,0.517137,0.427031,0.508566,0.463151,0.640377,0.579201,0.514560,0.516448,0.630972,0.539639,0.580947,0.451784,0.552127,0.548560,0.579252,0.668615,0.690821,0.533534,0.635388,0.633015,0.630385,0.670321,0.601465,0.511778,0.556195,0.546432,0.570999,0.652682,0.591189,0.659071,0.541865,0.601624,0.525949,0.556084,0.596799,0.628074,0.372441,0.517975,0.535105,0.586762,0.553003,0.573696,0.561377,0.469682,0.664449,0.457742,0.577004,0.618512,0.606848,0.599418,0.542338,0.480873,0.597991,0.613446,0.531461,0.605394,0.525469,0.589852,0.423692,0.523174,0.557856,0.535724,0.613805,0.655002,0.551958,0.519454,0.674592,0.584519,0.651698,0.608259,0.552337,0.564124,0.542449,0.499204,0.628955,0.595146,0.582575,0.509736,0.648565,0.454432,0.462411,0.513196,0.635624,0.562702,0.671832,0.590399,0.603462,0.648891,1.000000,0.555175,0.565223,0.563047,0.494146,0.542806,0.562708,0.439937,0.699838,0.585500,0.610943,0.652335,0.561157,0.555466,0.682691,0.677048,0.671777,0.598066,0.549158,0.365534,0.526909,0.527498,0.539147,0.568837,0.631755,0.585935,0.486426,0.578840,0.590890,0.583702
art_0797,0.603313,0.704597,0.546970,0.739421,0.555271,0.681644,0.697716,0.539449,0.407738,0.572368,0.565018,0.682823,0.451347,0.560425,0.411014,0.517375,0.534038,0.527905,0.430496,0.507761,0.665767,0.677470,0.659227,0.491297,0.701831,0.567814,0.619637,0.656750,0.592312,0.488622,0.526461,0.602491,0.508399,0.568652,0.539634,0.694466,0.538869,0.628138,0.608358,0.600586,0.600897,0.780157,0.513121,0.666169,0.551837,0.643288,0.418938,0.624707,0.579214,0.484944,0.522950,0.487107,0.510492,0.395657,0.464786,0.609447,0.529814,0.589469,0.678656,0.382776,0.418009,0.630844,0.571480,0.505805,0.551065,0.569349,0.581589,0.543626,0.396765,0.533963,0.604915,0.543150,0.525061,0.567938,0.681983,0.499952,0.562389,0.535463,0.577394,0.450703,0.681471,0.614254,0.648755,0.493609,0.596613,0.642283,0.541936,0.651277,0.466255,0.679493,0.555483,0.581236,0.633934,0.408551,0.518663,0.630514,0.530592,0.712214,0.593586,0.662198,0.599297,0.691525,0.664222,0.602935,0.721700,0.708901,0.398897,0.611001,0.625492,0.657191,0.523120,0.665201,0.585609,0.570845,0.613100,0.721680,0.730388,0.564151,0.571610,0.701873,0.605576,0.682330,0.562391,0.643660,0.546770,0.550553,0.669149,0.414405,0.483519,0.524876,0.696658,0.609831,0.528452,0.576916,0.611462,0.632794,0.702981,0.625046,0.602508,0.740088,0.680634,0.587842,0.501709,0.673559,0.632275,0.659955,0.665500,0.631300,0.550195,0.467436,0.563686,0.516385,0.513380,0.618300,0.638227,0.574464,0.524703,0.408744,0.629465,0.426188,0.568462,0.474303,0.387874,0.716405,0.581467,0.729245,0.635784,0.565203,0.674164,0.660596,0.555175,1.000000,0.578198,0.622050,0.421283,0.630406,0.489989,0.592934,0.593647,0.632597,0.651194,0.692533,0.640441,0.505399,0.704001,0.563482,0.523029,0.550817,0.609843,0.360466,0.554045,0.474519,0.565065,0.723411,0.740658,0.521478,0.625103,0.560128,0.697274,0.745883
art_0801,0.540886,0.525119,0.582523,0.607666,0.459710,0.532170,0.506075,0.625829,0.506736,0.604638,0.487062,0.578423,0.517516,0.592711,0.458793,0.591161,0.462379,0.543903,0.530515,0.569589,0.634046,0.631676,0.533890,0.487547,0.586404,0.635821,0.598862,0.569987,0.599340,0.675992,0.575384,0.538947,0.552779,0.527825,0.589972,0.652607,0.662512,0.527577,0.571970,0.622919,0.576947,0.621561,0.531245,0.613070,0.519612,0.552385,0.577530,0.538893,0.579427,0.569018,0.506534,0.523612,0.492162,0.559217,0.362294,0.527307,0.554023,0.585323,0.647709,0.440243,0.605413,0.463550,0.490103,0.546532,0.474057,0.601603,0.641487,0.573824,0.553045,0.492760,0.576740,0.597737,0.547487,0.600674,0.561344,0.547756,0.652689,0.599910,0.535164,0.525071,0.561852,0.593168,0.587532,0.518380,0.484183,0.585153,0.571364,0.538706,0.533764,0.621448,0.621288,0.609657,0.667664,0.496160,0.460624,0.544870,0.485569,0.607610,0.605105,0.567142,0.512452,0.606605,0.603649,0.576097,0.524080,0.614792,0.503326,0.585973,0.582884,0.628947,0.571236,0.653865,0.582225,0.564491,0.644483,0.628278,0.581788,0.653669,0.444515,0.579249,0.605744,0.538356,0.632760,0.603136,0.615847,0.667404,0.592071,0.462645,0.637335,0.493405,0.570991,0.617462,0.606275,0.577323,0.596037,0.613185,0.620263,0.614085,0.660101,0.599637,0.560572,0.687159,0.565889,0.616157,0.641719,0.653502,0.615863,0.581016,0.692007,0.568309,0.629584,0.544242,0.484254,0.582363,0.758273,0.552581,0.655729,0.470471,0.659036,0.449808,0.562820,0.689739,0.497473,0.702709,0.593890,0.570642,0.587628,0.630297,0.591433,0.632512,0.565223,0.578198,1.000000,0.599755,0.537204,0.552744,0.526429,0.544608,0.536744,0.660287,0.663315,0.643644,0.504226,0.622969,0.605288,0.609124,0.719336,0.642259,0.671322,0.548823,0.581520,0.522997,0.643165,0.580857,0.613589,0.568771,0.567663,0.612522,0.609954,0.609977
art_0806,0.539029,0.618027,0.559434,0.660858,0.553856,0.676482,0.569488,0.539025,0.506445,0.585570,0.446082,0.697136,0.513823,0.572009,0.501838,0.554687,0.583619,0.519842,0.499645,0.578355,0.669703,0.630947,0.692861,0.452446,0.672709,0.631665,0.575214,0.644341,0.544665,0.513721,0.553281,0.516472,0.571979,0.578610,0.603200,0.699406,0.616484,0.541862,0.520443,0.542356,0.638794,0.659751,0.593156,0.605511,0.537893,0.605640,0.444924,0.610176,0.587660,0.501502,0.524746,0.573555,0.562662,0.544449,0.421603,0.634735,0.587460,0.558497,0.611874,0.495468,0.566908,0.576410,0.537798,0.567138,0.572153,0.630683,0.626155,0.620158,0.580594,0.615642,0.595504,0.587259,0.571385,0.648441,0.585584,0.484502,0.621452,0.589022,0.569412,0.586950,0.621995,0.661184,0.604973,0.436323,0.584300,0.645908,0.508632,0.586530,0.493973,0.571292,0.566387,0.645374,0.635386,0.397530,0.529727,0.646433,0.502399,0.629423,0.581627,0.565518,0.570282,0.666578,0.629599,0.548664,0.610738,0.647276,0.502832,0.592028,0.611194,0.586537,0.581331,0.677672,0.633197,0.565540,0.583879,0.647800,0.645030,0.598595,0.540835,0.600732,0.614816,0.618771,0.591687,0.655893,0.604649,0.547286,0.724730,0.429849,0.612607,0.535100,0.683910,0.530953,0.542742,0.509607,0.602579,0.580498,0.685691,0.544926,0.570764,0.643570,0.634664,0.617971,0.600611,0.623423,0.672435,0.644017,0.644322,0.617841,0.648499,0.575725,0.612665,0.589627,0.582058,0.589762,0.607799,0.585317,0.560831,0.488411,0.655853,0.540150,0.634405,0.523331,0.458101,0.590456,0.585644,0.678353,0.585805,0.524040,0.588650,0.663886,0.563047,0.622050,0.599755,1.000000,0.517471,0.644725,0.537714,0.498615,0.636590,0.633235,0.635060,0.647533,0.601762,0.565950,0.661584,0.548493,0.600229,0.541942,0.612905,0.521841,0.618636,0.566215,0.629294,0.560712,0.661429,0.577478,0.531765,0.600325,0.635081,0.654741
art_0810,0.471115,0.364929,0.454406,0.485282,0.405172,0.409296,0.372539,0.492929,0.448944,0.568759,0.404293,0.557075,0.471610,0.512365,0.442280,0.490246,0.532912,0.516148,0.455683,0.448353,0.462833,0.472654,0.485852,0.357067,0.515721,0.440862,0.427715,0.462702,0.466744,0.462757,0.538319,0.376852,0.559373,0.576728,0.509059,0.506633,0.602306,0.402717,0.480244,0.559449,0.549503,0.499694,0.568148,0.463696,0.457006,0.462981,0.560569,0.451940,0.391968,0.435811,0.461473,0.355663,0.441748,0.482935,0.352309,0.467017,0.516029,0.506800,0.463627,0.502239,0.517683,0.438970,0.404191,0.617748,0.421069,0.556160,0.564302,0.522406,0.569763,0.570744,0.587626,0.627029,0.516393,0.520466,0.530872,0.543943,0.547605,0.361838,0.534850,0.485967,0.547430,0.425663,0.525180,0.427497,0.470829,0.440577,0.478445,0.443683,0.438749,0.469092,0.538868,0.535931,0.506585,0.369061,0.416911,0.456539,0.428021,0.489108,0.523081,0.415168,0.461026,0.489999,0.553212,0.428807,0.472820,0.487016,0.484692,0.552746,0.461460,0.494272,0.813176,0.443005,0.534793,0.578018,0.531656,0.445310,0.457580,0.535887,0.260953,0.362472,0.445810,0.382232,0.557320,0.496697,0.445755,0.450135,0.468962,0.396667,0.608835,0.427128,0.528003,0.578145,0.526565,0.438708,0.537213,0.538008,0.510452,0.454668,0.468039,0.501234,0.381465,0.467077,0.514865,0.424680,0.536976,0.514952,0.419350,0.475624,0.651649,0.480503,0.591247,0.540045,0.487335,0.410865,0.510827,0.462060,0.541293,0.515530,0.557474,0.425504,0.514330,0.523102,0.518379,0.470049,0.462576,0.518475,0.583968,0.574333,0.524403,0.535629,0.494146,0.421283,0.537204,0.517471,1.000000,0.394012,0.631867,0.339187,0.468608,0.510978,0.527712,0.494511,0.413670,0.515168,0.491937,0.461324,0.531674,0.555778,0.519241,0.385050,0.584591,0.541237,0.625134,0.437736,0.499213,0.530422,0.469157,0.634211,0.482013,0.433657
art_0815,0.546123,0.647021,0.536376,0.715483,0.524957,0.649588,0.630513,0.501883,0.383689,0.462072,0.430062,0.614557,0.495062,0.494189,0.395065,0.531469,0.522732,0.515558,0.362589,0.595225,0.633798,0.637753,0.614652,0.471870,0.638907,0.581609,0.668827,0.650214,0.486061,0.464985,0.418065,0.556661,0.479100,0.459686,0.608381,0.685641,0.513618,0.589658,0.583848,0.498555,0.549258,0.692213,0.514154,0.658615,0.486983,0.625389,0.399405,0.707831,0.628630,0.392581,0.478890,0.638883,0.545634,0.403875,0.575851,0.605544,0.501020,0.547891,0.692983,0.371776,0.466595,0.598854,0.479157,0.406221,0.492502,0.526337,0.548938,0.560183,0.395947,0.544696,0.587166,0.576924,0.552067,0.545085,0.592734,0.409582,0.501174,0.492991,0.463030,0.549353,0.615737,0.648621,0.592009,0.463958,0.606827,0.588114,0.532682,0.632182,0.592125,0.698683,0.445149,0.638490,0.645850,0.325229,0.526835,0.647302,0.516819,0.676348,0.557300,0.612660,0.474873,0.692874,0.593026,0.614069,0.651001,0.641735,0.455214,0.642314,0.645407,0.603204,0.532789,0.629294,0.545751,0.511382,0.592644,0.552602,0.726623,0.573757,0.559769,0.682794,0.569060,0.651255,0.547931,0.714200,0.575575,0.587014,0.616386,0.425078,0.498061,0.518173,0.691659,0.507767,0.473917,0.527033,0.601310,0.624127,0.656677,0.576781,0.624437,0.689383,0.653141,0.651139,0.564352,0.588809,0.626860,0.646343,0.733433,0.649431,0.566102,0.479765,0.495390,0.573747,0.504188,0.570863,0.629580,0.526431,0.524880,0.541066,0.560950,0.575654,0.562513,0.440291,0.352265,0.670265,0.541531,0.735541,0.530262,0.499596,0.597092,0.704805,0.542806,0.630406,0.552744,0.644725,0.394012,1.000000,0.411532,0.692276,0.536066,0.614396,0.623763,0.662558,0.567714,0.496687,0.696341,0.589226,0.587396,0.483888,0.571151,0.471838,0.591933,0.465555,0.489914,0.673055,0.695085,0.532672,0.529965,0.470523,0.739908,0.642913
art_0820,0.404441,0.389347,0.466842,0.538624,0.437118,0.557407,0.441132,0.446023,0.463474,0.550528,0.452982,0.546762,0.494904,0.629749,0.418243,0.514113,0.532241,0.526080,0.489457,0.385884,0.576439,0.522280,0.559909,0.387345,0.600964,0.496898,0.553225,0.484958,0.581587,0.529710,0.580457,0.443568,0.566173,0.590720,0.441121,0.446896,0.594753,0.388347,0.538860,0.545628,0.573632,0.517841,0.598334,0.542028,0.563255,0.549818,0.471673,0.501287,0.471405,0.550977,0.524663,0.357063,0.496376,0.556625,0.496493,0.558602,0.566875,0.600231,0.514059,0.567908,0.536136,0.446665,0.443989,0.563048,0.501511,0.594201,0.591081,0.611315,0.545756,0.615180,0.534121,0.703650,0.501229,0.534792,0.478214,0.531953,0.551579,0.430652,0.636373,0.450786,0.592201,0.409840,0.549056,0.461638,0.509980,0.486262,0.579221,0.515468,0.529439,0.490943,0.535881,0.488677,0.475865,0.413521,0.457475,0.435664,0.475622,0.579270,0.571967,0.423239,0.520693,0.598867,0.555458,0.497244,0.536666,0.462106,0.449942,0.592626,0.498143,0.526164,0.682504,0.470989,0.520188,0.547532,0.493581,0.447400,0.519053,0.573054,0.289755,0.422020,0.484324,0.467639,0.535127,0.507824,0.422181,0.445301,0.574519,0.508179,0.577404,0.480959,0.545003,0.538447,0.618749,0.444164,0.584973,0.627642,0.511095,0.483866,0.435178,0.528482,0.328817,0.424161,0.600673,0.359697,0.578775,0.543832,0.431092,0.435151,0.605333,0.497762,0.676986,0.621600,0.559737,0.488580,0.519938,0.520546,0.608082,0.626074,0.587507,0.517973,0.593816,0.474956,0.417123,0.426511,0.544934,0.565530,0.594054,0.613446,0.547149,0.654016,0.562708,0.489989,0.526429,0.537714,0.631867,0.411532,1.000000,0.294196,0.592335,0.472492,0.607612,0.569062,0.487386,0.515813,0.534117,0.505681,0.563461,0.676732,0.502080,0.353997,0.478480,0.483377,0.649778,0.442884,0.530982,0.674803,0.466939,0.680326,0.549497,0.451679
art_0824,0.568787,0.588731,0.498861,0.715996,0.428387,0.533583,0.620871,0.490392,0.352756,0.460584,0.407098,0.563588,0.413024,0.428361,0.273504,0.437895,0.389468,0.452196,0.384280,0.613628,0.579773,0.637048,0.533913,0.526724,0.610387,0.576075,0.681430,0.639557,0.484820,0.513380,0.470911,0.520758,0.407642,0.469598,0.538179,0.723656,0.392769,0.575914,0.602355,0.528926,0.430944,0.679177,0.439847,0.679401,0.431461,0.554758,0.349600,0.646246,0.552132,0.464529,0.474536,0.573795,0.463987,0.417033,0.414528,0.438220,0.443585,0.513121,0.661615,0.276794,0.443892,0.549902,0.487561,0.315930,0.465551,0.440704,0.503263,0.402082,0.272755,0.426994,0.529615,0.450415,0.491757,0.485472,0.584453,0.395704,0.541940,0.424095,0.402116,0.461277,0.595794,0.604925,0.503616,0.406673,0.568221,0.588027,0.496357,0.570528,0.447249,0.679044,0.397936,0.590845,0.570402,0.358099,0.463027,0.644959,0.428850,0.646807,0.525082,0.634433,0.502344,0.589298,0.538930,0.610241,0.592709,0.679135,0.437878,0.540752,0.626283,0.580907,0.392578,0.553812,0.508271,0.505119,0.615680,0.619994,0.638792,0.464575,0.545363,0.658195,0.583069,0.588589,0.557297,0.613330,0.580870,0.645254,0.579840,0.377465,0.469726,0.457139,0.611019,0.543337,0.468153,0.557265,0.612897,0.602961,0.630317,0.580863,0.630737,0.678352,0.645779,0.664575,0.446373,0.624957,0.588117,0.633028,0.673105,0.640187,0.494587,0.444310,0.457054,0.424061,0.499503,0.612954,0.608441,0.442363,0.534269,0.321738,0.534184,0.359141,0.488526,0.481383,0.348433,0.721660,0.517741,0.639828,0.535184,0.480250,0.524550,0.611892,0.439937,0.592934,0.544608,0.498615,0.339187,0.692276,0.294196,1.000000,0.416242,0.635490,0.613395,0.645588,0.569403,0.463538,0.622067,0.536806,0.543136,0.459062,0.601553,0.376136,0.533403,0.476638,0.449530,0.699097,0.669615,0.402472,0.541455,0.409847,0.754049,0.577584
art_0829,0.495928,0.502512,0.578758,0.606272,0.524217,0.536497,0.540295,0.588400,0.549818,0.677405,0.565046,0.611834,0.494571,0.604447,0.408240,0.590677,0.569920,0.529822,0.537994,0.520259,0.638893,0.693115,0.644574,0.470566,0.754595,0.541164,0.614313,0.590396,0.755006,0.656237,0.656617,0.525908,0.500441,0.610638,0.512527,0.583866,0.516059,0.467479,0.602064,0.485553,0.623436,0.534405,0.516502,0.563476,0.695673,0.658951,0.490943,0.539004,0.463224,0.591457,0.631583,0.445604,0.580365,0.603054,0.517763,0.700121,0.735970,0.591543,0.558531,0.596685,0.539038,0.472784,0.527375,0.480402,0.592465,0.680852,0.625272,0.578250,0.427232,0.655346,0.492786,0.658056,0.600990,0.576104,0.495503,0.493520,0.594247,0.478155,0.661356,0.525150,0.643386,0.531115,0.548921,0.432479,0.508765,0.521331,0.654899,0.646658,0.547485,0.527583,0.653590,0.526051,0.566701,0.559101,0.613649,0.593905,0.529648,0.632415,0.716467,0.574049,0.694178,0.644540,0.641878,0.667905,0.645654,0.560435,0.465295,0.558037,0.573586,0.645189,0.542567,0.643012,0.597868,0.615167,0.541396,0.593839,0.567844,0.646618,0.432737,0.566174,0.607246,0.623153,0.575299,0.538688,0.594726,0.470876,0.690646,0.498249,0.569842,0.611685,0.617889,0.591808,0.623382,0.572518,0.557234,0.612143,0.567552,0.587914,0.506499,0.602127,0.484106,0.492752,0.631283,0.578913,0.634660,0.667157,0.542724,0.554656,0.630219,0.642324,0.648398,0.530313,0.587159,0.600181,0.574597,0.556593,0.638074,0.543051,0.620659,0.540017,0.758832,0.428065,0.498076,0.560403,0.650942,0.551822,0.674332,0.559809,0.581168,0.576814,0.699838,0.593647,0.536744,0.636590,0.468608,0.536066,0.592335,0.416242,1.000000,0.645513,0.648977,0.703956,0.558416,0.577849,0.651706,0.691821,0.651070,0.564578,0.583540,0.394973,0.593495,0.571558,0.545940,0.564862,0.588309,0.583570,0.530926,0.583179,0.572049,0.597574
art_0834,0.619312,0.558537,0.578096,0.707862,0.556502,0.586608,0.601454,0.533796,0.440908,0.642346,0.478465,0.673574,0.547248,0.567327,0.434953,0.522687,0.559744,0.508503,0.517264,0.524760,0.705920,0.727118,0.598007,0.560073,0.740937,0.594230,0.622983,0.690297,0.631055,0.633812,0.646380,0.557734,0.507058,0.536397,0.640709,0.696640,0.575516,0.574416,0.670332,0.582568,0.631522,0.683220,0.535216,0.673964,0.581094,0.592392,0.508649,0.661516,0.619966,0.494550,0.571294,0.534288,0.545565,0.525942,0.460110,0.577438,0.633426,0.641685,0.746823,0.400965,0.543256,0.574116,0.556395,0.486176,0.479827,0.585406,0.630033,0.537269,0.485307,0.531748,0.573869,0.611470,0.542480,0.567566,0.603470,0.513049,0.646157,0.484925,0.583447,0.544819,0.686365,0.578171,0.543349,0.498524,0.568257,0.576082,0.582818,0.645219,0.514667,0.670157,0.624212,0.564644,0.596917,0.409018,0.537551,0.623102,0.463373,0.691557,0.698890,0.700457,0.599853,0.696090,0.614612,0.731692,0.649346,0.671345,0.574127,0.556767,0.629288,0.679916,0.565049,0.634366,0.580611,0.570221,0.602724,0.642821,0.677855,0.652897,0.573265,0.720056,0.627310,0.653707,0.584608,0.639179,0.665438,0.643652,0.643862,0.408740,0.611171,0.583701,0.686470,0.642173,0.580965,0.577607,0.628001,0.627145,0.708396,0.713744,0.682755,0.739642,0.592574,0.715979,0.532502,0.663800,0.661945,0.731894,0.658453,0.622743,0.641666,0.482775,0.648562,0.554171,0.484613,0.685478,0.729107,0.533764,0.613271,0.441368,0.631559,0.441295,0.645694,0.646064,0.401556,0.711849,0.588783,0.706644,0.694936,0.633132,0.578935,0.623884,0.585500,0.632597,0.660287,0.633235,0.510978,0.614396,0.472492,0.635490,0.645513,1.000000,0.693093,0.732349,0.579501,0.552999,0.726724,0.714426,0.637979,0.573859,0.772643,0.444582,0.617978,0.516419,0.594958,0.695675,0.703463,0.545093,0.566977,0.565442,0.718239,0.654267
art_0838,0.665515,0.632345,0.657561,0.732007,0.558273,0.627641,0.690754,0.580645,0.601535,0.686498,0.585804,0.674858,0.605383,0.609905,0.420027,0.572488,0.559845,0.607081,0.658585,0.629906,0.686733,0.757220,0.688437,0.527913,0.756277,0.681065,0.721618,0.704482,0.691591,0.664883,0.662857,0.617627,0.593084,0.671931,0.642750,0.701502,0.596045,0.628010,0.724629,0.676245,0.626093,0.700342,0.625056,0.748469,0.674608,0.700366,0.472966,0.681709,0.587433,0.656354,0.589532,0.523849,0.599953,0.604507,0.509619,0.637128,0.650070,0.644323,0.719292,0.436203,0.616204,0.578564,0.633480,0.552709,0.560793,0.675695,0.662170,0.626686,0.518079,0.645423,0.619651,0.684378,0.630335,0.646092,0.638813,0.609808,0.652163,0.549937,0.642471,0.527435,0.766524,0.628736,0.648002,0.560983,0.666089,0.663692,0.644112,0.685704,0.610658,0.651103,0.594763,0.678270,0.641853,0.504474,0.617497,0.731141,0.533788,0.736273,0.695160,0.648822,0.689180,0.734353,0.689574,0.716800,0.664561,0.730078,0.526517,0.634991,0.676114,0.754455,0.599946,0.600133,0.630307,0.660729,0.670874,0.708148,0.660558,0.672497,0.509440,0.666348,0.704400,0.660358,0.630036,0.649228,0.708016,0.640467,0.672123,0.535740,0.660920,0.670820,0.685756,0.695098,0.654389,0.656184,0.719161,0.707157,0.693162,0.725442,0.685163,0.690086,0.629708,0.645386,0.608558,0.671601,0.735433,0.784357,0.719820,0.706352,0.665835,0.570534,0.677407,0.575561,0.676422,0.743638,0.711392,0.605238,0.739532,0.485770,0.716244,0.497268,0.671751,0.687809,0.444373,0.690337,0.720550,0.711204,0.683655,0.622641,0.626906,0.740127,0.610943,0.651194,0.663315,0.635060,0.527712,0.623763,0.607612,0.613395,0.648977,0.693093,1.000000,0.764962,0.662065,0.670731,0.705444,0.686273,0.683713,0.627043,0.668219,0.492587,0.637791,0.611438,0.632714,0.658534,0.775677,0.616299,0.640930,0.650433,0.736267,0.689461
art_0843,0.608447,0.626737,0.617318,0.763263,0.565417,0.639836,0.651254,0.585344,0.563691,0.652140,0.535256,0.685543,0.525384,0.655985,0.394891,0.606300,0.572857,0.555804,0.607346,0.582114,0.696637,0.744992,0.659250,0.572769,0.782930,0.699416,0.753582,0.698500,0.724854,0.669681,0.664944,0.600974,0.561257,0.635159,0.616630,0.718069,0.610379,0.617267,0.738230,0.635461,0.627337,0.710763,0.510103,0.683914,0.671482,0.685359,0.479140,0.666967,0.571074,0.597942,0.558396,0.552850,0.601872,0.571112,0.518134,0.635462,0.668756,0.613505,0.735990,0.467771,0.577976,0.582164,0.679214,0.522298,0.560201,0.682765,0.628946,0.571020,0.453597,0.585386,0.615408,0.668740,0.628056,0.611625,0.674574,0.556769,0.632850,0.507558,0.642332,0.536664,0.775750,0.662825,0.616859,0.465161,0.646133,0.685039,0.593955,0.684339,0.604031,0.677442,0.604625,0.664648,0.681826,0.512260,0.633639,0.680815,0.487199,0.755404,0.689328,0.651136,0.648760,0.746035,0.703933,0.684370,0.685387,0.710537,0.572501,0.613391,0.656745,0.724165,0.559445,0.683069,0.628898,0.569701,0.675277,0.710839,0.721389,0.620414,0.534489,0.734846,0.689511,0.670419,0.610473,0.656706,0.675823,0.638871,0.712852,0.492820,0.626749,0.657149,0.706906,0.637990,0.598065,0.660563,0.701457,0.702607,0.710129,0.678170,0.687191,0.762302,0.623561,0.665461,0.641936,0.687047,0.718933,0.768404,0.731774,0.706652,0.636652,0.605724,0.649089,0.587988,0.611302,0.721376,0.710577,0.606328,0.686763,0.503444,0.701828,0.539658,0.706733,0.571317,0.478562,0.715087,0.678874,0.718716,0.645814,0.598773,0.639931,0.705821,0.652335,0.692533,0.643644,0.647533,0.494511,0.662558,0.569062,0.645588,0.703956,0.732349,0.764962,1.000000,0.633861,0.608930,0.734730,0.675077,0.686285,0.623772,0.686844,0.466033,0.631910,0.585724,0.593660,0.733018,0.776448,0.598417,0.656705,0.600848,0.761098,0.707107
art_0848,0.553108,0.595814,0.561278,0.681087,0.576930,0.683668,0.617572,0.560623,0.490712,0.550164,0.537180,0.715764,0.545954,0.616290,0.392522,0.551320,0.472728,0.622429,0.569420,0.506709,0.608976,0.630959,0.692079,0.578527,0.722525,0.575476,0.671076,0.592861,0.555424,0.573055,0.641723,0.664859,0.500491,0.622758,0.531319,0.712859,0.544904,0.697997,0.557052,0.637056,0.531024,0.695569,0.583196,0.660133,0.583298,0.613747,0.348338,0.592872,0.564367,0.564385,0.574908,0.556823,0.586017,0.523184,0.473167,0.624836,0.528733,0.535459,0.648118,0.499499,0.522276,0.616888,0.573047,0.476080,0.635962,0.579899,0.560003,0.527505,0.464989,0.615779,0.672054,0.517304,0.596085,0.627656,0.645996,0.470746,0.652659,0.626708,0.582981,0.496146,0.666368,0.656197,0.584534,0.472554,0.676245,0.629069,0.605443,0.644110,0.515834,0.654793,0.574359,0.667166,0.633538,0.451534,0.534962,0.707484,0.596740,0.715830,0.607834,0.646818,0.650064,0.722334,0.577147,0.582021,0.641021,0.643332,0.429835,0.593693,0.628823,0.653299,0.481147,0.637641,0.597121,0.612325,0.584418,0.691569,0.590642,0.516625,0.580938,0.582661,0.583847,0.719736,0.581392,0.615872,0.581460,0.584042,0.717991,0.541075,0.540099,0.574862,0.603756,0.500700,0.471081,0.560601,0.638274,0.645954,0.662419,0.578327,0.532306,0.645745,0.632159,0.580916,0.554905,0.590721,0.630992,0.634103,0.623894,0.605162,0.553469,0.611404,0.591915,0.572464,0.659800,0.682476,0.597139,0.555465,0.544727,0.450123,0.610375,0.393428,0.557904,0.464881,0.502438,0.631733,0.641467,0.642604,0.640667,0.511231,0.666582,0.712788,0.561157,0.640441,0.504226,0.601762,0.413670,0.567714,0.487386,0.569403,0.558416,0.579501,0.662065,0.633861,1.000000,0.570215,0.677158,0.587329,0.519582,0.475802,0.560736,0.479408,0.568199,0.592877,0.532731,0.658313,0.706485,0.578443,0.620679,0.633289,0.682886,0.683458
art_0852,0.511601,0.505252,0.599482,0.615486,0.538728,0.529115,0.533350,0.692611,0.669239,0.687620,0.522510,0.635886,0.530359,0.624590,0.410975,0.537832,0.455748,0.512607,0.638408,0.518529,0.615813,0.625253,0.592368,0.520728,0.600110,0.546880,0.600566,0.560814,0.613556,0.553860,0.635528,0.553675,0.494218,0.637718,0.502324,0.596337,0.536176,0.586807,0.512760,0.606054,0.538823,0.550905,0.577601,0.581169,0.560815,0.647057,0.397332,0.521688,0.521277,0.571461,0.506448,0.412948,0.496304,0.551832,0.453447,0.565074,0.567513,0.556544,0.544581,0.522980,0.552658,0.393513,0.559023,0.523149,0.558685,0.638651,0.578481,0.573160,0.467461,0.559295,0.567527,0.537671,0.616276,0.586885,0.517219,0.500443,0.634150,0.553193,0.548945,0.519269,0.622430,0.588458,0.564998,0.536124,0.519111,0.548036,0.559835,0.616069,0.520644,0.503630,0.568277,0.562517,0.585685,0.562270,0.596025,0.607776,0.446660,0.563471,0.647549,0.523463,0.634219,0.652262,0.557954,0.575914,0.574067,0.511417,0.508161,0.488487,0.585189,0.611388,0.521781,0.582786,0.566086,0.586023,0.601732,0.585643,0.516804,0.591596,0.531116,0.512837,0.572370,0.554761,0.613784,0.536600,0.657719,0.573322,0.604029,0.614545,0.623104,0.549547,0.556132,0.521994,0.581369,0.587433,0.593030,0.581140,0.627582,0.642523,0.545958,0.573521,0.535017,0.559353,0.560001,0.578759,0.661945,0.614355,0.550308,0.544541,0.582044,0.604956,0.555551,0.489856,0.629634,0.572408,0.557187,0.504973,0.614879,0.422865,0.647970,0.499583,0.589827,0.519858,0.551410,0.597196,0.664546,0.587178,0.586056,0.535270,0.597002,0.607359,0.555466,0.505399,0.622969,0.565950,0.515168,0.496687,0.515813,0.463538,0.577849,0.552999,0.670731,0.608930,0.570215,1.000000,0.606495,0.588076,0.587643,0.505464,0.580931,0.449612,0.547272,0.510092,0.580453,0.540624,0.606282,0.605725,0.560493,0.543606,0.527852,0.527490
art_0857,0.634483,0.685686,0.631681,0.777142,0.595170,0.702407,0.685216,0.598610,0.499475,0.638512,0.543722,0.711448,0.580689,0.570138,0.416149,0.613316,0.601015,0.524811,0.504898,0.550478,0.704812,0.752980,0.697745,0.547755,0.744582,0.654268,0.664011,0.731169,0.589593,0.595726,0.578852,0.641129,0.526769,0.569145,0.626537,0.720824,0.570859,0.596942,0.678409,0.623387,0.637530,0.763184,0.614433,0.716096,0.637904,0.694264,0.464948,0.675860,0.634162,0.592248,0.547106,0.573166,0.625282,0.445275,0.566375,0.658063,0.627172,0.628414,0.799116,0.465445,0.520937,0.661552,0.607769,0.529672,0.522531,0.617952,0.646132,0.579351,0.526912,0.591239,0.607435,0.657553,0.594406,0.578121,0.609530,0.497950,0.666685,0.549809,0.629489,0.609488,0.721471,0.688037,0.644273,0.413539,0.598722,0.652707,0.636714,0.705751,0.562220,0.678432,0.590935,0.646323,0.710131,0.457404,0.590112,0.734661,0.584947,0.750709,0.688982,0.704492,0.648402,0.757247,0.676373,0.694439,0.692540,0.668238,0.539753,0.652472,0.671955,0.696899,0.577609,0.739904,0.673032,0.577233,0.619595,0.641731,0.785881,0.631805,0.559361,0.703863,0.663161,0.735684,0.589557,0.718885,0.698875,0.641257,0.745798,0.531308,0.631744,0.666311,0.738153,0.634066,0.617061,0.616935,0.660629,0.704583,0.735343,0.677882,0.660216,0.777288,0.627780,0.670508,0.590265,0.655017,0.688952,0.722684,0.712071,0.654009,0.659774,0.547492,0.626490,0.602236,0.601508,0.673974,0.728676,0.628043,0.658989,0.537940,0.637093,0.539842,0.638295,0.584152,0.394620,0.698085,0.714157,0.790392,0.712394,0.631016,0.686064,0.744126,0.682691,0.704001,0.605288,0.661584,0.491937,0.696341,0.534117,0.622067,0.651706,0.726724,0.705444,0.734730,0.677158,0.606495,1.000000,0.698962,0.680479,0.533309,0.699067,0.443518,0.660326,0.521440,0.649191,0.718953,0.800952,0.585700,0.578663,0.629226,0.776922,0.747731
art_0862,0.487869,0.481822,0.608289,0.707223,0.494594,0.574348,0.527342,0.546444,0.530739,0.639897,0.502568,0.572681,0.509100,0.594279,0.406396,0.619958,0.499307,0.603256,0.535267,0.519881,0.620650,0.736707,0.552957,0.502137,0.720944,0.500112,0.642271,0.635542,0.703939,0.630244,0.684861,0.565745,0.561968,0.568801,0.545555,0.602967,0.588051,0.513765,0.685778,0.569671,0.637024,0.636748,0.559003,0.667728,0.640089,0.669617,0.489140,0.648545,0.499173,0.526760,0.592116,0.498558,0.565486,0.598718,0.562383,0.666271,0.670857,0.629188,0.711630,0.452575,0.570430,0.462732,0.512125,0.414379,0.508115,0.597810,0.647772,0.557633,0.418098,0.623369,0.523935,0.609556,0.593895,0.531107,0.470109,0.464271,0.656932,0.504265,0.584918,0.486501,0.682474,0.557304,0.500777,0.522306,0.606123,0.494936,0.683367,0.697252,0.556312,0.608046,0.632689,0.539012,0.555193,0.404289,0.567556,0.622706,0.567070,0.663557,0.794300,0.615753,0.614444,0.695068,0.636440,0.725333,0.720372,0.586317,0.598330,0.545010,0.655907,0.618448,0.520862,0.598358,0.521750,0.613734,0.594753,0.576790,0.671843,0.737814,0.473795,0.670621,0.581667,0.626417,0.556766,0.627090,0.616003,0.579641,0.643817,0.491475,0.625364,0.582560,0.626413,0.632450,0.539705,0.524962,0.665720,0.598079,0.566518,0.720328,0.599033,0.635251,0.484716,0.545755,0.583345,0.592887,0.677494,0.713867,0.646648,0.528784,0.623614,0.557433,0.683073,0.601264,0.576791,0.688622,0.684761,0.535417,0.666889,0.529768,0.546552,0.532471,0.668200,0.574188,0.411872,0.613240,0.656526,0.641255,0.719793,0.632362,0.585923,0.630029,0.677048,0.563482,0.609124,0.548493,0.461324,0.589226,0.505681,0.536806,0.691821,0.714426,0.686273,0.675077,0.587329,0.588076,0.698962,1.000000,0.689690,0.597126,0.656199,0.399958,0.518494,0.538399,0.565402,0.634624,0.677479,0.567619,0.496315,0.533975,0.687918,0.573464
art_0866,0.528256,0.504249,0.561075,0.645617,0.446566,0.544885,0.540022,0.535751,0.548974,0.652459,0.528613,0.571966,0.570634,0.580641,0.396617,0.617150,0.537765,0.532082,0.576559,0.535268,0.615736,0.685880,0.553610,0.484984,0.648960,0.608671,0.635379,0.614265,0.658794,0.686364,0.625611,0.542678,0.613181,0.567517,0.604708,0.620423,0.669354,0.423524,0.620572,0.553038,0.650791,0.590609,0.524732,0.651000,0.638657,0.634235,0.551229,0.618724,0.553161,0.544887,0.528755,0.507584,0.539976,0.594066,0.519531,0.572595,0.644143,0.600495,0.632475,0.474325,0.575662,0.511822,0.519403,0.523355,0.524552,0.629934,0.668528,0.632852,0.556667,0.576392,0.569189,0.715956,0.587746,0.576001,0.513045,0.526105,0.637016,0.500832,0.592176,0.554472,0.653085,0.573563,0.574797,0.457847,0.510370,0.562060,0.629963,0.604698,0.572321,0.640444,0.624849,0.587769,0.646161,0.525580,0.540146,0.605642,0.499013,0.651146,0.690684,0.561200,0.594390,0.628782,0.654040,0.650033,0.585994,0.594975,0.533358,0.585864,0.577710,0.653042,0.634404,0.655024,0.604493,0.588422,0.599466,0.595174,0.623333,0.671640,0.417614,0.574980,0.603700,0.585149,0.609842,0.626346,0.631241,0.559935,0.674286,0.480935,0.640186,0.639505,0.627661,0.613815,0.619731,0.530673,0.642507,0.632539,0.588358,0.589258,0.610124,0.608199,0.490992,0.586071,0.566078,0.554734,0.661708,0.713969,0.616469,0.560964,0.697480,0.587657,0.651284,0.591504,0.541804,0.612514,0.706262,0.563716,0.738197,0.575310,0.668318,0.557342,0.639091,0.591720,0.462230,0.608351,0.640108,0.590958,0.606034,0.610375,0.603589,0.712879,0.671777,0.523029,0.719336,0.600229,0.531674,0.587396,0.563461,0.543136,0.651070,0.637979,0.683713,0.686285,0.519582,0.587643,0.680479,0.689690,1.000000,0.626196,0.599782,0.414787,0.621610,0.519738,0.617854,0.579475,0.646215,0.570059,0.536295,0.597420,0.644681,0.595114
art_0871,0.415326,0.423110,0.453512,0.592556,0.358741,0.536068,0.477716,0.480561,0.427124,0.543119,0.466358,0.568261,0.499049,0.589799,0.489903,0.576628,0.516277,0.575154,0.424525,0.464614,0.562232,0.606136,0.468687,0.451569,0.595623,0.496671,0.523616,0.560985,0.574511,0.563503,0.599697,0.464287,0.543721,0.562267,0.510437,0.561171,0.608184,0.467503,0.587189,0.543292,0.575875,0.556691,0.543192,0.579030,0.503672,0.560963,0.498796,0.589238,0.464393,0.495708,0.472155,0.414652,0.454407,0.594536,0.460070,0.512076,0.569536,0.658425,0.574758,0.406759,0.487140,0.436111,0.440372,0.467903,0.536840,0.607055,0.668947,0.539087,0.431508,0.547949,0.488659,0.668664,0.506026,0.546008,0.526374,0.524415,0.599593,0.476929,0.566149,0.454371,0.606408,0.487113,0.533369,0.553163,0.582258,0.534681,0.607884,0.554574,0.507928,0.557771,0.586637,0.514236,0.548829,0.395809,0.390992,0.461054,0.504580,0.544956,0.610007,0.525151,0.545097,0.618497,0.598730,0.573643,0.559470,0.605569,0.534264,0.588686,0.544693,0.566307,0.628576,0.547333,0.494712,0.565002,0.598658,0.524880,0.583095,0.645294,0.413592,0.561088,0.477950,0.449370,0.598048,0.572858,0.503134,0.547740,0.554289,0.467142,0.612167,0.463043,0.590726,0.610524,0.586687,0.527452,0.639283,0.560810,0.554440,0.549926,0.533601,0.566040,0.462645,0.493204,0.604532,0.493179,0.599197,0.621537,0.512287,0.535152,0.713993,0.489418,0.674808,0.651847,0.487560,0.500325,0.625512,0.548085,0.606386,0.471402,0.569907,0.417865,0.600465,0.566988,0.451985,0.517598,0.519507,0.580377,0.668072,0.653388,0.541070,0.619440,0.598066,0.550817,0.642259,0.541942,0.555778,0.483888,0.676732,0.459062,0.564578,0.573859,0.627043,0.623772,0.475802,0.505464,0.533309,0.597126,0.626196,1.000000,0.579268,0.390676,0.489090,0.523760,0.565254,0.515582,0.527046,0.649168,0.537248,0.601900,0.602442,0.501979
art_0876,0.585747,0.571679,0.589022,0.714975,0.535158,0.574658,0.616643,0.619638,0.433618,0.679257,0.528380,0.639729,0.539318,0.570103,0.442526,0.560333,0.577874,0.502621,0.497119,0.591449,0.696696,0.717465,0.663608,0.558076,0.701925,0.593187,0.580744,0.681013,0.567073,0.569393,0.624477,0.604965,0.513893,0.497857,0.610487,0.657768,0.489894,0.565137,0.610719,0.606346,0.595553,0.666829,0.576857,0.617812,0.563275,0.649258,0.495232,0.576537,0.589041,0.488127,0.553880,0.545201,0.568422,0.512886,0.392334,0.587623,0.617598,0.700663,0.716792,0.419882,0.504689,0.586186,0.541103,0.569652,0.444675,0.597886,0.629386,0.492352,0.492538,0.572292,0.549301,0.588711,0.572269,0.553703,0.602565,0.521521,0.666312,0.474407,0.619897,0.556260,0.669169,0.533237,0.599681,0.431813,0.550446,0.528762,0.563431,0.602278,0.520189,0.586040,0.586862,0.611594,0.595855,0.451849,0.519592,0.602571,0.525676,0.645135,0.690692,0.701475,0.623316,0.676443,0.605067,0.651203,0.645585,0.651904,0.556332,0.566829,0.650552,0.662147,0.522960,0.612236,0.616350,0.535231,0.608857,0.581352,0.674182,0.621018,0.511570,0.680878,0.656696,0.625255,0.605165,0.625120,0.648653,0.631311,0.616922,0.435904,0.598591,0.529956,0.679320,0.661917,0.610760,0.623260,0.610966,0.630269,0.696945,0.698066,0.687085,0.708140,0.525030,0.671640,0.527388,0.660790,0.672574,0.718042,0.676183,0.670476,0.621301,0.526093,0.675978,0.529513,0.514469,0.647323,0.708575,0.530746,0.605682,0.440203,0.657092,0.462043,0.639397,0.690529,0.430142,0.660113,0.595163,0.709122,0.710488,0.732462,0.582680,0.600522,0.549158,0.609843,0.671322,0.612905,0.519241,0.571151,0.502080,0.601553,0.583540,0.772643,0.668219,0.686844,0.560736,0.580931,0.699067,0.656199,0.599782,0.579268,1.000000,0.424798,0.595409,0.520911,0.663409,0.694783,0.671540,0.618805,0.533236,0.598817,0.656784,0.635756
art_0880,0.382508,0.419632,0.411220,0.411323,0.427214,0.502141,0.440542,0.436892,0.367233,0.372757,0.360345,0.494733,0.463144,0.446150,0.386459,0.472282,0.311588,0.451938,0.349336,0.437496,0.475738,0.471010,0.429464,0.325248,0.456309,0.529998,0.404789,0.416040,0.378199,0.463677,0.429915,0.377762,0.408142,0.424074,0.439928,0.487493,0.486435,0.529428,0.333769,0.470704,0.356574,0.430773,0.407651,0.428703,0.382101,0.416926,0.333991,0.360967,0.471255,0.398843,0.389310,0.397877,0.372036,0.438548,0.262866,0.432131,0.415762,0.414236,0.461063,0.314499,0.427561,0.373411,0.402983,0.410385,0.406856,0.412597,0.446116,0.439403,0.467393,0.401840,0.466762,0.416583,0.459502,0.493558,0.468889,0.403240,0.490686,0.621877,0.384254,0.459415,0.410576,0.556370,0.423230,0.377846,0.356981,0.401877,0.369497,0.419759,0.419222,0.389406,0.431329,0.534635,0.506963,0.314658,0.350925,0.462224,0.318627,0.415280,0.412983,0.450371,0.410113,0.505260,0.414761,0.393640,0.403825,0.472551,0.330826,0.410710,0.405951,0.442247,0.406807,0.512084,0.422842,0.421214,0.443368,0.467661,0.419803,0.436864,0.453252,0.434527,0.491507,0.439780,0.422049,0.453916,0.440068,0.473270,0.447218,0.409285,0.444253,0.381823,0.418542,0.389141,0.379045,0.470622,0.369729,0.428663,0.517700,0.364186,0.432705,0.427803,0.473366,0.525413,0.517087,0.443431,0.478159,0.468310,0.454721,0.376012,0.462557,0.465134,0.373661,0.384542,0.411264,0.469813,0.559942,0.515574,0.461615,0.301825,0.452320,0.339164,0.410054,0.406056,0.441622,0.471655,0.429541,0.443869,0.378643,0.341309,0.451877,0.469624,0.365534,0.360466,0.548823,0.521841,0.385050,0.471838,0.353997,0.376136,0.394973,0.444582,0.492587,0.466033,0.479408,0.449612,0.443518,0.399958,0.414787,0.390676,0.424798,1.000000,0.449883,0.429196,0.416213,0.436239,0.475944,0.475008,0.424965,0.494144,0.409543,0.497817
art_0885,0.657327,0.644124,0.612494,0.621579,0.615569,0.531652,0.664515,0.606603,0.571349,0.609718,0.550328,0.602545,0.515643,0.589880,0.409177,0.543557,0.562096,0.507032,0.545120,0.549874,0.641690,0.633870,0.709562,0.549077,0.672707,0.660142,0.589538,0.658776,0.507279,0.581721,0.576141,0.571235,0.543637,0.581781,0.573959,0.649560,0.568585,0.516252,0.587273,0.576815,0.597070,0.636088,0.480577,0.598881,0.623717,0.650900,0.521588,0.544141,0.522361,0.541172,0.554281,0.517408,0.548006,0.491922,0.441781,0.556831,0.567078,0.545973,0.567386,0.428843,0.548126,0.580360,0.614007,0.552698,0.517069,0.634598,0.568499,0.522105,0.468877,0.594437,0.615523,0.626902,0.647558,0.619363,0.634785,0.481364,0.572145,0.496474,0.634060,0.644330,0.652443,0.703617,0.628036,0.406307,0.518501,0.626300,0.550561,0.645169,0.535197,0.590586,0.599108,0.622390,0.698517,0.528541,0.622861,0.699969,0.476214,0.601874,0.569196,0.615327,0.584027,0.644337,0.575855,0.560129,0.515050,0.667377,0.403275,0.557542,0.537564,0.688642,0.575197,0.660746,0.729289,0.602802,0.575100,0.660131,0.583879,0.545241,0.457958,0.542016,0.674388,0.622445,0.520082,0.559085,0.636404,0.567065,0.654008,0.490915,0.560633,0.676907,0.626732,0.577318,0.564888,0.574739,0.542975,0.629193,0.689827,0.566963,0.609944,0.602607,0.632845,0.619573,0.593186,0.621415,0.599897,0.660554,0.651978,0.654713,0.646112,0.562712,0.587833,0.492711,0.519087,0.603586,0.627616,0.575322,0.606371,0.442624,0.708300,0.411846,0.610375,0.530671,0.482264,0.625995,0.610395,0.618643,0.589802,0.531761,0.597978,0.603283,0.526909,0.554045,0.581520,0.618636,0.584591,0.591933,0.478480,0.533403,0.593495,0.617978,0.637791,0.631910,0.568199,0.547272,0.660326,0.518494,0.621610,0.489090,0.595409,0.449883,1.000000,0.604276,0.598127,0.606187,0.641289,0.533612,0.596551,0.618202,0.615586,0.665648
art_0890,0.524390,0.460948,0.602016,0.577702,0.415944,0.499632,0.480319,0.630409,0.592258,0.576411,0.523328,0.691607,0.497227,0.643665,0.477589,0.513724,0.436453,0.682541,0.476731,0.586139,0.515558,0.594792,0.581454,0.472368,0.736646,0.529655,0.524046,0.534641,0.554065,0.541262,0.592804,0.560139,0.599213,0.649692,0.596846,0.699859,0.550020,0.609415,0.576450,0.552490,0.543481,0.539530,0.577309,0.556851,0.557105,0.564583,0.471791,0.558508,0.493232,0.461124,0.483604,0.432572,0.511728,0.639818,0.367371,0.558983,0.542620,0.525596,0.501304,0.401510,0.492015,0.531263,0.482624,0.527799,0.697839,0.595254,0.606935,0.589248,0.497145,0.758982,0.544811,0.564726,0.730345,0.642879,0.628280,0.600418,0.581649,0.521220,0.601136,0.542701,0.692118,0.624273,0.586344,0.444390,0.721006,0.547687,0.537558,0.541141,0.519890,0.550035,0.577277,0.642648,0.588097,0.430767,0.603187,0.617950,0.596620,0.593491,0.608082,0.520318,0.579866,0.603569,0.544073,0.553977,0.557138,0.652375,0.423417,0.542301,0.494369,0.568610,0.536093,0.544755,0.625161,0.787387,0.667622,0.631099,0.442610,0.539690,0.354032,0.537356,0.527575,0.469058,0.558324,0.556956,0.443798,0.435123,0.611633,0.554533,0.568128,0.536686,0.497627,0.642628,0.481005,0.520869,0.587065,0.529576,0.504145,0.612190,0.530572,0.525183,0.538057,0.514013,0.575691,0.576349,0.621952,0.640513,0.552706,0.663878,0.612605,0.690396,0.680851,0.608615,0.523192,0.602305,0.577212,0.508530,0.562202,0.401790,0.695407,0.426851,0.564532,0.452206,0.681813,0.551671,0.540954,0.490745,0.619672,0.494010,0.511451,0.578001,0.527498,0.474519,0.522997,0.566215,0.541237,0.465555,0.483377,0.476638,0.571558,0.516419,0.611438,0.585724,0.592877,0.510092,0.521440,0.538399,0.519738,0.523760,0.520911,0.429196,0.604276,1.000000,0.530147,0.580450,0.585528,0.568346,0.546164,0.608792,0.535092,0.625376
art_0894,0.543817,0.523026,0.546241,0.651362,0.543060,0.576247,0.545127,0.552113,0.479566,0.633744,0.484986,0.617635,0.521359,0.572394,0.415176,0.546948,0.585048,0.498997,0.486285,0.464786,0.629908,0.606297,0.687194,0.487974,0.589225,0.535529,0.511452,0.573201,0.507282,0.543667,0.516685,0.590641,0.559307,0.573984,0.560431,0.613955,0.593350,0.506444,0.595315,0.577586,0.645616,0.643789,0.597758,0.589484,0.537544,0.583187,0.528673,0.507017,0.531064,0.548999,0.564591,0.526995,0.561518,0.474556,0.366116,0.598560,0.586485,0.613435,0.572171,0.515598,0.551452,0.606356,0.500349,0.659558,0.459958,0.599256,0.635513,0.563230,0.625015,0.580066,0.579481,0.606677,0.534899,0.550306,0.613728,0.551293,0.650289,0.499211,0.632003,0.531605,0.624566,0.529427,0.626777,0.398458,0.546918,0.567357,0.536252,0.548980,0.442568,0.569025,0.584484,0.613658,0.596699,0.397451,0.509891,0.573419,0.507369,0.640564,0.606938,0.584776,0.550454,0.596614,0.548970,0.565313,0.538840,0.619765,0.493202,0.568575,0.558493,0.601416,0.664901,0.601920,0.645895,0.540043,0.623597,0.585058,0.653901,0.578445,0.412695,0.533998,0.590219,0.593777,0.622415,0.590805,0.572760,0.561104,0.591174,0.466919,0.604757,0.533895,0.567336,0.627729,0.593721,0.522472,0.599064,0.625178,0.664611,0.595833,0.604329,0.594663,0.516590,0.587223,0.564058,0.574193,0.624202,0.600035,0.602025,0.541614,0.655664,0.514149,0.696712,0.583017,0.534552,0.574420,0.647615,0.488740,0.608282,0.524166,0.602179,0.468658,0.581742,0.634255,0.428287,0.562013,0.591510,0.627053,0.653337,0.680955,0.575489,0.638739,0.539147,0.565065,0.643165,0.629294,0.625134,0.489914,0.649778,0.449530,0.545940,0.594958,0.632714,0.593660,0.532731,0.580453,0.649191,0.565402,0.617854,0.565254,0.663409,0.416213,0.598127,0.530147,1.000000,0.557296,0.607149,0.581819,0.534187,0.701320,0.594960,0.608588
art_0899,0.678553,0.703163,0.649864,0.777614,0.588175,0.657212,0.764670,0.630589,0.448392,0.572567,0.583337,0.693146,0.532562,0.563808,0.359204,0.570122,0.536000,0.603517,0.498670,0.566240,0.658596,0.720355,0.617092,0.618718,0.727936,0.629934,0.673327,0.682032,0.599796,0.528669,0.578629,0.601650,0.446049,0.537264,0.569022,0.719182,0.536451,0.697790,0.652758,0.615509,0.572056,0.698565,0.509869,0.687388,0.591617,0.693748,0.488136,0.669405,0.558446,0.537862,0.541368,0.525742,0.533697,0.497944,0.513432,0.626359,0.542586,0.654418,0.752191,0.366255,0.462750,0.590607,0.618711,0.473208,0.545600,0.578812,0.602838,0.500499,0.424891,0.574702,0.615262,0.583319,0.657705,0.599297,0.716349,0.527609,0.627668,0.504229,0.596247,0.535407,0.702877,0.605665,0.648224,0.408692,0.640072,0.623752,0.572612,0.706495,0.551813,0.690490,0.555567,0.654373,0.694768,0.515110,0.570639,0.705012,0.523160,0.722689,0.639073,0.672129,0.631285,0.711019,0.624654,0.666611,0.714348,0.677389,0.478497,0.574916,0.654732,0.718635,0.475790,0.662494,0.577347,0.603961,0.635298,0.700979,0.710419,0.574589,0.528212,0.689345,0.673157,0.705929,0.573518,0.685418,0.606133,0.605992,0.660018,0.495230,0.578601,0.593064,0.671342,0.606639,0.549592,0.698332,0.659209,0.681597,0.754923,0.711132,0.710479,0.746836,0.679845,0.667480,0.589339,0.658985,0.671017,0.713751,0.728142,0.703844,0.569380,0.534368,0.571992,0.581511,0.551331,0.696211,0.648354,0.589457,0.615801,0.469452,0.655376,0.437983,0.604546,0.537334,0.515480,0.706934,0.587170,0.725452,0.678698,0.621031,0.680459,0.674061,0.568837,0.723411,0.580857,0.560712,0.437736,0.673055,0.442884,0.699097,0.564862,0.695675,0.658534,0.733018,0.658313,0.540624,0.718953,0.634624,0.579475,0.515582,0.694783,0.436239,0.606187,0.580450,0.557296,1.000000,0.752530,0.563458,0.618884,0.554825,0.725843,0.722862
art_0904,0.663619,0.685934,0.633407,0.826455,0.574704,0.720349,0.686943,0.596460,0.512682,0.647077,0.525179,0.706219,0.552940,0.604581,0.380505,0.552418,0.564116,0.565504,0.559217,0.577087,0.735660,0.718981,0.678861,0.553939,0.762882,0.669500,0.758273,0.751359,0.630303,0.613338,0.616685,0.684256,0.609514,0.619101,0.686109,0.789662,0.634181,0.654739,0.734292,0.699604,0.616495,0.812884,0.603695,0.762226,0.599479,0.686452,0.428649,0.727353,0.656993,0.552945,0.590429,0.613627,0.640288,0.495119,0.544860,0.642841,0.624701,0.651287,0.812721,0.440107,0.528037,0.716465,0.615390,0.543856,0.514546,0.600543,0.612061,0.606274,0.534703,0.610869,0.685346,0.643414,0.629091,0.608707,0.680460,0.560374,0.663793,0.549556,0.626646,0.513943,0.779080,0.689786,0.680758,0.465409,0.658769,0.707368,0.578761,0.720472,0.544223,0.765319,0.547160,0.695238,0.655967,0.399538,0.603806,0.740323,0.604320,0.833974,0.649357,0.722557,0.627065,0.750166,0.693369,0.716240,0.749983,0.777411,0.500798,0.666416,0.688285,0.722110,0.562406,0.681324,0.648757,0.591829,0.725013,0.760441,0.772588,0.631946,0.618224,0.749347,0.668378,0.721719,0.625179,0.733793,0.697316,0.622930,0.727743,0.506477,0.590636,0.624449,0.756375,0.644882,0.572524,0.594466,0.695628,0.707360,0.723965,0.732976,0.657649,0.784291,0.682648,0.718277,0.554174,0.692829,0.720129,0.749000,0.759588,0.674819,0.593327,0.540697,0.656633,0.608008,0.617391,0.781809,0.753770,0.640022,0.665073,0.506923,0.678363,0.483191,0.639490,0.570320,0.405930,0.717023,0.731105,0.803483,0.644386,0.577173,0.674773,0.792170,0.631755,0.740658,0.613589,0.661429,0.499213,0.695085,0.530982,0.669615,0.588309,0.703463,0.775677,0.776448,0.706485,0.606282,0.800952,0.677479,0.646215,0.527046,0.671540,0.475944,0.641289,0.585528,0.607149,0.752530,1.000000,0.532386,0.632779,0.621224,0.832450,0.766209
art_0908,0.497442,0.545086,0.568912,0.563819,0.495909,0.555040,0.572524,0.584608,0.531490,0.594872,0.574288,0.601174,0.506515,0.648281,0.355878,0.590491,0.516137,0.618946,0.525191,0.507131,0.547481,0.619671,0.603709,0.554282,0.653460,0.592668,0.541007,0.522686,0.595478,0.513998,0.611767,0.530240,0.490137,0.662735,0.471680,0.561333,0.555824,0.573219,0.517397,0.586622,0.599535,0.515291,0.584753,0.555771,0.563661,0.681626,0.487203,0.509285,0.536993,0.583105,0.468151,0.384919,0.431314,0.534711,0.349652,0.542801,0.564487,0.646579,0.560271,0.494515,0.484494,0.438614,0.594565,0.546610,0.588117,0.641718,0.650417,0.556951,0.494218,0.604280,0.542884,0.649982,0.690183,0.669418,0.593832,0.535286,0.611220,0.576402,0.607145,0.535659,0.597072,0.541823,0.624284,0.468322,0.592357,0.571029,0.577286,0.602437,0.548349,0.474413,0.642904,0.602855,0.598419,0.500901,0.513936,0.574157,0.555470,0.549134,0.646241,0.509161,0.640575,0.636745,0.571679,0.542954,0.529502,0.501333,0.498934,0.507823,0.561962,0.596563,0.594088,0.601533,0.587849,0.636474,0.518973,0.542563,0.523405,0.557861,0.381602,0.509071,0.574943,0.559384,0.549696,0.574947,0.512374,0.591474,0.671010,0.585975,0.607739,0.571739,0.559007,0.557010,0.632134,0.616920,0.565424,0.647892,0.620058,0.545376,0.553822,0.566550,0.488168,0.520192,0.651075,0.511265,0.650580,0.599016,0.509208,0.602161,0.643601,0.603150,0.619844,0.614345,0.635452,0.539682,0.508810,0.593491,0.627462,0.477246,0.654777,0.477648,0.629071,0.530990,0.599363,0.535071,0.592588,0.574348,0.614755,0.671574,0.600082,0.600074,0.585935,0.521478,0.568771,0.577478,0.530422,0.532672,0.674803,0.402472,0.583570,0.545093,0.616299,0.598417,0.578443,0.605725,0.585700,0.567619,0.570059,0.649168,0.618805,0.475008,0.533612,0.568346,0.581819,0.563458,0.532386,1.000000,0.641273,0.672333,0.538162,0.534857
art_0913,0.545056,0.621983,0.599600,0.629565,0.440332,0.573952,0.630804,0.604663,0.527900,0.545011,0.510031,0.619810,0.422094,0.564059,0.281153,0.534669,0.396111,0.587374,0.532296,0.537653,0.588582,0.632560,0.604181,0.587865,0.643223,0.646651,0.644649,0.602507,0.548345,0.561558,0.554789,0.575492,0.414169,0.675087,0.418204,0.693386,0.494750,0.667431,0.619240,0.609884,0.522337,0.622955,0.474017,0.598637,0.543987,0.636354,0.403863,0.577752,0.541269,0.616050,0.449877,0.450398,0.402865,0.514266,0.390607,0.490266,0.485897,0.544030,0.576321,0.410886,0.500266,0.449736,0.652877,0.397456,0.645802,0.608703,0.589785,0.458710,0.329722,0.522697,0.581404,0.507487,0.687522,0.641625,0.728999,0.552868,0.586181,0.528569,0.506110,0.456148,0.621574,0.654896,0.626000,0.468446,0.672815,0.698180,0.509966,0.589568,0.526360,0.611316,0.640434,0.643340,0.636655,0.514232,0.535004,0.640691,0.497757,0.549069,0.553855,0.552397,0.586019,0.636170,0.585519,0.543479,0.522008,0.667046,0.359277,0.538319,0.601117,0.622726,0.478934,0.605178,0.573572,0.576038,0.633852,0.735099,0.566756,0.500368,0.526567,0.553083,0.592739,0.602595,0.582780,0.592295,0.588496,0.668097,0.673889,0.502619,0.503250,0.590592,0.557859,0.498505,0.590978,0.651085,0.598612,0.599994,0.656889,0.530943,0.598285,0.615317,0.671314,0.563893,0.588368,0.645194,0.642289,0.610296,0.632223,0.628531,0.506664,0.554844,0.518593,0.474926,0.584163,0.560302,0.588714,0.538058,0.608721,0.320825,0.666348,0.308195,0.509924,0.480338,0.650189,0.627858,0.614924,0.628464,0.544097,0.482714,0.627020,0.626223,0.486426,0.625103,0.567663,0.531765,0.469157,0.529965,0.466939,0.541455,0.530926,0.566977,0.640930,0.656705,0.620679,0.560493,0.578663,0.496315,0.536295,0.537248,0.533236,0.424965,0.596551,0.546164,0.534187,0.618884,0.632779,0.641273,1.000000,0.559194,0.629161,0.615688
art_0918,0.539874,0.507421,0.586451,0.605417,0.560404,0.595737,0.579232,0.560647,0.504215,0.559753,0.566202,0.678204,0.589587,0.641130,0.427239,0.597719,0.629376,0.619622,0.542520,0.428873,0.581185,0.611224,0.678792,0.469917,0.648745,0.547127,0.510951,0.550349,0.542933,0.580720,0.657426,0.606721,0.563070,0.646968,0.537286,0.597748,0.635327,0.567898,0.557598,0.622511,0.572379,0.622691,0.692642,0.552464,0.596055,0.593735,0.521561,0.472701,0.522608,0.587758,0.583286,0.453536,0.531983,0.546244,0.358924,0.597065,0.578131,0.583546,0.577715,0.545459,0.538809,0.626651,0.531043,0.711318,0.556795,0.643191,0.597388,0.581689,0.678941,0.685668,0.655238,0.676178,0.596325,0.622801,0.607506,0.634448,0.648050,0.575370,0.668488,0.586064,0.638850,0.549897,0.638874,0.422334,0.565207,0.563791,0.540454,0.577430,0.501110,0.523558,0.635165,0.634951,0.652071,0.433646,0.454310,0.608193,0.602682,0.628255,0.594916,0.578482,0.609719,0.629233,0.595217,0.553847,0.541057,0.623356,0.395406,0.570457,0.508270,0.619189,0.640500,0.619607,0.674027,0.689726,0.624659,0.633881,0.549362,0.540634,0.404871,0.477651,0.600594,0.565595,0.569657,0.562399,0.516704,0.514038,0.654995,0.472404,0.592269,0.590835,0.547973,0.635867,0.597246,0.564276,0.572829,0.619771,0.663250,0.524920,0.514977,0.560303,0.524154,0.509894,0.592308,0.533370,0.625477,0.614305,0.525279,0.555888,0.659872,0.602740,0.691372,0.583861,0.625326,0.572878,0.619894,0.576704,0.621531,0.543197,0.651512,0.433656,0.598825,0.598928,0.516505,0.564648,0.593377,0.598876,0.653055,0.643864,0.639488,0.631991,0.578840,0.560128,0.612522,0.600325,0.634211,0.470523,0.680326,0.409847,0.583179,0.565442,0.650433,0.600848,0.633289,0.543606,0.629226,0.533975,0.597420,0.601900,0.598817,0.494144,0.618202,0.608792,0.701320,0.554825,0.621224,0.672333,0.559194,1.000000,0.564403,0.662759
art_0922,0.615783,0.632949,0.544170,0.815639,0.531811,0.685130,0.659285,0.526072,0.467278,0.621514,0.504785,0.655620,0.539669,0.589621,0.392165,0.559234,0.527241,0.540880,0.498811,0.615818,0.698600,0.719293,0.630300,0.566068,0.754716,0.643009,0.767451,0.756997,0.575159,0.608099,0.575879,0.611503,0.545339,0.582626,0.674415,0.791683,0.603963,0.609628,0.722796,0.637853,0.583515,0.847570,0.564734,0.772655,0.573844,0.622536,0.445382,0.768009,0.616740,0.523970,0.579093,0.635722,0.629155,0.492878,0.575649,0.604832,0.587136,0.674168,0.807222,0.420752,0.539623,0.657334,0.567725,0.429978,0.507976,0.547933,0.662107,0.569237,0.436613,0.535862,0.664648,0.620167,0.563718,0.592276,0.656323,0.479625,0.672607,0.498202,0.561946,0.519275,0.744182,0.671588,0.619189,0.508094,0.714917,0.677578,0.622470,0.688780,0.576181,0.831235,0.557512,0.663130,0.644004,0.375740,0.552233,0.729129,0.602461,0.804673,0.651759,0.682149,0.591346,0.755631,0.652961,0.739828,0.711391,0.756249,0.582059,0.704955,0.712502,0.687470,0.584319,0.651515,0.616924,0.589333,0.727087,0.682042,0.793010,0.619435,0.544192,0.729680,0.632717,0.674516,0.687317,0.766437,0.665368,0.691408,0.690110,0.488715,0.621773,0.565260,0.748998,0.609061,0.539656,0.587694,0.747485,0.707856,0.701033,0.717124,0.692414,0.783550,0.664995,0.704407,0.567312,0.664006,0.723247,0.752064,0.777001,0.680844,0.636778,0.506210,0.683951,0.601801,0.560510,0.711864,0.759912,0.557229,0.639646,0.515699,0.621484,0.469095,0.638689,0.594663,0.360550,0.710385,0.649061,0.810239,0.659377,0.602106,0.626999,0.810026,0.590890,0.697274,0.609954,0.635081,0.482013,0.739908,0.549497,0.754049,0.572049,0.718239,0.736267,0.761098,0.682886,0.527852,0.776922,0.687918,0.644681,0.602442,0.656784,0.409543,0.615586,0.535092,0.594960,0.725843,0.832450,0.538162,0.629161,0.564403,1.000000,0.690764
art_0927,0.647414,0.702980,0.626241,0.727449,0.578758,0.698475,0.724394,0.565190,0.428952,0.599389,0.581276,0.762684,0.510010,0.605498,0.413526,0.529697,0.557529,0.558088,0.460461,0.507214,0.656936,0.692948,0.711535,0.554670,0.736836,0.636525,0.611955,0.675118,0.539805,0.535921,0.557262,0.683853,0.581399,0.578659,0.674734,0.753431,0.588129,0.710539,0.620190,0.596107,0.581486,0.752160,0.539757,0.676753,0.579101,0.653109,0.458483,0.594785,0.593795,0.498339,0.550276,0.566950,0.563351,0.445457,0.404727,0.615262,0.567443,0.604908,0.677904,0.373173,0.419721,0.762802,0.617114,0.611108,0.541200,0.566442,0.613839,0.555952,0.532664,0.591316,0.630833,0.583850,0.628746,0.616779,0.762647,0.528194,0.590027,0.631694,0.616579,0.554057,0.767383,0.715322,0.676951,0.418359,0.647382,0.656117,0.548186,0.649232,0.444134,0.701014,0.632942,0.686865,0.722119,0.387856,0.542271,0.712000,0.595380,0.710907,0.588662,0.694004,0.616436,0.700716,0.630555,0.615936,0.676725,0.794437,0.423264,0.602185,0.610507,0.705974,0.504951,0.723975,0.721349,0.641408,0.716293,0.780131,0.726121,0.573342,0.599878,0.726537,0.646909,0.729020,0.557867,0.653153,0.586848,0.561194,0.694360,0.470865,0.519914,0.608678,0.672569,0.680929,0.505749,0.595010,0.618690,0.592386,0.718122,0.652927,0.639162,0.736188,0.743518,0.656502,0.537540,0.680456,0.642243,0.698446,0.683354,0.690194,0.618521,0.556405,0.605287,0.512887,0.506796,0.710631,0.731985,0.610537,0.572418,0.425944,0.696576,0.420090,0.572193,0.485823,0.438834,0.708256,0.588069,0.723739,0.637029,0.537416,0.674028,0.667666,0.583702,0.745883,0.609977,0.654741,0.433657,0.642913,0.451679,0.577584,0.597574,0.654267,0.689461,0.707107,0.683458,0.527490,0.747731,0.573464,0.595114,0.501979,0.635756,0.497817,0.665648,0.625376,0.608588,0.722862,0.766209,0.534857,0.615688,0.662759,0.690764,1.000000
